ID,WAVELENGTH,FLUX,FLUX_ERR
3590-55201-0554,[ 3585.915   3586.74    3587.5671 ... 10358.569  10360.958  10363.348 ],"[1.1434797e-16 1.2691088e-16 2.6911261e-17 ... 1.3756483e-17 2.1065890e-17
 2.8375531e-17]","[4.8041105e-17 4.8787801e-17 4.5873207e-17 ... 3.6044269e-17 0.0000000e+00
 4.0715014e-17]"
3662-55182-0546,[ 3571.9065  3572.7283  3573.552  ... 10351.419  10353.806  10356.193 ],"[-4.0289777e-17  4.1570349e-17  2.8409124e-17 ... -4.5516304e-18
 -3.9516229e-18 -3.3515929e-18]","[1.5933457e-17 1.6203161e-17 1.6405007e-17 ... 2.7913683e-17 0.0000000e+00
 3.0741903e-17]"
3663-55176-0766,[ 3575.1963  3576.0208  3576.8435 ... 10356.193  10358.569  10360.958 ],"[ 9.767116e-19 -2.910511e-17  9.690154e-18 ... -6.269629e-17 -7.046239e-17
 -7.822878e-17]","[3.5688228e-17 3.5444372e-17 3.4350263e-17 ... 1.2218367e-16 0.0000000e+00
 1.1635901e-16]"
3667-55186-0806,[ 3576.8435  3577.6682  3578.4915 ... 10344.272  10346.657  10349.043 ],"[ 5.5718032e-17  2.0812542e-17  1.8783775e-17 ...  1.0218239e-17
  2.9756562e-17 -4.0699118e-18]","[3.4952255e-17 3.4394554e-17 3.2974516e-17 ... 2.4371232e-17 2.5944611e-17
 3.7499767e-17]"
3670-55480-0196,[ 3566.1538  3566.9744  3567.7969 ... 10303.861  10306.237  10308.603 ],"[ 8.27473848e-18 -6.69256481e-17 -6.33191637e-20 ...  2.20569530e-17
 -1.26883525e-17 -1.17943175e-17]","[3.2827678e-17 2.9597161e-17 3.0848311e-17 ... 1.6037442e-17 1.5144969e-17
 2.4720048e-17]"
3684-55246-0926,[ 3579.3167  3580.14    3580.9636 ... 10344.272  10346.657  10349.043 ],"[-3.8489164e-17  2.6469626e-17  2.3284969e-17 ... -2.2228165e-18
  6.5469104e-18  5.6218838e-18]","[2.8505898e-17 2.8397888e-17 2.8344889e-17 ... 2.6635705e-17 3.2754053e-17
 3.5938460e-17]"
3691-55274-0169,[ 3566.1538  3566.9744  3567.7969 ... 10315.736  10318.104  10320.482 ],"[ 9.5964704e-17  4.1161652e-17  1.4019381e-16 ... -4.5720023e-17
 -2.9746626e-17  8.4209385e-18]","[8.5240108e-17 4.1037982e-17 4.5078551e-17 ... 8.7325126e-17 6.7769041e-17
 5.5421723e-17]"
3694-55209-0754,[ 3575.1963  3576.0208  3576.8435 ... 10351.419  10353.806  10356.193 ],"[ 8.8926250e-17  1.0255908e-16  8.1623761e-17 ... -2.2585798e-17
 -1.2848034e-17 -3.1101807e-18]","[3.9303669e-17 3.9013573e-17 3.7877692e-17 ... 2.7390451e-17 0.0000000e+00
 2.1960725e-17]"
3745-55234-0896,[ 3571.9065  3572.7283  3573.552  ... 10344.272  10346.657  10349.043 ],"[-1.21855285e-17  1.07348621e-16  8.32150843e-17 ...  8.93086807e-18
 -3.03083476e-17  4.48671334e-17]","[5.6408225e-17 6.0421401e-17 6.3162638e-17 ... 1.4637107e-17 1.9328655e-17
 2.8584973e-17]"
3754-55488-0926,[ 3590.8735  3591.6995  3592.526  ... 10363.348  10365.737  10368.116 ],"[ 1.2250852e-16 -2.0851085e-18  3.1482061e-17 ...  1.2148825e-17
  1.5573611e-17  4.3229580e-18]","[2.3801399e-17 2.3605596e-17 2.3255435e-17 ... 3.0131559e-17 1.8562229e-17
 1.5220408e-17]"
3756-55505-0496,[ 3566.9744  3567.7969  3568.6177 ... 10327.612  10329.994  10332.376 ],"[8.8919219e-18 7.6300959e-18 6.3674395e-18 ... 1.1604271e-17 5.5629921e-17
 3.2813914e-17]","[2.0380476e-17 0.0000000e+00 1.9031022e-17 ... 2.8973070e-17 3.2046195e-17
 3.5957746e-17]"
3763-55508-0978,[ 3589.22    3590.0457  3590.8735 ... 10389.631  10392.016  10394.412 ],"[ 7.7438425e-17  1.6737148e-17  2.5468693e-17 ...  6.1204139e-17
  2.3698404e-17 -7.6488293e-17]","[3.9598757e-17 3.8350164e-17 3.9273391e-17 ... 3.1136150e-17 3.4568841e-17
 3.4205361e-17]"
3765-55508-0039,[ 3571.083   3571.9065  3572.7283 ... 10329.994  10332.376  10334.747 ],"[ 1.9681831e-17  4.9585421e-17  7.9488894e-17 ...  5.8916179e-18
  1.1558832e-17 -2.6502447e-17]","[3.5606198e-17 0.0000000e+00 3.5750250e-17 ... 1.8235652e-17 1.8930177e-17
 2.1986274e-17]"
3765-55508-0468,[ 3573.552   3574.374   3575.1963 ... 10329.994  10332.376  10334.747 ],"[ 7.2806532e-17  4.1768078e-17  1.0741351e-17 ...  2.0733854e-17
  6.5470386e-18 -1.5218515e-17]","[2.5879566e-17 0.0000000e+00 2.3186399e-17 ... 1.6173082e-17 1.7335393e-17
 1.7597502e-17]"
3772-55277-0770,[ 3580.14    3580.9636  3581.7893 ... 10351.419  10353.806  10356.193 ],"[ 6.2762580e-17 -1.6474829e-17 -1.0188307e-16 ... -3.9391143e-18
 -1.4399415e-17 -2.4859858e-17]","[9.5927772e-17 8.9824635e-17 8.4697498e-17 ... 2.7556038e-17 0.0000000e+00
 2.5579770e-17]"
3774-55244-0614,[ 3582.6133  3583.4395  3584.264  ... 10363.348  10365.737  10368.116 ],"[ 1.1109797e-17 -6.1123936e-17 -1.9986395e-19 ...  9.0357819e-18
  1.9699369e-17 -7.3173001e-18]","[7.6392525e-17 5.4544300e-17 5.2675546e-17 ... 1.2455221e-17 1.2150599e-17
 1.1842778e-17]"
3784-55269-0154,[ 3563.69    3564.5117  3565.3318 ... 10315.736  10318.104  10320.482 ],"[ 7.5054081e-17  7.2170264e-17  6.9286799e-17 ... -5.8522499e-17
 -1.3984273e-16  9.9748751e-17]","[4.4416929e-17 0.0000000e+00 2.8713864e-17 ... 1.6735085e-16 1.2869647e-16
 1.0314611e-16]"
3790-55208-0796,[ 3580.14    3580.9636  3581.7893 ... 10349.043  10351.419  10353.806 ],"[ 2.87752610e-17  2.70423391e-17  2.35365624e-17 ... -1.33284985e-17
 -1.29241718e-17 -4.15459966e-17]","[3.2779166e-17 3.2049738e-17 3.0410865e-17 ... 2.5201660e-17 2.6320311e-17
 3.5087685e-17]"
3791-55501-0884,[ 3587.5671  3588.3923  3589.22   ... 10392.016  10394.412  10396.809 ],"[ 6.2101337e-18  4.3262582e-17  5.2115307e-17 ...  1.2378346e-17
 -1.2607746e-17 -3.7594978e-17]","[3.4342706e-17 3.4713756e-17 3.3412608e-17 ... 4.9184093e-17 0.0000000e+00
 4.0292107e-17]"
3801-55509-0412,[ 3570.2617  3571.083   3571.9065 ... 10327.612  10329.994  10332.376 ],"[ 6.3051532e-18  1.7665294e-17  2.9023362e-17 ...  1.1221715e-18
  1.6949905e-17 -1.8461482e-17]","[2.7602895e-17 0.0000000e+00 2.7512217e-17 ... 1.5930584e-17 1.6715419e-17
 1.7485043e-17]"
3802-55514-0782,[ 3590.8735  3591.6995  3592.526  ... 10392.016  10394.412  10396.809 ],"[ 7.2685378e-18 -2.5094233e-17  1.9058382e-17 ...  1.5692698e-17
 -1.7556176e-18 -1.9203435e-17]","[2.8980941e-17 2.8076456e-17 2.9191081e-17 ... 3.4167605e-17 0.0000000e+00
 2.3871551e-17]"
3814-55535-0054,[ 3557.1323  3557.9507  3558.771  ... 10310.9795 10313.357  10315.736 ],"[ 2.8675046e-17  7.1126523e-18 -1.4450696e-17 ...  4.5965048e-16
  8.7027707e-16  3.6555613e-17]","[3.0527772e-17 0.0000000e+00 2.7141753e-17 ... 0.0000000e+00 4.6566917e-16
 1.2240195e-16]"
3818-55532-0068,[ 3557.1323  3557.9507  3558.771  ... 10315.736  10318.104  10320.482 ],"[-3.0403500e-17 -1.0859778e-17  3.1387673e-17 ...  5.7652576e-17
 -1.2332364e-16 -2.0429796e-18]","[2.4168345e-17 2.1280541e-17 2.2136180e-17 ... 6.3357787e-17 3.6857368e-17
 1.9697434e-17]"
3819-55540-0540,[ 3592.526   3593.3542  3594.181  ... 10387.236  10389.631  10392.016 ],"[ 2.7300011e-17  2.9709118e-18 -4.4298192e-17 ...  1.4027101e-17
 -2.0993813e-17 -5.6015506e-17]","[3.1201514e-17 3.0937270e-17 3.0276925e-17 ... 2.9878250e-17 0.0000000e+00
 9.0203722e-17]"
3819-55540-0802,[ 3592.526   3593.3542  3594.181  ... 10387.236  10389.631  10392.016 ],"[-1.0013370e-17  3.4869898e-17  5.9688089e-17 ...  8.5410078e-17
  1.4734568e-17 -5.5942370e-17]","[3.7482872e-17 3.8726687e-17 3.9053873e-17 ... 3.5325023e-17 0.0000000e+00
 8.7074888e-17]"
3828-55539-0803,[ 3590.8735  3591.6995  3592.526  ... 10363.348  10365.737  10368.116 ],"[ 3.0404029e-17 -1.8457518e-19  4.0329174e-17 ...  3.2071864e-18
  1.0523810e-17  4.4526313e-18]","[3.5293014e-17 3.1082089e-17 3.0958058e-17 ... 2.2376850e-17 2.6199139e-17
 1.4789035e-17]"
3830-55574-0381,[ 3553.0396  3553.857   3554.6765 ... 10313.357  10315.736  10318.104 ],"[ 2.0351237e-17  5.4908507e-17  8.9454872e-17 ...  3.6090409e-16
  1.0485340e-16 -7.7872338e-17]","[2.9740775e-16 0.0000000e+00 2.4253240e-16 ... 1.7110320e-16 8.4574738e-17
 2.9521805e-17]"
3837-55572-0639,[ 3585.915   3586.74    3587.5671 ... 10389.631  10392.016  10394.412 ],"[ 5.4991484e-18  4.9872211e-17  5.5654449e-18 ...  1.1814729e-16
  9.7234626e-19 -1.1620487e-16]","[5.81399511e-17 5.74116285e-17 5.37251922e-17 ... 1.10505765e-16
 0.00000000e+00 1.91532265e-17]"
3840-55574-0495,[ 3556.3142  3557.1323  3557.9507 ... 10322.862  10325.231  10327.612 ],"[2.1467228e-17 1.7616841e-17 2.9830657e-17 ... 5.3138867e-17 8.8823230e-17
 3.2552839e-17]","[6.3594545e-17 2.6308499e-17 2.6540509e-17 ... 5.1006025e-17 3.7092443e-17
 3.4776079e-17]"
3840-55574-0826,[ 3591.6995  3592.526   3593.3542 ... 10396.809  10399.206  10401.593 ],"[-6.2273412e-17  5.2395342e-20  7.9084184e-17 ... -9.7117125e-18
  6.2791869e-17  1.3530180e-16]","[3.2929375e-17 3.3870584e-17 3.4799141e-17 ... 4.9294872e-17 0.0000000e+00
 5.1423201e-17]"
3843-55278-0627,[ 3582.6133  3583.4395  3584.264  ... 10358.569  10360.958  10363.348 ],"[1.09533784e-17 3.04449549e-17 5.46972849e-17 ... 2.99772669e-17
 3.68481666e-17 4.37190729e-17]","[1.0235536e-16 9.7363909e-17 6.3506050e-17 ... 3.9268418e-17 0.0000000e+00
 2.4776375e-17]"
3848-55647-0395,[ 3557.1323  3557.9507  3558.771  ... 10320.482  10322.862  10325.231 ],"[2.7003979e-16 2.1440651e-16 1.5879894e-16 ... 1.6234458e-17 3.7645555e-17
 4.3466796e-17]","[7.1933717e-17 0.0000000e+00 7.0771509e-17 ... 2.2451439e-17 1.5877954e-17
 1.7162237e-17]"
3851-55302-0325,[ 3574.374   3575.1963  3576.0208 ... 10322.862  10325.231  10327.612 ],"[8.25785788e-17 7.95547902e-17 7.65320936e-17 ... 3.19903010e-16
 2.85681846e-16 1.03895956e-16]","[3.4685979e-17 0.0000000e+00 2.9820788e-17 ... 1.6605241e-17 1.9498732e-17
 1.4537944e-17]"
3851-55302-0657,[ 3588.3923  3589.22    3590.0457 ... 10365.737  10368.116  10370.507 ],"[ 5.26419429e-17  1.10189805e-17  3.81448384e-17 ...  1.41302698e-17
 -1.26016943e-16 -1.78030563e-16]","[3.8150142e-17 3.5027403e-17 3.4359835e-17 ... 4.6902994e-17 4.8551968e-17
 4.8957856e-17]"
3857-55272-0595,[ 3583.4395  3584.264   3585.0903 ... 10341.888  10344.272  10346.657 ],"[ 7.6192301e-17  7.8413036e-17  6.0885251e-17 ...  1.2668347e-17
  2.3680158e-17 -5.7334092e-17]","[2.8066665e-17 2.7785400e-17 2.4162915e-17 ... 3.6125128e-17 2.5039521e-17
 2.1960206e-17]"
3857-55272-0747,[ 3583.4395  3584.264   3585.0903 ... 10341.888  10344.272  10346.657 ],"[5.1799477e-18 7.3011256e-17 2.5782416e-17 ... 3.5643730e-18 2.2046047e-17
 8.4145237e-18]","[3.8541405e-17 3.8763940e-17 3.7569091e-17 ... 3.4763149e-17 2.5198873e-17
 2.3438421e-17]"
3864-55649-0861,[ 3591.6995  3592.526   3593.3542 ... 10389.631  10392.016  10394.412 ],"[ 7.6925494e-17  3.5093018e-17  6.0053862e-17 ... -1.2870325e-16
 -1.4567388e-16 -1.6264545e-16]","[3.2639726e-17 2.8921543e-17 2.7215008e-17 ... 0.0000000e+00 0.0000000e+00
 5.0892559e-17]"
3866-55623-0844,[ 3590.8735  3591.6995  3592.526  ... 10358.569  10360.958  10363.348 ],"[ 3.8912809e-18  1.3037698e-16 -2.1745445e-18 ...  4.7442181e-20
 -9.5042440e-18 -1.9056132e-17]","[4.5856465e-17 4.6985930e-17 4.6225910e-17 ... 3.1198172e-17 0.0000000e+00
 2.4903505e-17]"
3867-55652-0934,[ 3590.0457  3590.8735  3591.6995 ... 10363.348  10365.737  10368.116 ],"[ 3.8660139e-18  7.1620156e-17  6.9613853e-17 ... -7.4397327e-18
 -2.8294540e-17 -7.7182388e-19]","[1.2932535e-16 6.8930813e-17 5.4485040e-17 ... 4.1082190e-17 2.8088026e-17
 3.5099633e-17]"
3871-55307-0203,[ 3574.374   3575.1963  3576.0208 ... 10322.862  10325.231  10327.612 ],"[ 1.0544237e-16  8.7478294e-17  6.9525715e-17 ... -1.1349894e-18
 -2.3440194e-17  8.8471987e-18]","[3.7717007e-17 0.0000000e+00 3.4964981e-17 ... 1.3369269e-17 1.7008028e-17
 1.7299250e-17]"
3873-55277-0544,[ 3581.7893  3582.6133  3583.4395 ... 10363.348  10365.737  10368.116 ],"[ 3.5719230e-17  3.2926596e-17  1.2643853e-18 ... -3.7825011e-17
 -4.4128461e-17 -5.0432070e-17]","[3.6168499e-17 3.4236251e-17 3.4690645e-17 ... 2.8330023e-17 0.0000000e+00
 2.6943972e-17]"
3879-55244-0315,[ 3565.3318  3566.1538  3566.9744 ... 10303.861  10306.237  10308.603 ],"[ 5.8870941e-17  1.9541726e-16  7.9448812e-17 ... -7.3957087e-17
 -2.6628312e-17  4.7559851e-17]","[3.7557431e-17 3.1404266e-17 2.6911810e-17 ... 4.9920082e-17 3.4659824e-17
 2.0077275e-17]"
3926-55327-0834,[ 3585.915   3586.74    3587.5671 ... 10396.809  10399.206  10401.593 ],"[8.9327284e-18 3.1237041e-18 1.9933099e-17 ... 6.7219277e-17 4.2136044e-17
 1.7052297e-17]","[2.9338879e-17 2.9082582e-17 2.9483493e-17 ... 4.9446246e-17 0.0000000e+00
 5.4687726e-17]"
3927-55333-0390,[ 3569.4385  3570.2617  3571.083  ... 10306.237  10308.603  10310.9795],"[ 1.7595865e-16  1.5880154e-16  1.4165354e-16 ... -3.4303966e-18
 -3.1166094e-17  9.4512631e-17]","[3.2412480e-17 0.0000000e+00 3.1669238e-17 ... 3.0162281e-17 1.3292986e-17
 2.0608188e-17]"
3942-55338-0939,[ 3585.0903  3585.915   3586.74   ... 10382.458  10384.841  10387.236 ],"[1.3319718e-16 1.3655962e-16 9.0754690e-17 ... 1.9255567e-17 1.7605006e-17
 1.5954438e-17]","[4.9492175e-17 4.8950279e-17 4.5204537e-17 ... 1.8247613e-17 0.0000000e+00
 2.3947425e-17]"
3947-55332-0830,[ 3582.6133  3583.4395  3584.264  ... 10384.841  10387.236  10389.631 ],"[ 5.3787287e-17  5.1855082e-17  2.3806498e-17 ... -2.5513587e-17
 -1.6225743e-17  2.4712393e-18]","[4.7931047e-17 4.5225435e-17 4.1486400e-17 ... 3.8171646e-17 4.4968906e-17
 3.3181239e-17]"
3949-55650-0400,[ 3553.0396  3553.857   3554.6765 ... 10320.482  10322.862  10325.231 ],"[-1.04044445e-16  6.30218858e-18  4.61424540e-17 ...  1.56621338e-17
  1.90795230e-17  3.13425124e-18]","[4.8041082e-17 4.2299469e-17 4.4212781e-17 ... 2.1832294e-17 1.7127324e-17
 1.4061220e-17]"
3953-55322-0495,[ 3571.083   3571.9065  3572.7283 ... 10306.237  10308.603  10310.9795],"[-3.4162477e-17 -1.3461504e-18  3.1463337e-17 ...  2.5371125e-17
 -2.3758821e-17  7.0811782e-17]","[3.7201962e-17 0.0000000e+00 3.7656180e-17 ... 2.0612355e-17 7.7285958e-18
 1.2256545e-17]"
3954-55680-0189,[ 3557.9507  3558.771   3559.5898 ... 10325.231  10327.612  10329.994 ],"[ 2.5512149e-17  5.4102754e-17  8.2691744e-17 ... -1.5187125e-17
  5.6759055e-19  1.7988085e-17]","[3.8958890e-17 0.0000000e+00 3.2358819e-17 ... 1.5743833e-17 1.6756401e-17
 1.7144544e-17]"
3956-55656-0982,[ 3588.3923  3589.22    3590.0457 ... 10389.631  10392.016  10394.412 ],"[ 1.27161715e-17 -2.46008725e-17  2.10715394e-17 ...  9.65272874e-18
 -2.17299966e-17 -5.31145906e-17]","[2.87546576e-17 2.79675191e-17 2.82856958e-17 ... 1.12636266e-17
 0.00000000e+00 1.69509706e-17]"
3961-55654-0019,[ 3556.3142  3557.1323  3557.9507 ... 10318.104  10320.482  10322.862 ],"[-3.2806211e-17  3.0119975e-17  7.1226398e-17 ... -6.7109891e-17
 -1.2038901e-18  2.8308208e-17]","[4.8094958e-17 3.9586141e-17 4.0378808e-17 ... 3.0213685e-17 3.6851899e-17
 3.5436897e-17]"
3964-55648-0873,[ 3587.5671  3588.3923  3589.22   ... 10387.236  10389.631  10392.016 ],"[-4.2267923e-17  1.9364053e-17 -1.0211363e-17 ...  1.4996194e-16
  4.7041014e-17 -5.5882562e-17]","[3.3774453e-17 3.0724635e-17 3.0660237e-17 ... 7.2462008e-17 0.0000000e+00
 3.2606288e-17]"
3977-55335-0325,[ 3573.552   3574.374   3575.1963 ... 10308.603  10310.9795 10313.357 ],"[ 4.6341308e-17  1.0850099e-17  4.6133782e-18 ...  9.2209396e-17
  4.2428643e-16 -1.1369747e-16]","[7.7630702e-17 3.7788979e-17 3.6881767e-17 ... 2.0057583e-16 8.7113560e-17
 3.9966145e-17]"
3981-55603-0460,[ 3555.4944  3556.3142  3557.1323 ... 10329.994  10332.376  10334.747 ],"[ 2.4331080e-16  2.8158276e-16  3.1986129e-16 ...  1.0647741e-17
  1.0958378e-18 -6.1513940e-18]","[2.4668349e-17 0.0000000e+00 2.4554314e-17 ... 1.9619189e-17 2.2137984e-17
 2.1392689e-17]"
4006-55328-0874,[ 3580.14    3580.9636  3581.7893 ... 10377.672  10380.064  10382.458 ],"[ 1.3921415e-16  6.2192057e-17 -3.4222619e-17 ... -2.6459678e-18
 -1.2025232e-18  2.4094104e-19]","[4.9846261e-17 4.6844883e-17 4.3093311e-17 ... 4.9387586e-17 0.0000000e+00
 2.7633978e-17]"
4019-55363-0316,[ 3571.083   3571.9065  3572.7283 ... 10308.603  10310.9795 10313.357 ],"[ 5.5238486e-17  4.9174355e-17  4.3115109e-17 ...  4.7327926e-17
  9.8011651e-17 -8.2604579e-17]","[4.9633335e-17 0.0000000e+00 3.8350333e-17 ... 1.3494122e-17 1.7793270e-17
 2.4202281e-17]"
4019-55363-0436,[ 3571.083   3571.9065  3572.7283 ... 10308.603  10310.9795 10313.357 ],"[ 1.8086789e-17  2.1463767e-18 -1.3774212e-17 ...  3.1656364e-17
  6.9462419e-17 -9.8360490e-17]","[6.7996596e-17 0.0000000e+00 4.4106190e-17 ... 1.3716820e-17 2.1316297e-17
 3.2364537e-17]"
4026-55325-0860,[ 3583.4395  3584.264   3585.0903 ... 10380.064  10382.458  10384.841 ],"[-6.6185599e-18  2.6375474e-17  1.4373077e-17 ... -5.0037336e-17
 -3.3718982e-17 -1.7400798e-17]","[3.4668999e-17 3.6317927e-17 3.3666810e-17 ... 5.5928275e-17 0.0000000e+00
 4.3425093e-17]"
4037-55631-0306,[ 3555.4944  3556.3142  3557.1323 ... 10325.231  10327.612  10329.994 ],"[1.5457519e-16 2.0652159e-16 1.1104845e-16 ... 2.4862634e-18 1.7986675e-17
 3.4325051e-17]","[4.5585235e-17 4.5931139e-17 4.2547160e-17 ... 1.9551621e-17 2.0598510e-17
 2.3962317e-17]"
4042-55626-0067,[ 3553.857   3554.6765  3555.4944 ... 10327.612  10329.994  10332.376 ],"[ 2.2201047e-16  1.2258098e-16  2.3173021e-17 ... -8.0166929e-18
  3.9164702e-17 -2.7080697e-17]","[1.1402664e-16 0.0000000e+00 6.8357868e-17 ... 1.9158264e-17 2.2526586e-17
 2.3200170e-17]"
4042-55626-0160,[ 3553.0396  3553.857   3554.6765 ... 10327.612  10329.994  10332.376 ],"[-2.3753922e-17 -5.2165487e-17 -4.9278425e-17 ...  1.5769687e-17
  6.5589176e-17  2.6711589e-18]","[9.4820051e-17 4.2472508e-17 4.2788534e-17 ... 2.8331101e-17 3.3532413e-17
 4.0172152e-17]"
4046-55605-0751,[ 3590.0457  3590.8735  3591.6995 ... 10356.193  10358.569  10360.958 ],"[ 7.9424857e-18  4.1851924e-17 -2.0422011e-17 ...  3.6496860e-17
 -3.0192542e-17 -8.0063056e-17]","[4.1841452e-17 4.2557890e-17 3.6807605e-17 ... 2.9874872e-17 3.2079364e-17
 3.2934504e-17]"
4051-55337-0958,[ 3592.526   3593.3542  3594.181  ... 10380.064  10382.458  10384.841 ],"[3.1066584e-17 3.5873738e-17 3.2554424e-17 ... 1.2363789e-17 2.9272271e-17
 4.6180329e-17]","[2.5538192e-17 2.6001185e-17 2.6037495e-17 ... 1.8792154e-17 0.0000000e+00
 3.0200020e-17]"
4055-55359-0798,[ 3583.4395  3584.264   3585.0903 ... 10377.672  10380.064  10382.458 ],"[ 2.1212842e-17 -2.8640755e-17  4.6821341e-17 ... -8.6475400e-17
 -4.3755512e-17 -1.0331973e-18]","[2.9770498e-17 2.8365701e-17 2.9545939e-17 ... 4.2018356e-17 0.0000000e+00
 2.2659081e-17]"
4057-55357-0258,[ 3576.0208  3576.8435  3577.6682 ... 10315.736  10318.104  10320.482 ],"[-3.8405076e-17 -5.1895793e-17 -6.5383426e-17 ... -1.7379104e-17
 -4.6959338e-17  8.9736019e-18]","[4.7721545e-17 0.0000000e+00 4.2710276e-17 ... 3.4810195e-17 2.3230856e-17
 1.2886858e-17]"
4057-55357-0574,[ 3588.3923  3589.22    3590.0457 ... 10368.116  10370.507  10372.898 ],"[ 2.9692479e-17  5.1518559e-17 -2.1630742e-17 ... -2.3653708e-17
 -2.7990691e-16  7.5964493e-16]","[4.3288221e-17 4.5699773e-17 4.3831265e-17 ... 6.5376471e-17 8.5327313e-17
 2.6360581e-16]"
4058-55358-0420,[ 3568.6177  3569.4385  3570.2617 ... 10306.237  10308.603  10310.9795],"[ 1.3154869e-17  1.7511753e-17  2.1868083e-17 ...  1.6000998e-17
 -1.1468780e-17  3.0453094e-17]","[3.45574355e-17 0.00000000e+00 3.07870139e-17 ... 2.04269705e-17
 1.04203118e-17 1.30251325e-17]"
4058-55358-0553,[ 3581.7893  3582.6133  3583.4395 ... 10358.569  10360.958  10363.348 ],"[ 8.6777440e-17  9.0556431e-17  9.0721451e-17 ... -2.6514646e-17
  5.3715928e-17  1.0256168e-16]","[7.8800474e-17 7.4759002e-17 7.0091057e-17 ... 5.2872710e-17 5.2306187e-17
 6.0204647e-17]"
4060-55359-0504,[ 3595.0098  3595.8367  3596.666  ... 10363.348  10365.737  10368.116 ],"[-1.1503909e-17  1.4423146e-17  2.7643453e-17 ...  4.4352627e-17
  8.6243393e-17 -8.1058122e-17]","[3.7754449e-17 3.9885395e-17 3.9911607e-17 ... 3.0076830e-17 4.8110674e-17
 6.8525151e-17]"
4086-55446-0416,[ 3566.1538  3566.9744  3567.7969 ... 10310.9795 10313.357  10315.736 ],"[-1.5126992e-16 -6.5125630e-17  2.1001171e-17 ...  2.5569982e-16
  2.6115880e-17 -1.5365728e-16]","[2.7179922e-17 0.0000000e+00 2.8041555e-17 ... 9.1227566e-17 4.4761340e-17
 2.4451614e-17]"
4087-55449-0760,[ 3588.3923  3589.22    3590.0457 ... 10387.236  10389.631  10392.016 ],"[ 1.9580097e-16 -6.6541869e-17  1.0008360e-16 ...  6.9290220e-17
  6.2537634e-17 -5.8382871e-17]","[4.4045955e-17 4.1066530e-17 4.2472892e-17 ... 3.5869493e-17 4.2768381e-17
 5.5729242e-17]"
4090-55500-0576,[ 3589.22    3590.0457  3590.8735 ... 10375.279  10377.672  10380.064 ],"[ 5.7663085e-17  4.6596788e-17 -7.0048053e-18 ...  1.2452256e-17
 -4.2207592e-17 -9.6868091e-17]","[3.4849271e-17 3.3891568e-17 3.0903322e-17 ... 6.8838255e-17 0.0000000e+00
 4.8641658e-17]"
4092-55477-0894,[ 3588.3923  3589.22    3590.0457 ... 10360.958  10363.348  10365.737 ],"[ 5.0309012e-17  1.4194868e-17  8.6597861e-18 ... -3.1572560e-18
  1.2562726e-17  9.6557537e-19]","[3.2056150e-17 3.0944291e-17 3.0637566e-17 ... 1.3930744e-17 1.6096905e-17
 9.7477155e-18]"
4095-55497-0014,[ 3562.8704  3563.69    3564.5117 ... 10306.237  10308.603  10310.9795],"[ 5.4661587e-17  6.5670253e-17 -3.1398833e-17 ...  1.1452272e-16
 -2.7181928e-17 -3.5766235e-18]","[6.1635199e-17 4.9549138e-17 4.5542890e-17 ... 4.6256985e-17 3.4330623e-17
 3.8224939e-17]"
4180-55679-0087,[ 3555.4944  3556.3142  3557.1323 ... 10327.612  10329.994  10332.376 ],"[ 1.3860236e-16  7.7111676e-17 -3.9089264e-17 ...  4.9518559e-18
  1.6868395e-18 -1.0275430e-17]","[8.9546351e-17 4.2930227e-17 2.9137500e-17 ... 1.6347461e-17 1.5980804e-17
 1.9556006e-17]"
4181-55685-0071,[ 3557.1323  3557.9507  3558.771  ... 10296.748  10299.122  10301.486 ],"[3.0020575e-17 4.4194907e-17 5.8365480e-17 ... 1.7947842e-16 3.2612346e-16
 2.3974524e-16]","[3.3437248e-17 0.0000000e+00 2.7308609e-17 ... 2.3308608e-16 3.1766361e-16
 3.9194393e-16]"
4221-55443-0592,[ 3588.3923  3589.22    3590.0457 ... 10394.412  10396.809  10399.206 ],"[ 1.2115737e-17 -1.6357291e-17  1.4544927e-17 ...  6.6642858e-17
  7.0294986e-17  7.3947240e-17]","[3.2565810e-17 3.1136951e-17 3.3165066e-17 ... 0.0000000e+00 0.0000000e+00
 1.5317535e-17]"
4228-55484-0546,[ 3588.3923  3589.22    3590.0457 ... 10377.672  10380.064  10382.458 ],"[-6.3381139e-17 -4.4843016e-17 -1.7493331e-17 ...  4.7347607e-17
 -1.0707017e-17  5.2692418e-18]","[4.6101320e-17 4.5395957e-17 4.6218144e-17 ... 5.7556101e-17 4.9574029e-17
 3.9567076e-17]"
4228-55484-0840,[ 3591.6995  3592.526   3593.3542 ... 10389.631  10392.016  10394.412 ],"[-1.5992553e-17  4.4827280e-19  2.4863059e-17 ...  3.9962118e-17
 -8.6197031e-17 -2.1947393e-16]","[3.9614738e-17 3.9150885e-17 4.0153259e-17 ... 7.3839244e-17 4.5487661e-17
 3.1734268e-17]"
4232-55447-0200,[ 3568.6177  3569.4385  3570.2617 ... 10332.376  10334.747  10337.131 ],"[ 4.1363643e-17  6.4675029e-17  1.1290174e-16 ...  9.0955581e-18
 -1.2837042e-17 -4.1149049e-17]","[4.2179025e-17 4.2668338e-17 4.4961075e-17 ... 1.7546918e-17 2.5294872e-17
 2.0191957e-17]"
4233-55449-0498,[ 3566.9744  3567.7969  3568.6177 ... 10320.482  10322.862  10325.231 ],"[1.0643135e-16 6.5713087e-17 2.4989121e-17 ... 2.1175534e-17 3.4814268e-17
 3.6642751e-17]","[3.2549468e-17 0.0000000e+00 3.0493497e-17 ... 2.6599104e-17 1.9016613e-17
 1.7764296e-17]"
4233-55449-0623,[ 3589.22    3590.0457  3590.8735 ... 10394.412  10396.809  10399.206 ],"[-9.4744498e-18 -3.2063612e-17  2.2414422e-17 ... -2.1689773e-16
 -4.2823885e-17  1.3125735e-16]","[2.2630573e-17 2.1932194e-17 2.2630181e-17 ... 3.5891086e-17 0.0000000e+00
 2.1019126e-17]"
4256-55477-0284,[ 3566.9744  3567.7969  3568.6177 ... 10306.237  10308.603  10310.9795],"[ 7.5468908e-17  4.0384049e-17  5.2962584e-18 ... -1.4986410e-17
  1.5007607e-18  3.8551838e-17]","[4.1581132e-17 0.0000000e+00 3.9662480e-17 ... 1.4993416e-17 2.2011122e-17
 1.7230673e-17]"
4257-55480-0648,[ 3590.8735  3591.6995  3592.526  ... 10380.064  10382.458  10384.841 ],"[ 1.3084384e-16 -6.8370660e-17 -1.3706205e-17 ... -9.6187228e-17
  3.2212237e-18  7.5221687e-17]","[6.9488737e-17 6.7065614e-17 6.6948200e-17 ... 1.1916933e-16 8.4914590e-17
 5.1557704e-17]"
4258-55481-0208,[ 3564.5117  3565.3318  3566.1538 ... 10327.612  10329.994  10332.376 ],"[ 3.2426560e-16  1.8997626e-16  5.5794120e-17 ... -1.6333520e-17
  3.6302955e-17 -8.1786251e-18]","[1.1149745e-16 0.0000000e+00 5.0407890e-17 ... 2.1140435e-17 1.9141174e-17
 2.5698526e-17]"
4258-55481-0863,[ 3590.0457  3590.8735  3591.6995 ... 10394.412  10396.809  10399.206 ],"[-6.5306443e-18  3.5897918e-17  5.1178717e-17 ... -2.4521511e-16
  2.4811811e-16  7.4146194e-16]","[4.0815867e-17 3.9367911e-17 3.8594742e-17 ... 2.8224104e-16 0.0000000e+00
 3.4024122e-16]"
4259-55501-0662,[ 3591.6995  3592.526   3593.3542 ... 10399.206  10401.593  10403.991 ],"[ 1.1269997e-16  2.7948911e-17 -1.6932769e-17 ...  2.4955248e-16
  7.8139067e-17 -9.3284367e-17]","[4.4218905e-17 4.0333221e-17 3.8037057e-17 ... 1.9412633e-16 0.0000000e+00
 1.6521371e-16]"
4276-55505-0279,[ 3571.9065  3572.7283  3573.552  ... 10320.482  10322.862  10325.231 ],"[ 6.2863038e-18  4.7334345e-17  1.6400003e-16 ... -1.4286564e-17
  9.1594131e-18  8.4800604e-18]","[8.3041509e-17 4.0362443e-17 4.2562274e-17 ... 2.1904313e-17 1.4314149e-17
 1.3955983e-17]"
4279-55508-0792,[ 3590.0457  3590.8735  3591.6995 ... 10380.064  10382.458  10384.841 ],"[-2.72461035e-17 -5.24149977e-17  1.10581897e-17 ... -1.05133126e-17
  7.99000534e-19  1.21115512e-17]","[3.2592574e-17 3.0687646e-17 3.0363957e-17 ... 2.7134042e-17 0.0000000e+00
 3.2523177e-17]"
4289-55856-0311,[ 3553.0396  3553.857   3554.6765 ... 10334.747  10337.131  10339.515 ],"[-2.8187306e-16  2.3835459e-16  1.2183441e-16 ...  2.4866707e-17
 -6.8864467e-17  1.7767452e-17]","[4.4937609e-17 4.4511419e-17 4.3820955e-17 ... 2.7011644e-17 3.1173201e-17
 2.7607739e-17]"
4289-55856-0868,[ 3585.0903  3585.915   3586.74   ... 10351.419  10353.806  10356.193 ],"[ 4.0418401e-17 -6.2219959e-18 -5.1222815e-17 ... -3.4368564e-17
 -8.5058048e-18  1.7357922e-17]","[3.0824455e-17 2.7945956e-17 2.5760887e-17 ... 5.0516119e-17 0.0000000e+00
 3.5594075e-17]"
4290-55527-0943,[ 3585.0903  3585.915   3586.74   ... 10389.631  10392.016  10394.412 ],"[-2.8907511e-17  3.7166145e-17 -2.6493020e-17 ...  8.9405261e-17
 -1.3479989e-17 -1.1636795e-16]","[7.3161167e-17 7.3910937e-17 6.6311754e-17 ... 4.7374295e-17 0.0000000e+00
 2.9449774e-17]"
4292-55532-0900,[ 3590.0457  3590.8735  3591.6995 ... 10389.631  10392.016  10394.412 ],"[ 7.0258796e-17  3.0740193e-18 -1.6846683e-18 ...  3.9806210e-18
 -7.8115000e-17 -1.6021160e-16]","[6.6225139e-17 4.4814849e-17 3.4805848e-17 ... 2.8726275e-17 0.0000000e+00
 4.2220913e-17]"
4294-55500-0417,[ 3566.9744  3567.7969  3568.6177 ... 10325.231  10327.612  10329.994 ],"[ 9.1865931e-17 -1.1164627e-16  1.4727465e-16 ... -2.8177246e-17
 -4.4204131e-18  1.9086099e-18]","[6.3413505e-17 4.2235700e-17 4.3908716e-17 ... 2.6686235e-17 2.2691801e-17
 1.8469055e-17]"
4294-55500-0910,[ 3590.8735  3591.6995  3592.526  ... 10360.958  10363.348  10365.737 ],"[-1.0425128e-17  4.3089617e-18  8.6665690e-18 ...  1.4567620e-17
  5.3232327e-18  8.4008686e-18]","[2.7664700e-17 2.5638584e-17 2.5979043e-17 ... 2.9145229e-17 3.4612397e-17
 2.2824082e-17]"
4297-55806-0323,[ 3556.3142  3557.1323  3557.9507 ... 10322.862  10325.231  10327.612 ],"[ 2.9935852e-17  1.2153949e-16  2.1312572e-16 ...  1.4089334e-17
  4.2144923e-18 -4.9400769e-18]","[6.1020260e-17 0.0000000e+00 4.9902648e-17 ... 1.8896251e-17 1.6798807e-17
 2.1790121e-17]"
4297-55806-0373,[ 3556.3142  3557.1323  3557.9507 ... 10322.862  10325.231  10327.612 ],"[4.89250333e-17 1.00834184e-16 1.52741547e-16 ... 7.72349126e-18
 1.53026279e-17 2.02911176e-17]","[6.2997103e-17 0.0000000e+00 5.2601970e-17 ... 1.8002747e-17 1.7086231e-17
 2.3646419e-17]"
4304-55506-0699,[ 3590.0457  3590.8735  3591.6995 ... 10387.236  10389.631  10392.016 ],"[-1.3679901e-17  4.3659254e-18  2.3799566e-16 ...  2.9836961e-16
  8.4816433e-17 -1.2873691e-16]","[6.7071907e-17 6.5672953e-17 7.2202114e-17 ... 2.9768298e-16 0.0000000e+00
 4.9475337e-17]"
4307-55531-0465,[ 3550.5847  3551.4036  3552.2205 ... 10325.231  10327.612  10329.994 ],"[-1.3006948e-16  7.7871881e-17  2.0910418e-16 ... -3.0644491e-17
  3.2220283e-17 -1.0158329e-17]","[8.9129723e-17 8.9290382e-17 8.4979825e-17 ... 2.2790201e-17 2.4255253e-17
 2.4175450e-17]"
4316-55505-0781,[ 3588.3923  3589.22    3590.0457 ... 10380.064  10382.458  10384.841 ],"[ 3.84331025e-18  4.14022467e-18 -1.30138845e-17 ... -9.58862604e-17
  2.03902403e-17  1.36675092e-16]","[2.8383694e-17 2.7208849e-17 2.6099658e-17 ... 5.6448618e-17 0.0000000e+00
 7.5070677e-17]"
4317-55480-0057,[ 3562.8704  3563.69    3564.5117 ... 10320.482  10322.862  10325.231 ],"[ 2.7591812e-16  1.7506694e-16  7.4192225e-17 ...  3.8651867e-17
  5.6426377e-17 -3.0618001e-17]","[9.1390110e-17 0.0000000e+00 3.8738020e-17 ... 3.0735497e-17 2.3127489e-17
 2.8604647e-17]"
4319-55507-0554,[ 3588.3923  3589.22    3590.0457 ... 10375.279  10377.672  10380.064 ],"[ 3.5939429e-17  1.2918293e-17  2.3800685e-18 ... -1.1060617e-16
 -8.2633834e-17 -5.4661197e-17]","[3.5519026e-17 3.3876692e-17 3.2528838e-17 ... 1.3781090e-16 0.0000000e+00
 1.1976396e-16]"
4320-55894-0831,[ 3573.552   3574.374   3575.1963 ... 10356.193  10358.569  10360.958 ],"[ 1.3751535e-16 -4.2399568e-17  4.1945994e-18 ...  2.8577873e-17
 -8.9873794e-19 -3.0376028e-17]","[1.0159985e-16 3.5543683e-17 3.0105460e-17 ... 2.9327454e-17 0.0000000e+00
 2.1199650e-17]"
4322-55503-0675,[ 3589.22    3590.0457  3590.8735 ... 10392.016  10394.412  10396.809 ],"[ 3.0244625e-17  1.0374805e-16  2.8705202e-17 ... -1.1909013e-16
  1.2946094e-16  3.7801884e-16]","[4.7201705e-17 4.8369168e-17 4.6696579e-17 ... 6.2205775e-17 0.0000000e+00
 6.8811057e-17]"
4351-55538-0807,[ 3587.5671  3588.3923  3589.22   ... 10389.631  10392.016  10394.412 ],"[ 2.1617749e-16  1.3372199e-16  1.4719396e-16 ... -6.7770868e-17
 -2.9462668e-17  8.8464138e-18]","[5.3959920e-17 5.4339238e-17 5.4979320e-17 ... 3.2073985e-17 0.0000000e+00
 2.1572470e-17]"
4371-55830-0594,[ 3587.5671  3588.3923  3589.22   ... 10380.064  10382.458  10384.841 ],"[ 4.2271073e-17  4.3564701e-17  4.5789347e-17 ... -4.2018920e-16
 -1.4666120e-16  6.7078048e-17]","[3.2203514e-17 3.2988717e-17 3.0879721e-17 ... 2.8404464e-16 1.8118253e-16
 7.3945321e-17]"
4379-55881-0577,[ 3579.3167  3580.14    3580.9636 ... 10387.236  10389.631  10392.016 ],"[ 2.4277190e-16  1.8933959e-17  8.5167244e-17 ...  4.3124809e-18
 -1.5394086e-17 -3.5101982e-17]","[6.0825919e-17 5.7479073e-17 5.4108832e-17 ... 2.1723976e-17 0.0000000e+00
 1.6185162e-17]"
4380-55857-0198,[ 3553.857   3554.6765  3555.4944 ... 10334.747  10337.131  10339.515 ],"[ 1.0845283e-17  5.4349227e-17  8.6668392e-19 ... -1.6620658e-17
 -6.6418434e-17  1.2513473e-16]","[3.1244319e-17 2.4685485e-17 2.3614365e-17 ... 5.8322672e-17 6.0129056e-17
 6.1360900e-17]"
4382-55742-0798,[ 3594.181   3595.0098  3595.8367 ... 10389.631  10392.016  10394.412 ],"[ 2.1223759e-17  5.3768682e-17  2.8151246e-17 ...  4.8056077e-17
 -3.8215881e-18 -5.5699332e-17]","[4.2456355e-17 4.1722586e-17 3.9942590e-17 ... 3.9727605e-17 0.0000000e+00
 1.6212406e-16]"
4387-55534-0806,[ 3592.526   3593.3542  3594.181  ... 10360.958  10363.348  10365.737 ],"[ 6.1004773e-18  1.1130728e-17  9.0199339e-18 ... -5.8659009e-18
 -5.9524459e-18  3.0657319e-17]","[2.7693274e-17 2.8434466e-17 2.8057970e-17 ... 1.2555648e-17 1.5861375e-17
 2.7520896e-17]"
4392-55833-0170,[ 3553.857   3554.6765  3555.4944 ... 10334.747  10337.131  10339.515 ],"[ 1.8182232e-16 -7.1836540e-17  6.8156572e-17 ...  3.5772640e-17
 -1.6301065e-17 -2.6674639e-17]","[1.1237552e-16 8.0875705e-17 6.7305013e-17 ... 3.0626511e-17 2.7859817e-17
 2.5144259e-17]"
4392-55833-0560,[ 3585.915   3586.74    3587.5671 ... 10382.458  10384.841  10387.236 ],"[-1.0663210e-16  3.2526313e-17  1.3002889e-16 ... -3.6058031e-16
 -5.3154474e-17  2.5427701e-16]","[1.0807403e-16 5.7040443e-17 5.7951460e-17 ... 1.8959686e-16 0.0000000e+00
 4.0942856e-17]"
4392-55833-0989,[ 3585.915   3586.74    3587.5671 ... 10382.458  10384.841  10387.236 ],"[ 1.4680295e-17 -1.2209711e-16  6.6112803e-18 ... -1.8407473e-16
 -4.8545632e-17  8.6989172e-17]","[8.5142157e-17 7.0077491e-17 7.0205035e-17 ... 1.5757975e-16 0.0000000e+00
 2.5559550e-17]"
4404-55513-0289,[ 3566.1538  3566.9744  3567.7969 ... 10315.736  10318.104  10320.482 ],"[ 2.30296843e-17  1.06153756e-16  9.57999954e-17 ... -2.42606829e-17
  6.67595593e-18  1.13536817e-17]","[5.1538325e-17 4.6048417e-17 4.6404621e-17 ... 2.4179077e-17 2.0648350e-17
 1.5598522e-17]"
4407-55884-0128,[ 3554.6765  3555.4944  3556.3142 ... 10337.131  10339.515  10341.888 ],"[-1.9583815e-16 -9.5458774e-17  4.9317451e-18 ... -2.9502786e-17
  1.8102472e-17  6.7371472e-17]","[5.9536404e-17 0.0000000e+00 3.4053941e-17 ... 5.1848558e-17 4.3798605e-17
 4.9131537e-17]"
4418-55862-0575,[ 3587.5671  3588.3923  3589.22   ... 10380.064  10382.458  10384.841 ],"[ 3.21639354e-17  1.28596385e-17  4.82508447e-17 ... -3.48118815e-16
 -1.47143414e-16  5.38329507e-17]","[7.2622494e-17 7.4589761e-17 7.3110769e-17 ... 4.0259166e-16 0.0000000e+00
 5.1974233e-17]"
4423-55889-0170,[ 3555.4944  3556.3142  3557.1323 ... 10337.131  10339.515  10341.888 ],"[-7.6190647e-17  5.3638113e-17  1.5759960e-17 ... -1.6761278e-17
 -3.1214467e-19  6.2729692e-17]","[3.3113181e-17 3.4655910e-17 3.4213308e-17 ... 4.6294665e-17 3.7406960e-17
 4.6001856e-17]"
4424-55532-0766,[ 3594.181   3595.0098  3595.8367 ... 10351.419  10353.806  10356.193 ],"[ 4.9941925e-16 -3.2484280e-16  2.2528281e-16 ...  6.3304232e-17
  3.6942498e-17  1.0579903e-17]","[6.8434472e-17 6.5787878e-17 6.3501306e-17 ... 3.9875697e-17 0.0000000e+00
 3.5158716e-17]"
4425-55864-0495,[ 3556.3142  3557.1323  3557.9507 ... 10329.994  10332.376  10334.747 ],"[ 1.9985120e-17  1.7851633e-17  1.5716523e-17 ...  1.2396081e-17
 -1.9661499e-17  2.1042821e-17]","[3.8438699e-17 0.0000000e+00 3.6486828e-17 ... 3.1179382e-17 2.9038569e-17
 3.0019681e-17]"
4442-55532-0713,[ 3594.181   3595.0098  3595.8367 ... 10377.672  10380.064  10382.458 ],"[ 1.8283269e-17  5.7462934e-17  1.3670121e-18 ...  4.0809002e-17
 -1.7509963e-17 -7.0630008e-17]","[1.9705952e-17 2.0031636e-17 1.9944853e-17 ... 4.6340630e-17 3.9320775e-17
 4.7885506e-17]"
4443-55539-0240,[ 3554.6765  3555.4944  3556.3142 ... 10325.231  10327.612  10329.994 ],"[ 3.4274073e-17  3.1823455e-17  1.3618476e-17 ... -5.3334633e-18
  1.5993787e-18  5.0325065e-18]","[9.3961504e-17 3.1047546e-17 3.1251105e-17 ... 1.4120646e-17 1.5493741e-17
 1.3649877e-17]"
4445-55622-0997,[ 3586.74    3587.5671  3588.3923 ... 10387.236  10389.631  10392.016 ],"[ 9.4557550e-17 -1.5604092e-18  7.7583559e-17 ...  1.3787032e-16
  2.6529011e-16 -1.5922730e-16]","[4.4378227e-17 4.2238102e-17 4.4593744e-17 ... 5.5016937e-17 6.5257490e-17
 4.3952464e-17]"
4445-55869-0993,[ 3587.5671  3588.3923  3589.22   ... 10349.043  10351.419  10353.806 ],"[-7.1702493e-16  7.7668379e-16 -3.3182280e-16 ... -2.1416092e-17
  1.1122605e-17  4.3660634e-17]","[1.2362785e-16 1.1627710e-16 1.1324177e-16 ... 3.7751203e-17 0.0000000e+00
 3.1801068e-17]"
4446-55589-0041,[ 3555.4944  3556.3142  3557.1323 ... 10284.8955 10287.267  10289.64  ],"[ 1.7091108e-17 -5.8799178e-18  1.4882234e-16 ... -8.1447399e-17
 -5.3170207e-17  6.9189291e-17]","[8.6055702e-17 4.9772331e-17 4.7522588e-17 ... 3.5626381e-17 1.8885443e-17
 1.3762924e-17]"
4446-55589-0426,[ 3553.857   3554.6765  3555.4944 ... 10287.267  10289.64   10292.001 ],"[-1.6993310e-19  3.5777428e-17  3.7989927e-17 ...  2.5189120e-17
 -6.3239819e-18 -1.4203358e-16]","[6.3371346e-17 2.7629500e-17 2.8429903e-17 ... 2.5886922e-17 3.4958519e-17
 3.3624402e-17]"
4449-55544-0111,[ 3554.6765  3555.4944  3556.3142 ... 10327.612  10329.994  10332.376 ],"[ 1.0270658e-16  7.5744009e-17  6.1329143e-17 ... -1.1451469e-17
  3.6755701e-17 -2.9758445e-17]","[1.6980826e-16 8.8522593e-17 5.2129677e-17 ... 2.6770336e-17 2.9639314e-17
 2.8897843e-17]"
4453-55535-0615,[ 3591.6995  3592.526   3593.3542 ... 10375.279  10377.672  10380.064 ],"[-4.4143661e-17  2.2182758e-16  1.2224020e-17 ...  1.2347223e-16
 -2.0649859e-17 -2.4156596e-16]","[8.5908007e-17 9.4619456e-17 3.1914067e-17 ... 1.3057428e-16 1.1406789e-16
 9.3686747e-17]"
4454-55536-0235,[ 3558.771   3559.5898  3560.4106 ... 10327.612  10329.994  10332.376 ],"[-3.7487971e-17  3.4804862e-17  8.4495699e-17 ...  2.2924151e-17
  2.3627161e-18 -1.9158092e-17]","[4.6001469e-17 3.6015057e-17 2.9478573e-17 ... 2.1173010e-17 2.0110541e-17
 1.9465361e-17]"
4455-55539-0092,[ 3553.0396  3553.857   3554.6765 ... 10320.482  10322.862  10325.231 ],"[-4.0697895e-17  3.2548294e-18  4.7172056e-17 ... -3.7251417e-17
  2.1209475e-17  3.2027825e-17]","[4.9673443e-17 0.0000000e+00 4.5986570e-17 ... 5.1838678e-17 4.1212666e-17
 3.5785901e-17]"
4456-55537-0872,[ 3592.526   3593.3542  3594.181  ... 10382.458  10384.841  10387.236 ],"[ 1.6033123e-17  5.4899091e-17  3.9317522e-17 ... -1.3074078e-16
  1.0509747e-17  6.3414163e-19]","[2.4321992e-17 2.4032786e-17 2.3207505e-17 ... 7.8981739e-17 9.9965455e-18
 6.9494363e-18]"
4459-55533-0962,[ 3595.0098  3595.8367  3596.666  ... 10389.631  10392.016  10394.412 ],"[ 8.8669249e-17 -1.3984020e-18 -2.9324396e-17 ...  8.1447439e-17
 -4.5589699e-17 -2.0488693e-16]","[3.9878205e-17 3.7138401e-17 3.4594854e-17 ... 8.4675614e-17 6.2040392e-17
 2.8280567e-17]"
4460-55533-0592,[ 3593.3542  3594.181   3595.0098 ... 10394.412  10396.809  10399.206 ],"[-8.9123371e-17  6.9189145e-17  6.8889243e-17 ... -7.8408616e-17
  3.1002537e-17  1.4041885e-16]","[2.3057837e-17 2.4995947e-17 2.6353473e-17 ... 1.4456591e-17 0.0000000e+00
 2.0476616e-17]"
4463-55868-0204,[ 3553.0396  3553.857   3554.6765 ... 10332.376  10334.747  10337.131 ],"[ 3.0472693e-16  2.3809630e-16  1.7146779e-16 ...  4.0430745e-17
 -2.5387925e-17 -6.1855117e-17]","[5.8514512e-17 0.0000000e+00 4.0101087e-17 ... 3.0410481e-17 5.3599259e-17
 5.9775486e-17]"
4467-55894-0410,[ 3557.1323  3557.9507  3558.771  ... 10341.888  10344.272  10346.657 ],"[ 1.5554434e-16  9.3915585e-17  3.2252967e-17 ...  1.0093362e-16
  7.8150171e-17 -4.4200505e-17]","[4.6321105e-17 0.0000000e+00 4.0335590e-17 ... 5.9141091e-17 1.0806035e-16
 1.6233326e-16]"
4478-55600-0939,[ 3591.6995  3592.526   3593.3542 ... 10394.412  10396.809  10399.206 ],"[ 7.0144115e-17  1.6357145e-16  8.2482116e-17 ... -1.7948082e-16
  1.1633939e-16  1.7724089e-16]","[5.5897544e-17 5.6700683e-17 5.0118407e-17 ... 9.8175691e-17 6.8067865e-17
 6.9244268e-17]"
4479-55592-0980,[ 3587.5671  3588.3923  3589.22   ... 10396.809  10399.206  10401.593 ],"[ 3.1428919e-17 -2.5611960e-18 -1.5162744e-18 ...  2.5269663e-17
  2.4399550e-17  2.3529460e-17]","[2.7505731e-17 2.5794999e-17 2.5666016e-17 ... 1.4559497e-16 0.0000000e+00
 1.4527879e-16]"
4485-55836-0407,[ 3553.857   3554.6765  3555.4944 ... 10344.272  10346.657  10349.043 ],"[-5.5853002e-17  9.8952533e-17  1.0853298e-16 ... -4.8578510e-18
 -4.4018287e-17  4.4617371e-17]","[3.9827886e-17 4.2043542e-17 3.6365685e-17 ... 9.4950746e-17 7.4045767e-17
 5.5671082e-17]"
4490-55629-0573,[ 3587.5671  3588.3923  3589.22   ... 10365.737  10368.116  10370.507 ],"[ 4.2176014e-17  4.6478107e-17  3.9320120e-17 ...  1.1603289e-17
  2.7288783e-17 -4.3516086e-17]","[2.8238414e-17 2.4597594e-17 2.4725709e-17 ... 2.6669254e-17 6.2220605e-17
 3.3021227e-16]"
4491-55570-0046,[ 3556.3142  3557.1323  3557.9507 ... 10318.104  10320.482  10322.862 ],"[-8.6997715e-17 -5.7203067e-18  7.5480204e-17 ... -6.5164448e-17
  1.1908194e-17  3.6309017e-17]","[4.2776004e-17 0.0000000e+00 4.2138774e-17 ... 4.4281662e-17 2.9820579e-17
 3.1285605e-17]"
4492-55565-0920,[ 3585.0903  3585.915   3586.74   ... 10375.279  10377.672  10380.064 ],"[ 1.3445710e-16 -4.4686805e-17  1.2860026e-16 ...  9.3731124e-17
  5.6843415e-17  1.9955951e-17]","[3.50612182e-17 3.45722255e-17 3.22297691e-17 ... 1.04064410e-16
 0.00000000e+00 1.01577515e-16]"
4496-55544-0666,[ 3594.181   3595.0098  3595.8367 ... 10392.016  10394.412  10396.809 ],"[ 2.7679526e-17  1.7119555e-17 -1.6000490e-17 ... -6.3544061e-17
 -5.5624634e-17 -4.7705005e-17]","[2.5784283e-17 2.6011775e-17 2.3645080e-17 ... 1.0347582e-16 0.0000000e+00
 6.9930875e-17]"
4507-55564-0228,[ 3551.4036  3552.2205  3553.0396 ... 10310.9795 10313.357  10315.736 ],"[-4.1380041e-17  2.4485684e-19 -2.7715024e-16 ...  2.7768432e-18
  6.6090487e-17 -4.8033885e-17]","[6.3685939e-17 5.0480186e-17 5.1010607e-17 ... 1.9000167e-17 1.6109028e-17
 4.0279312e-17]"
4508-55600-0376,[ 3551.4036  3552.2205  3553.0396 ... 10308.603  10310.9795 10313.357 ],"[ 5.9725994e-17 -7.1308089e-18 -6.8522729e-17 ...  4.5294256e-16
  5.5074495e-16  6.4855142e-16]","[1.6686648e-16 5.2365850e-17 4.6284580e-17 ... 0.0000000e+00 0.0000000e+00
 1.3105422e-16]"
4511-55602-0302,[ 3548.1335  3548.9517  3549.768  ... 10322.862  10325.231  10327.612 ],"[-5.64248020e-17 -1.14866204e-17  4.20364750e-17 ...  5.69796799e-19
 -1.61059113e-17  2.31007590e-17]","[7.7812060e-17 5.0894729e-17 4.0501244e-17 ... 2.0037574e-17 2.1487214e-17
 2.5113531e-17]"
4529-55563-0960,[ 3590.8735  3591.6995  3592.526  ... 10360.958  10363.348  10365.737 ],"[-1.67012216e-17  5.10190576e-17 -1.02197743e-17 ...  1.13265585e-17
 -1.70457374e-17 -4.54201499e-17]","[2.5849083e-17 2.4071958e-17 2.3009040e-17 ... 2.3251529e-17 0.0000000e+00
 6.0979715e-17]"
4531-55563-0115,[ 3548.1335  3548.9517  3549.768  ... 10292.001  10294.374  10296.748 ],"[-8.4310070e-18  3.9677078e-17  4.6466821e-17 ... -4.5665048e-17
 -6.9005187e-17  3.5467522e-16]","[2.9442829e-17 2.4195040e-17 2.3660959e-17 ... 7.3435348e-17 2.9909689e-16
 4.6893369e-16]"
4531-55563-0816,[ 3590.0457  3590.8735  3591.6995 ... 10387.236  10389.631  10392.016 ],"[ 9.6030157e-17  3.4736672e-17  1.6438216e-17 ...  6.6806296e-17
  6.5421390e-17 -2.1016269e-16]","[3.8551596e-17 3.7602330e-17 3.7822678e-17 ... 3.4630863e-17 3.9459572e-17
 5.6466624e-17]"
4532-55559-0651,[ 3586.74    3587.5671  3588.3923 ... 10389.631  10392.016  10394.412 ],"[ 1.6565164e-17  2.8326479e-17  4.1719959e-17 ...  3.9737724e-17
  1.7675412e-18 -3.6202982e-17]","[5.0174073e-17 4.8352906e-17 5.0280806e-17 ... 2.3444641e-17 0.0000000e+00
 3.5634838e-17]"
4538-55860-0319,[ 3556.3142  3557.1323  3557.9507 ... 10334.747  10337.131  10339.515 ],"[ 2.7715557e-17 -2.3547332e-17 -4.3701666e-17 ... -2.4872505e-17
 -2.3058336e-17  1.5796812e-17]","[8.6353950e-17 4.3759323e-17 4.1492637e-17 ... 1.9875213e-17 2.2274229e-17
 2.0748102e-17]"
4548-55565-0823,[ 3590.8735  3591.6995  3592.526  ... 10360.958  10363.348  10365.737 ],"[ 4.5444181e-17  7.2867042e-17  5.8502938e-17 ... -1.9174717e-17
  4.6883836e-18  6.1512583e-18]","[5.4099167e-17 5.0979783e-17 5.0245349e-17 ... 3.2474942e-17 5.0685022e-17
 3.7015426e-17]"
4553-55584-0718,[ 3585.0903  3585.915   3586.74   ... 10392.016  10394.412  10396.809 ],"[ 1.08473216e-16 -7.17386481e-17  6.98996602e-17 ... -1.43529614e-16
  1.08560414e-16  3.60653871e-16]","[1.8148830e-16 1.5896811e-16 6.9419254e-17 ... 1.1581357e-16 0.0000000e+00
 1.6466003e-16]"
4553-55584-0968,[ 3585.0903  3585.915   3586.74   ... 10392.016  10394.412  10396.809 ],"[-3.2886190e-17 -6.5666739e-17 -3.3377861e-18 ... -3.0193720e-16
  3.5113936e-17  3.7215668e-16]","[1.2352892e-16 1.1632470e-16 1.1657970e-16 ... 9.1278189e-17 0.0000000e+00
 1.3681487e-16]"
4557-55588-0819,[ 3590.0457  3590.8735  3591.6995 ... 10392.016  10394.412  10396.809 ],"[ 1.0326940e-16  6.8187376e-17  3.9466961e-17 ... -1.0821285e-17
 -1.0856160e-16  1.0144231e-16]","[4.1861080e-17 3.8980066e-17 3.7381893e-17 ... 4.1197840e-17 5.3819312e-17
 4.1450001e-17]"
4565-55591-0900,[ 3586.74    3587.5671  3588.3923 ... 10394.412  10396.809  10399.206 ],"[-2.4074268e-17  4.4732776e-17 -3.3602266e-18 ... -7.8355054e-17
  1.4972221e-16  3.8024828e-16]","[3.2849883e-17 3.3681584e-17 2.9939190e-17 ... 1.1756508e-16 1.3503411e-16
 1.3085951e-16]"
4567-55589-0044,[ 3553.0396  3553.857   3554.6765 ... 10303.861  10306.237  10308.603 ],"[ 7.0522673e-17  3.9915720e-17  9.3153350e-18 ... -6.0581510e-17
  1.3421856e-17  5.7256966e-17]","[2.3553819e-17 0.0000000e+00 2.0886479e-17 ... 5.2146839e-17 3.5308605e-17
 2.1295603e-17]"
4605-55971-0344,[ 3553.857   3554.6765  3555.4944 ... 10332.376  10334.747  10337.131 ],"[-3.8861721e-16 -2.8218836e-16 -1.7579261e-16 ...  2.2692752e-17
 -2.9276410e-17 -3.1693283e-17]","[5.3347548e-17 0.0000000e+00 5.1097269e-17 ... 2.9769860e-17 3.3030794e-17
 2.9101438e-17]"
4611-55603-0712,[ 3590.8735  3591.6995  3592.526  ... 10392.016  10394.412  10396.809 ],"[ 1.22285055e-17  5.80594453e-20 -7.94807328e-18 ... -5.68318278e-17
 -1.61673146e-17  2.44977066e-17]","[2.3947481e-17 2.2421652e-17 2.2746707e-17 ... 3.7726143e-17 0.0000000e+00
 3.6620444e-17]"
4612-55590-0111,[ 3554.6765  3555.4944  3556.3142 ... 10320.482  10322.862  10325.231 ],"[1.3563427e-16 9.3938832e-17 5.2265857e-17 ... 8.8812836e-18 3.8675094e-17
 2.5491002e-17]","[5.5400828e-17 0.0000000e+00 5.2804911e-17 ... 2.1819565e-17 1.9757675e-17
 1.9985524e-17]"
4614-55604-0502,[ 3590.0457  3590.8735  3591.6995 ... 10387.236  10389.631  10392.016 ],"[ 8.2460858e-18  8.8491782e-18  8.3160677e-18 ... -2.7499735e-17
 -9.9631860e-17 -2.0105069e-16]","[4.1931688e-17 4.0219331e-17 3.9251361e-17 ... 0.0000000e+00 6.0065118e-16
 1.9645663e-16]"
4615-55618-0992,[ 3593.3542  3594.181   3595.0098 ... 10392.016  10394.412  10396.809 ],"[ 6.7705752e-17  5.4580120e-17 -3.4165918e-17 ... -7.8295444e-17
 -3.4009954e-17  1.0277354e-17]","[4.4961141e-17 4.4343396e-17 4.0817886e-17 ... 7.2403642e-17 0.0000000e+00
 4.8859292e-17]"
4618-55600-0794,[ 3587.5671  3588.3923  3589.22   ... 10389.631  10392.016  10394.412 ],"[-8.6104916e-17  3.0665878e-17  4.0564751e-18 ...  7.2001076e-17
 -7.4189803e-17 -2.2038592e-16]","[3.4158536e-17 3.4114659e-17 3.4386904e-17 ... 3.2191361e-17 0.0000000e+00
 4.4251582e-17]"
4619-55599-0424,[ 3551.4036  3552.2205  3553.0396 ... 10310.9795 10313.357  10315.736 ],"[-2.7772903e-17  1.5594749e-16  7.4692027e-17 ...  9.1334656e-17
  8.4688472e-17 -5.0134477e-17]","[5.7033713e-17 5.5533201e-17 5.0670417e-17 ... 2.5425213e-17 6.1135761e-17
 8.1619354e-17]"
4627-55626-0187,[ 3551.4036  3552.2205  3553.0396 ... 10322.862  10325.231  10327.612 ],"[3.2284351e-16 6.1149601e-16 8.9999993e-16 ... 1.9510342e-17 7.5208452e-18
 2.3835504e-17]","[1.1317571e-16 0.0000000e+00 1.3286622e-16 ... 2.2581341e-17 2.3433405e-17
 2.5890629e-17]"
4647-55621-0434,[ 3554.6765  3555.4944  3556.3142 ... 10322.862  10325.231  10327.612 ],"[6.4649393e-17 1.6482892e-17 6.6215835e-17 ... 2.7551601e-17 2.6474435e-17
 2.8085316e-17]","[5.7673984e-17 3.5103160e-17 3.5394003e-17 ... 1.9416631e-17 1.7920585e-17
 1.8911764e-17]"
4655-55620-0387,[ 3550.5847  3551.4036  3552.2205 ... 10318.104  10320.482  10322.862 ],"[ 8.53767455e-17  1.24909553e-16  1.05217744e-16 ... -3.15801676e-17
  2.86297235e-17  4.00151831e-17]","[1.5145205e-16 5.0454533e-17 5.3710548e-17 ... 2.3558383e-17 1.9635479e-17
 1.5839028e-17]"
4685-55657-0681,[ 3588.3923  3589.22    3590.0457 ... 10382.458  10384.841  10387.236 ],"[ 8.2175702e-17 -1.4973356e-16  8.7533920e-17 ...  6.1865070e-17
  2.1374082e-16  6.8458685e-17]","[3.7260748e-17 3.7316480e-17 4.0518522e-17 ... 2.1045258e-16 1.3941240e-16
 8.2865035e-17]"
4688-56008-0868,[ 3595.0098  3595.8367  3596.666  ... 10380.064  10382.458  10384.841 ],"[ 5.2520916e-17 -5.6650589e-17  6.1291661e-17 ...  5.5736060e-16
  5.5808321e-17  9.3363446e-17]","[4.9377071e-17 4.0949063e-17 4.1770933e-17 ... 0.0000000e+00 1.9860749e-16
 4.7131077e-17]"
4699-55684-0531,[ 3591.6995  3592.526   3593.3542 ... 10387.236  10389.631  10392.016 ],"[ 9.3090602e-17  5.5300945e-17  2.5005781e-17 ...  1.9440896e-16
 -6.9878291e-18 -2.0838952e-16]","[5.9757896e-17 3.9150558e-17 3.7135883e-17 ... 1.7720426e-16 0.0000000e+00
 5.0724280e-17]"
4703-55617-0398,[ 3550.5847  3551.4036  3552.2205 ... 10315.736  10318.104  10320.482 ],"[ 1.2705600e-16  8.7965536e-17  4.8880720e-17 ... -2.3056386e-17
 -5.6235536e-17  1.2451293e-17]","[3.2961374e-17 0.0000000e+00 3.1738384e-17 ... 3.9988521e-17 3.7503443e-17
 1.8375443e-17]"
4709-55720-0892,[ 3593.3542  3594.181   3595.0098 ... 10392.016  10394.412  10396.809 ],"[-2.2585171e-17 -2.8352362e-18  1.9898299e-17 ... -1.1350080e-16
  1.1126515e-17  1.3575817e-16]","[3.3358493e-17 3.3187697e-17 3.3756096e-17 ... 5.5355611e-17 0.0000000e+00
 7.2676598e-17]"
4719-55736-0702,[ 3596.666   3597.4934  3598.3208 ... 10392.016  10394.412  10396.809 ],"[ 6.3465581e-18 -1.2900731e-17 -1.0071996e-17 ... -4.2647176e-17
 -5.9148324e-17  9.0171058e-17]","[3.8956746e-17 3.9735192e-17 3.8630757e-17 ... 3.3310037e-17 3.5786808e-17
 3.9208179e-17]"
4722-55735-0348,[ 3562.8704  3563.69    3564.5117 ... 10322.862  10325.231  10327.612 ],"[-1.3940655e-17 -7.4974327e-18 -1.0562242e-18 ...  3.4525760e-18
 -9.7299320e-18  1.2698562e-18]","[8.8817038e-18 0.0000000e+00 8.1061558e-18 ... 5.3307270e-18 6.4174409e-18
 4.2861654e-18]"
4724-55742-0101,[ 3562.0508  3562.8704  3563.69   ... 10322.862  10325.231  10327.612 ],"[ 1.1737989e-16  6.6711342e-17  9.7822187e-17 ...  7.7284444e-18
  6.9539593e-18 -1.9218336e-17]","[9.9430815e-17 5.3204029e-17 4.3165239e-17 ... 1.6487270e-17 2.0472346e-17
 1.8417863e-17]"
4732-55648-0524,[ 3587.5671  3588.3923  3589.22   ... 10382.458  10384.841  10387.236 ],"[-1.11781664e-17 -4.12584190e-17 -5.21981274e-17 ...  1.69288700e-17
  4.40931901e-17  6.43351236e-17]","[4.5023007e-17 4.2052009e-17 4.0313835e-17 ... 3.0121306e-17 3.8484866e-17
 5.3070575e-17]"
4733-55649-0062,[ 3548.9517  3549.768   3550.5847 ... 10303.861  10306.237  10308.603 ],"[-3.8875057e-17 -6.2564593e-17  1.0365513e-16 ... -7.9025017e-17
 -5.5346198e-17  7.6416738e-17]","[5.7304803e-17 5.0566103e-17 5.3380982e-17 ... 4.4071812e-17 1.4961416e-17
 1.7329579e-17]"
4734-55646-0866,[ 3590.8735  3591.6995  3592.526  ... 10389.631  10392.016  10394.412 ],"[ 3.3283452e-17 -6.9259221e-18 -3.1657155e-17 ...  6.6035211e-17
 -1.9234894e-17 -1.0450998e-16]","[4.47883792e-17 4.20549939e-17 4.12683088e-17 ... 1.05879436e-16
 0.00000000e+00 3.74113806e-17]"
4740-55651-0371,[ 3553.857   3554.6765  3555.4944 ... 10332.376  10334.747  10337.131 ],"[ 4.7147611e-17  4.2474560e-17  3.5919611e-18 ... -8.2966604e-18
 -5.2936671e-17 -1.9643539e-17]","[9.0722152e-17 3.6420620e-17 3.4230309e-17 ... 2.2687096e-17 5.3730681e-17
 3.7217132e-17]"
4752-55653-0166,[ 3556.3142  3557.1323  3557.9507 ... 10318.104  10320.482  10322.862 ],"[ 2.3167105e-16  1.7169285e-16  1.1173681e-16 ... -6.6739261e-17
  3.0568168e-17  4.4792647e-17]","[4.2413302e-17 0.0000000e+00 4.1874635e-17 ... 5.4188334e-17 2.7862497e-17
 4.8762638e-17]"
4757-55653-0565,[ 3595.0098  3595.8367  3596.666  ... 10351.419  10353.806  10356.193 ],"[ 1.7168233e-17 -5.6154671e-17 -3.3978158e-17 ... -2.2647085e-17
  3.5767985e-17 -3.7597516e-17]","[4.1212649e-17 3.9173375e-17 3.8851724e-17 ... 3.9658324e-17 3.3160625e-17
 3.1228278e-17]"
4764-55646-0337,[ 3551.4036  3552.2205  3553.0396 ... 10332.376  10334.747  10337.131 ],"[-4.4542035e-17 -1.6895789e-17  1.0732684e-17 ...  1.0900022e-17
 -2.5381458e-17  5.2454422e-18]","[3.7345239e-17 0.0000000e+00 3.5409484e-17 ... 2.5799705e-17 3.2825462e-17
 2.8507645e-17]"
4770-55928-0857,[ 3603.2964  3604.1252  3604.9565 ... 10387.236  10389.631  10392.016 ],"[ 3.6433336e-17  1.5909017e-17  3.3420876e-17 ...  9.7669801e-17
  2.1219543e-17 -5.5229781e-17]","[4.4437942e-17 4.2306599e-17 4.1535273e-17 ... 3.0403622e-17 0.0000000e+00
 1.4245157e-17]"
4783-55652-0053,[ 3554.6765  3555.4944  3556.3142 ... 10327.612  10329.994  10332.376 ],"[-3.1184977e-17  7.1726750e-17  1.7463024e-16 ...  3.4050301e-17
  3.4618078e-17  2.4431540e-17]","[6.7054635e-17 0.0000000e+00 6.1008706e-17 ... 2.1771584e-17 2.4586657e-17
 3.1918034e-17]"
4801-55653-0081,[ 3553.0396  3553.857   3554.6765 ... 10303.861  10306.237  10308.603 ],"[-1.1517824e-17 -1.7760737e-17 -2.4000541e-17 ... -5.4161027e-17
  2.0089231e-17  5.4043131e-17]","[3.5513226e-17 0.0000000e+00 3.3069579e-17 ... 2.3390314e-17 7.6965988e-18
 9.5604220e-18]"
4836-55689-0303,[ 3557.1323  3557.9507  3558.771  ... 10306.237  10308.603  10310.9795],"[-4.7330454e-17 -2.7708560e-17 -8.0914923e-18 ...  9.9777751e-19
 -3.4011877e-17  1.1497387e-16]","[2.6653877e-17 0.0000000e+00 2.3240194e-17 ... 2.7412967e-17 3.4874997e-17
 6.6106256e-17]"
4839-55703-0701,[ 3596.666   3597.4934  3598.3208 ... 10384.841  10387.236  10389.631 ],"[-2.9186783e-17 -2.9774922e-17  6.8258423e-18 ...  6.5074677e-16
  2.9524683e-16  2.8306319e-17]","[3.6668060e-17 3.3719816e-17 3.3849825e-17 ... 3.8695030e-16 2.1541175e-16
 1.2159102e-16]"
4850-55929-0683,[ 3599.1506  3599.9788  3600.8088 ... 10356.193  10358.569  10360.958 ],"[6.1180952e-17 9.7428923e-18 8.2612902e-18 ... 8.9609493e-18 1.3318311e-17
 1.7675680e-17]","[3.9858598e-17 3.6966715e-17 3.5485562e-17 ... 3.6029926e-17 0.0000000e+00
 2.9240600e-17]"
4855-55926-0604,[ 3603.2964  3604.1252  3604.9565 ... 10389.631  10392.016  10394.412 ],"[-1.4516887e-17  1.0145612e-17  1.4696228e-17 ...  4.4760857e-17
 -4.1089161e-17 -1.2694403e-16]","[2.3654682e-17 2.1762970e-17 2.2055474e-17 ... 7.8306012e-17 0.0000000e+00
 4.3320312e-17]"
4862-55685-0295,[ 3553.857   3554.6765  3555.4944 ... 10308.603  10310.9795 10313.357 ],"[-1.2211306e-15  1.7666012e-15 -1.6494156e-15 ...  3.2810592e-17
  6.5266549e-17 -4.4162921e-17]","[1.2427534e-16 7.7436341e-17 7.8902436e-17 ... 3.1816331e-17 4.1504489e-17
 5.6312385e-17]"
4890-55741-0400,[ 3571.9065  3572.7283  3573.552  ... 10320.482  10322.862  10325.231 ],"[ 4.4049723e-17  4.2962745e-17  4.1875873e-17 ...  1.6691348e-17
  2.0162167e-17 -1.8849284e-17]","[2.5264786e-17 0.0000000e+00 2.4321411e-17 ... 1.8996193e-17 1.7174591e-17
 1.8156977e-17]"
4892-55738-0323,[ 3565.3318  3566.1538  3566.9744 ... 10322.862  10325.231  10327.612 ],"[-2.0979492e-16 -1.2010889e-16 -3.0382162e-17 ...  2.6812229e-17
  1.8697164e-17  2.6754001e-17]","[2.4751338e-17 0.0000000e+00 2.2125138e-17 ... 1.8409143e-17 2.3683796e-17
 2.4007683e-17]"
4895-55708-0827,[ 3594.181   3595.0098  3595.8367 ... 10384.841  10387.236  10389.631 ],"[1.5005265e-16 1.4082446e-16 1.4225401e-16 ... 4.1188126e-16 4.3251427e-16
 4.6985643e-16]","[4.8621041e-17 4.7311015e-17 4.7314271e-17 ... 2.7527271e-16 1.9601995e-16
 1.0480087e-16]"
4903-55927-0800,[ 3599.9788  3600.8088  3601.6372 ... 10387.236  10389.631  10392.016 ],"[ 5.9837709e-17  4.9789794e-17  8.7799518e-17 ...  6.1311553e-17
  4.3007257e-17 -1.0704868e-18]","[5.0297280e-17 4.8955953e-17 4.6527847e-17 ... 4.6260460e-17 4.2523271e-17
 3.6023388e-17]"
4966-55712-0793,[ 3595.8367  3596.666   3597.4934 ... 10353.806  10356.193  10358.569 ],"[ 2.7093065e-17 -2.3963680e-17  1.2736562e-17 ...  2.8677468e-17
  2.6583012e-18 -2.3361599e-17]","[6.1306253e-17 5.6929971e-17 5.4142253e-17 ... 3.1697187e-17 0.0000000e+00
 3.1820301e-17]"
4977-56047-0184,[ 3563.69    3564.5117  3565.3318 ... 10334.747  10337.131  10339.515 ],"[ 1.6159104e-17  3.5712821e-17  5.5267467e-17 ... -9.4705860e-18
 -2.6859253e-17 -1.2324475e-17]","[2.6709493e-17 0.0000000e+00 2.7655738e-17 ... 2.3834498e-17 2.3900074e-17
 2.4897842e-17]"
4977-56047-0946,[ 3599.1506  3599.9788  3600.8088 ... 10351.419  10353.806  10356.193 ],"[ 4.8805023e-17  4.8909717e-17  4.8541394e-17 ...  5.7917327e-17
 -4.3964891e-17  6.7904290e-18]","[3.1240064e-17 3.3833702e-17 3.5908248e-17 ... 5.0983065e-17 3.6364845e-17
 4.0742705e-17]"
4978-56036-0996,[ 3595.8367  3596.666   3597.4934 ... 10384.841  10387.236  10389.631 ],"[ 1.3751670e-16  2.0652316e-17  2.0554117e-18 ... -1.3779727e-17
  9.3560593e-17  6.8988028e-17]","[5.1446541e-17 5.6403984e-17 5.0673812e-17 ... 0.0000000e+00 1.3428131e-16
 5.6469496e-17]"
4980-56048-0880,[ 3599.1506  3599.9788  3600.8088 ... 10353.806  10356.193  10358.569 ],"[ 1.0721803e-16  5.6041639e-17  3.5459304e-17 ... -2.8038201e-18
  7.4833144e-18  1.7770296e-17]","[3.6661048e-17 3.6071067e-17 3.3610661e-17 ... 3.8199075e-17 0.0000000e+00
 1.0998481e-16]"
4984-55827-0557,[ 3586.74    3587.5671  3588.3923 ... 10380.064  10382.458  10384.841 ],"[1.8729806e-17 7.3698087e-18 4.8670906e-18 ... 5.2466362e-17 3.5281384e-16
 6.5316728e-16]","[4.4584767e-17 4.1962945e-17 4.0192097e-17 ... 4.4703244e-16 0.0000000e+00
 2.0545499e-16]"
5013-55723-0774,[ 3595.8367  3596.666   3597.4934 ... 10358.569  10360.958  10363.348 ],"[-3.7068809e-17 -2.7463822e-17 -4.9816870e-18 ...  4.3497233e-17
  2.0872156e-17 -1.7528753e-18]","[4.1176455e-17 4.1862168e-17 4.2744730e-17 ... 3.0812392e-17 0.0000000e+00
 6.3004838e-17]"
5033-56244-0149,[ 3556.3142  3557.1323  3557.9507 ... 10327.612  10329.994  10332.376 ],"[ 5.5592662e-18  9.8199739e-18  1.4728732e-17 ...  2.2412242e-17
  7.7903625e-17 -2.1889863e-17]","[7.8313397e-17 4.1449435e-17 4.0362212e-17 ... 2.6677777e-17 3.1911341e-17
 3.8589451e-17]"
5039-56220-0309,[ 3560.4106  3561.2297  3562.0508 ... 10332.376  10334.747  10337.131 ],"[1.4133442e-16 1.0304960e-16 6.4767441e-17 ... 3.5014857e-16 3.0357743e-16
 1.2611998e-16]","[3.8025652e-17 0.0000000e+00 3.5827181e-17 ... 2.9061608e-17 3.6338855e-17
 1.9834896e-17]"
5045-56181-0997,[ 3606.6172  3607.447   3608.2788 ... 10384.841  10387.236  10389.631 ],"[-7.1524018e-17  1.1265716e-16 -6.6692343e-17 ...  1.8947464e-16
  7.2953135e-17 -4.3569016e-17]","[4.3395053e-17 4.0610806e-17 3.8045914e-17 ... 6.3672565e-17 0.0000000e+00
 2.5736587e-17]"
5046-56243-0589,[ 3599.9788  3600.8088  3601.6372 ... 10387.236  10389.631  10392.016 ],"[-1.3592322e-16  7.1128460e-17 -6.6396815e-17 ...  1.1380093e-16
  6.2618022e-17 -1.2914003e-16]","[4.4930767e-17 4.1275598e-17 4.0779763e-17 ... 4.0555233e-17 4.3010778e-17
 4.6288696e-17]"
5048-56218-0473,[ 3562.0508  3562.8704  3563.69   ... 10334.747  10337.131  10339.515 ],"[ 1.2571360e-16 -5.3431844e-17  1.4657823e-16 ... -2.8571672e-17
 -5.4494808e-17 -3.6645772e-17]","[2.3267826e-16 4.2017586e-17 3.8848372e-17 ... 2.6233193e-17 2.4882147e-17
 2.5928937e-17]"
5064-55864-0189,[ 3551.4036  3552.2205  3553.0396 ... 10332.376  10334.747  10337.131 ],"[ 5.26889359e-18 -1.87596920e-17  5.27087394e-17 ...  3.93618527e-17
 -1.12685334e-17 -3.55981478e-17]","[1.1306961e-16 3.0780171e-17 2.9846447e-17 ... 2.3056614e-17 2.3773788e-17
 2.3552059e-17]"
5069-56211-0270,[ 3564.5117  3565.3318  3566.1538 ... 10337.131  10339.515  10341.888 ],"[-4.9710961e-17  4.6172408e-17 -1.1066536e-18 ... -2.8851534e-17
  2.0921639e-17  6.9933303e-17]","[3.2702784e-17 3.2365093e-17 2.9913802e-17 ... 3.6163741e-17 3.5743278e-17
 3.7794848e-17]"
5108-55888-0801,[ 3578.4915  3579.3167  3580.14   ... 10387.236  10389.631  10392.016 ],"[ 8.2976559e-17  9.1992893e-17  6.4160410e-17 ...  9.3565331e-17
 -2.4475264e-17 -1.4252187e-16]","[5.8789817e-17 5.8607751e-17 5.5423616e-17 ... 3.6916909e-17 0.0000000e+00
 2.3766845e-17]"
5111-55840-0412,[ 3557.1323  3557.9507  3558.771  ... 10341.888  10344.272  10346.657 ],"[-6.4396130e-17 -3.8239577e-17 -1.2088025e-17 ...  2.4008045e-17
 -7.9589009e-17 -1.0089760e-17]","[2.6623157e-17 0.0000000e+00 2.5828607e-17 ... 5.1980877e-17 8.9405492e-17
 8.9632484e-17]"
5115-55885-0087,[ 3555.4944  3556.3142  3557.1323 ... 10341.888  10344.272  10346.657 ],"[ 1.2312790e-16  3.8370506e-18  5.1292791e-17 ...  9.2232715e-18
 -4.2004460e-17 -5.9974194e-17]","[1.4216496e-16 3.9879201e-17 4.0292457e-17 ... 3.2553269e-17 4.1743587e-17
 5.5203136e-17]"
5122-55841-0525,[ 3585.0903  3585.915   3586.74   ... 10349.043  10351.419  10353.806 ],"[-8.2824648e-17  4.3013293e-18  4.7062388e-17 ... -2.8667092e-17
  1.9707644e-17  8.0405145e-17]","[3.5395455e-17 3.3495428e-17 3.4738681e-17 ... 5.6393091e-17 5.4507030e-17
 4.2419701e-17]"
5128-55912-0299,[ 3557.1323  3557.9507  3558.771  ... 10332.376  10334.747  10337.131 ],"[1.1000137e-16 1.2876043e-16 1.4752247e-16 ... 1.9856687e-17 3.2677141e-17
 4.4270399e-17]","[9.4384888e-17 0.0000000e+00 5.5378141e-17 ... 2.7319731e-17 2.5588624e-17
 3.7776045e-17]"
5129-55864-0926,[ 3588.3923  3589.22    3590.0457 ... 10382.458  10384.841  10387.236 ],"[ 2.8048768e-17  3.2156507e-17 -5.8080710e-18 ... -2.1236631e-16
  1.2386153e-17  2.3714434e-16]","[3.28716943e-17 3.40628907e-17 3.27916596e-17 ... 1.69873080e-16
 0.00000000e+00 1.05028406e-16]"
5133-55860-0203,[ 3556.3142  3557.1323  3557.9507 ... 10339.515  10341.888  10344.272 ],"[ 1.6845707e-17 -5.9671956e-17 -2.2865697e-17 ...  4.6460710e-17
  7.7182152e-17  2.5503097e-17]","[6.1948767e-17 4.0070707e-17 3.8759351e-17 ... 3.0119075e-17 2.8215852e-17
 3.2697474e-17]"
5133-55860-0219,[ 3557.1323  3557.9507  3558.771  ... 10339.515  10341.888  10344.272 ],"[8.2019598e-18 2.8543988e-17 4.8886808e-17 ... 1.8861083e-17 4.3051763e-17
 2.4719737e-17]","[4.9912793e-17 0.0000000e+00 4.9066954e-17 ... 2.1775857e-17 2.0723331e-17
 2.4716805e-17]"
5141-55746-0175,[ 3557.9507  3558.771   3559.5898 ... 10327.612  10329.994  10332.376 ],"[-1.5828627e-17  1.0702793e-18  2.3422086e-17 ...  1.4563388e-17
  1.4058315e-17  1.0926370e-18]","[1.8271032e-17 1.7614396e-17 1.7465581e-17 ... 1.8780742e-17 1.8667589e-17
 1.8803663e-17]"
5152-56010-0692,[ 3598.3208  3599.1506  3599.9788 ... 10389.631  10392.016  10394.412 ],"[ 5.7608438e-17  1.0614735e-17  1.3958284e-17 ...  7.0124757e-16
  2.8069544e-16 -1.3986679e-16]","[4.5957920e-17 3.8834340e-17 3.7421763e-17 ... 4.2171650e-16 0.0000000e+00
 4.5910122e-17]"
5156-55925-0290,[ 3555.4944  3556.3142  3557.1323 ... 10334.747  10337.131  10339.515 ],"[ 8.6225281e-17  2.5890364e-17 -4.5926686e-17 ...  5.3449632e-18
 -3.6046847e-17 -1.1823625e-17]","[4.9646719e-17 4.6036244e-17 4.3691346e-17 ... 3.3954504e-17 3.3389049e-17
 3.1634321e-17]"
5168-56035-0256,[ 3560.4106  3561.2297  3562.0508 ... 10334.747  10337.131  10339.515 ],"[-1.4196761e-16  1.4293922e-16  1.1595136e-16 ... -2.3302493e-17
 -4.0517652e-17  1.5722187e-18]","[7.7869129e-17 7.0900324e-17 6.7046774e-17 ... 2.7731644e-17 2.2494664e-17
 2.1745531e-17]"
5177-56245-0742,[ 3604.1252  3604.9565  3605.786  ... 10387.236  10389.631  10392.016 ],"[-1.08500156e-16  1.85009902e-16  8.68314452e-17 ...  1.49235797e-16
  3.86220124e-17 -7.19867428e-17]","[6.1212272e-17 5.6212984e-17 5.6390418e-17 ... 2.8903686e-17 0.0000000e+00
 3.0341653e-17]"
5184-56352-0557,[ 3603.2964  3604.1252  3604.9565 ... 10384.841  10387.236  10389.631 ],"[6.7837102e-17 1.1446085e-16 5.0156550e-17 ... 1.9231180e-16 9.6549606e-17
 7.8511527e-19]","[4.0378342e-17 4.3239457e-17 3.7562559e-17 ... 1.4016628e-16 0.0000000e+00
 1.6100414e-16]"
5188-55803-0382,[ 3556.3142  3557.1323  3557.9507 ... 10325.231  10327.612  10329.994 ],"[-2.98941651e-17 -3.35022574e-17  1.06155615e-16 ... -1.22679239e-17
  1.33740398e-17  3.50538001e-17]","[4.6502311e-17 3.9551730e-17 4.1898769e-17 ... 3.3751771e-17 3.0387747e-17
 3.1432380e-17]"
5200-56091-0681,[ 3587.5671  3588.3923  3589.22   ... 10372.898  10375.279  10377.672 ],"[ 1.6125013e-17  6.4552877e-17  8.5045293e-18 ... -1.6518612e-18
  6.0030019e-18  1.3657857e-17]","[4.6644298e-17 4.8427607e-17 4.7123477e-17 ... 7.6510144e-17 0.0000000e+00
 6.5892930e-17]"
5205-56040-0563,[ 3599.9788  3600.8088  3601.6372 ... 10356.193  10358.569  10360.958 ],"[-7.4709378e-17 -1.8954938e-17  4.7725810e-17 ...  2.3346987e-18
 -6.7510193e-18 -1.5836894e-17]","[3.6208501e-17 3.6528422e-17 4.0134681e-17 ... 2.8355093e-17 0.0000000e+00
 2.7958764e-17]"
5291-55947-0500,[ 3556.3142  3557.1323  3557.9507 ... 10337.131  10339.515  10341.888 ],"[ 4.3708647e-17  4.1024400e-17  3.8338812e-17 ... -5.4984949e-18
 -2.0805917e-17  2.5911355e-17]","[1.7749608e-17 0.0000000e+00 1.6791814e-17 ... 3.2058205e-17 2.7769436e-17
 2.8092265e-17]"
5297-55913-0765,[ 3602.4678  3603.2964  3604.1252 ... 10351.419  10353.806  10356.193 ],"[-2.6315067e-17  1.0294054e-17  1.1263000e-16 ...  1.7119049e-19
 -4.0067194e-18 -8.1847884e-18]","[4.1117653e-17 3.8975321e-17 4.1598542e-17 ... 1.9673162e-17 0.0000000e+00
 1.6412079e-17]"
5299-55927-0370,[ 3557.9507  3558.771   3559.5898 ... 10332.376  10334.747  10337.131 ],"[ 7.1640293e-17  6.6772917e-17  6.1905535e-17 ...  5.0954541e-17
 -1.2068042e-17 -1.1426036e-17]","[2.5719937e-17 0.0000000e+00 2.5991327e-17 ... 3.3150848e-17 3.0774848e-17
 3.2983321e-17]"
5321-55945-0361,[ 3557.1323  3557.9507  3558.771  ... 10341.888  10344.272  10346.657 ],"[ 1.0546476e-16  6.5045645e-17  2.4626863e-17 ...  5.6667477e-17
  2.4489779e-17 -2.0118697e-17]","[6.1787176e-17 0.0000000e+00 4.4387203e-17 ... 2.9331510e-17 3.1752582e-17
 3.1019326e-17]"
5324-55947-0962,[ 3597.4934  3598.3208  3599.1506 ... 10358.569  10360.958  10363.348 ],"[-1.2796570e-16  1.1511098e-16  1.0765776e-16 ... -5.9004686e-17
 -2.2930653e-17  1.3143414e-17]","[2.8542251e-17 3.2404175e-17 3.6302174e-17 ... 3.2662944e-17 0.0000000e+00
 3.1378001e-17]"
5344-55924-0841,[ 3602.4678  3603.2964  3604.1252 ... 10382.458  10384.841  10387.236 ],"[5.9510986e-17 1.4717474e-16 4.3266142e-17 ... 1.2164637e-16 1.5294797e-16
 5.0493493e-17]","[3.8516583e-17 4.5327496e-17 3.8575095e-17 ... 0.0000000e+00 1.3776679e-16
 4.2002190e-17]"
5360-55983-0945,[ 3599.1506  3599.9788  3600.8088 ... 10382.458  10384.841  10387.236 ],"[5.3895863e-17 3.6717681e-17 7.0280402e-17 ... 4.8761013e-16 5.6133726e-16
 1.4947360e-16]","[5.7867789e-17 5.4579643e-17 4.8606519e-17 ... 0.0000000e+00 4.7849251e-16
 2.1715926e-16]"
5362-56017-0341,[ 3560.4106  3561.2297  3562.0508 ... 10341.888  10344.272  10346.657 ],"[ 5.7433180e-16  6.9258660e-16  8.1085088e-16 ...  2.1975648e-17
  1.4252057e-17 -1.0520390e-17]","[3.5970849e-17 0.0000000e+00 3.5387554e-17 ... 1.8142038e-17 3.1766667e-17
 3.3010072e-17]"
5363-55956-0305,[ 3554.6765  3555.4944  3556.3142 ... 10341.888  10344.272  10346.657 ],"[ 1.5211818e-16  1.8720875e-16  1.0354492e-16 ...  4.1010040e-17
  1.0583825e-17 -2.8440369e-17]","[3.6083034e-17 3.7772802e-17 2.7855264e-17 ... 2.1579769e-17 2.8438850e-17
 3.7154131e-17]"
5371-55976-0568,[ 3597.4934  3598.3208  3599.1506 ... 10356.193  10358.569  10360.958 ],"[ 1.5982171e-16  1.1642947e-17  7.5752678e-17 ... -2.9550663e-17
  6.3877091e-18  1.3302496e-17]","[3.050045e-17 2.829122e-17 2.793611e-17 ... 3.265995e-17 2.823479e-17
 2.398587e-17]"
5392-56010-0988,[ 3599.9788  3600.8088  3601.6372 ... 10382.458  10384.841  10387.236 ],"[-2.0134420e-17  2.1984909e-17  7.3090036e-17 ...  6.7407828e-17
  2.7062065e-16  1.4576839e-16]","[2.7050335e-17 2.9090950e-17 3.1829553e-17 ... 1.4292451e-16 1.7613316e-16
 8.2413692e-17]"
5398-56011-0062,[ 3560.4106  3561.2297  3562.0508 ... 10332.376  10334.747  10337.131 ],"[ 2.3507245e-16  1.3008237e-16  2.5139852e-17 ...  3.6922610e-17
 -2.1881794e-17 -4.2357934e-17]","[4.4050782e-17 0.0000000e+00 4.0342578e-17 ... 2.6614288e-17 2.9317372e-17
 2.9436182e-17]"
5411-55953-0711,[ 3597.4934  3598.3208  3599.1506 ... 10344.272  10346.657  10349.043 ],"[ 1.3618608e-16  9.3712708e-17  5.2120310e-17 ...  2.6622130e-17
 -1.2185681e-17  3.8967420e-17]","[4.1698621e-17 3.7328034e-17 3.4693520e-17 ... 2.3766353e-17 2.4346453e-17
 3.8459031e-17]"
5412-55981-0506,[ 3597.4934  3598.3208  3599.1506 ... 10387.236  10389.631  10392.016 ],"[ 2.3530507e-17  8.9166907e-17 -1.1716726e-16 ...  3.3817552e-17
 -1.0944845e-17 -5.5707974e-17]","[4.6657840e-17 4.2951793e-17 4.0153120e-17 ... 3.5102898e-17 0.0000000e+00
 3.5768921e-17]"
5412-55981-0669,[ 3597.4934  3598.3208  3599.1506 ... 10387.236  10389.631  10392.016 ],"[ 5.3618744e-17 -6.1672800e-17  5.9606391e-18 ...  3.9489361e-17
 -7.2277561e-18 -5.3945570e-17]","[4.9711583e-17 4.1992707e-17 4.5469380e-17 ... 2.3338532e-17 0.0000000e+00
 2.3187044e-17]"
5421-55980-0546,[ 3598.3208  3599.1506  3599.9788 ... 10353.806  10356.193  10358.569 ],"[-4.2932166e-17 -2.9900008e-17  3.3335719e-17 ... -4.4919603e-17
 -3.6720777e-17 -2.8521829e-17]","[3.0470584e-17 3.1738361e-17 3.2551486e-17 ... 4.3564026e-17 0.0000000e+00
 3.8304901e-17]"
5423-55958-0647,[ 3596.666   3597.4934  3598.3208 ... 10382.458  10384.841  10387.236 ],"[ 2.59190414e-16 -2.92436007e-17  1.27725845e-16 ... -3.26627763e-16
 -1.11370830e-16  1.03893534e-16]","[4.8946643e-17 4.7899902e-17 4.6692781e-17 ... 3.9291029e-16 0.0000000e+00
 1.6110224e-16]"
5425-56003-0497,[ 3558.771   3559.5898  3560.4106 ... 10339.515  10341.888  10344.272 ],"[1.8869996e-16 1.4246117e-16 9.6204930e-17 ... 5.6733479e-17 5.5816632e-17
 1.4905672e-17]","[3.8041815e-17 0.0000000e+00 3.1637408e-17 ... 4.7571610e-17 3.8436889e-17
 4.9716695e-17]"
5427-56001-0289,[ 3557.1323  3557.9507  3558.771  ... 10339.515  10341.888  10344.272 ],"[ 9.0249338e-16  6.9159949e-16  4.8073170e-16 ... -6.5323433e-18
  2.4648426e-17  4.2446998e-17]","[3.7168997e-17 0.0000000e+00 3.4071473e-17 ... 2.3265269e-17 2.7152667e-17
 3.1078926e-17]"
5436-56015-0463,[ 3561.2297  3562.0508  3562.8704 ... 10339.515  10341.888  10344.272 ],"[ 1.02845384e-16  7.63746514e-17  3.05483590e-17 ... -6.85629992e-18
  2.08666484e-17  2.03198241e-17]","[1.10533975e-16 3.97823747e-17 3.45426819e-17 ... 2.65022961e-17
 2.80125839e-17 3.78736456e-17]"
5444-56038-0109,[ 3561.2297  3562.0508  3562.8704 ... 10334.747  10337.131  10339.515 ],"[1.02670975e-16 7.82526425e-17 1.80130341e-17 ... 9.65599627e-17
 1.45463549e-17 3.00167499e-17]","[4.4735463e-17 4.1155177e-17 3.7027066e-17 ... 2.8771023e-17 3.3041544e-17
 3.0650559e-17]"
5446-56014-0240,[ 3558.771   3559.5898  3560.4106 ... 10339.515  10341.888  10344.272 ],"[ 1.4119407e-17  5.3124437e-17  2.7881532e-17 ... -2.6753935e-18
  3.4210939e-17  1.6375102e-17]","[5.3794791e-17 2.8581999e-17 2.8215114e-17 ... 1.8515227e-17 1.7666881e-17
 1.8398995e-17]"
5460-56000-0941,[ 3598.3208  3599.1506  3599.9788 ... 10387.236  10389.631  10392.016 ],"[ 3.9651614e-17  5.9350652e-17  5.1183508e-17 ...  1.1415462e-16
  1.6124888e-17 -8.1907537e-17]","[5.3412002e-17 5.3001475e-17 4.8986063e-17 ... 5.8735012e-17 0.0000000e+00
 4.5471508e-17]"
5489-55990-0970,[ 3594.181   3595.0098  3595.8367 ... 10382.458  10384.841  10387.236 ],"[-2.7864939e-17  2.8478399e-17  5.3247621e-17 ... -3.1166151e-16
  4.2852474e-16  1.1964943e-16]","[4.4456710e-17 4.5883024e-17 4.3586370e-17 ... 2.7708123e-16 1.1229279e-16
 8.1798706e-17]"
5495-55896-0529,[ 3576.0208  3576.8435  3577.6682 ... 10349.043  10351.419  10353.806 ],"[-4.6162171e-17  9.9003037e-17 -2.6592262e-17 ...  2.6505420e-17
  9.1782910e-18 -8.1499285e-18]","[2.7109956e-17 2.9403356e-17 2.9630768e-17 ... 4.3319783e-17 0.0000000e+00
 2.7821022e-17]"
5649-55912-0445,[ 3554.6765  3555.4944  3556.3142 ... 10337.131  10339.515  10341.888 ],"[ 2.0739076e-16  1.3080552e-16  5.4224243e-17 ... -4.4143744e-17
  9.1435618e-18  8.2192504e-17]","[4.7306396e-17 0.0000000e+00 4.3033109e-17 ... 2.7453999e-17 2.1514945e-17
 2.4648052e-17]"
5649-55912-0680,[ 3596.666   3597.4934  3598.3208 ... 10382.458  10384.841  10387.236 ],"[4.3128068e-18 4.8758720e-17 7.5257150e-17 ... 2.5158674e-18 1.4857643e-17
 2.7199719e-17]","[5.5743946e-17 3.5578196e-17 3.6396705e-17 ... 7.2699435e-17 0.0000000e+00
 2.5261179e-17]"
5699-55953-0036,[ 3553.0396  3553.857   3554.6765 ... 10334.747  10337.131  10339.515 ],"[-7.74567889e-17 -3.18202055e-17  1.37950664e-17 ... -2.92175578e-17
 -3.74197649e-17  1.92421434e-17]","[5.4385673e-17 0.0000000e+00 4.2917350e-17 ... 3.9377003e-17 3.8163821e-17
 3.8140789e-17]"
5702-56221-0241,[ 3563.69    3564.5117  3565.3318 ... 10334.747  10337.131  10339.515 ],"[ 1.6373901e-16  9.8136602e-17  3.2558153e-17 ...  1.5162449e-17
 -6.0609538e-18 -7.8545638e-18]","[4.6835009e-17 0.0000000e+00 4.1577539e-17 ... 2.4214172e-17 2.3912900e-17
 2.2343720e-17]"
5705-56194-0551,[ 3604.1252  3604.9565  3605.786  ... 10349.043  10351.419  10353.806 ],"[ 4.9327655e-17 -1.8693653e-17  1.6379218e-17 ... -3.6613284e-17
 -3.8134241e-17 -2.5071227e-17]","[5.1524597e-17 4.8267180e-17 4.8309257e-17 ... 3.3470113e-17 3.7233424e-17
 2.7105173e-17]"
5713-56686-0106,[ 3563.69    3564.5117  3565.3318 ... 10325.231  10327.612  10329.994 ],"[-2.6830917e-16 -8.4277932e-17  9.9787932e-17 ... -5.2221206e-17
 -2.2731261e-17 -1.0410681e-17]","[4.2927666e-17 0.0000000e+00 4.2965386e-17 ... 3.8584296e-17 3.8955475e-17
 4.2514460e-17]"
5716-56684-0583,[ 3606.6172  3607.447   3608.2788 ... 10384.841  10387.236  10389.631 ],"[1.86685267e-17 6.72013441e-17 1.01701836e-16 ... 7.61319632e-17
 8.72531882e-17 9.83738109e-17]","[6.132434e-17 6.168725e-17 6.187194e-17 ... 0.000000e+00 0.000000e+00
 6.489221e-17]"
5729-56598-0220,[ 3563.69    3564.5117  3565.3318 ... 10337.131  10339.515  10341.888 ],"[ 1.8114792e-16 -9.0044076e-17  1.1221009e-16 ... -8.7624069e-17
 -1.9545422e-16  6.4056562e-17]","[2.5841461e-17 2.6210359e-17 2.7602585e-17 ... 6.2266762e-17 8.0752587e-17
 5.7813109e-17]"
5736-55984-0182,[ 3554.6765  3555.4944  3556.3142 ... 10332.376  10334.747  10337.131 ],"[ 6.1774437e-17  3.5717553e-17  9.6590864e-18 ... -1.6020083e-17
 -1.4901084e-16 -8.4307261e-17]","[7.2450976e-17 0.0000000e+00 5.7620806e-17 ... 7.9778969e-17 1.3866056e-16
 1.4103836e-16]"
5767-56245-0126,[ 3559.5898  3560.4106  3561.2297 ... 10332.376  10334.747  10337.131 ],"[1.3413074e-16 1.1460493e-16 1.0229833e-16 ... 6.0273925e-17 3.7495373e-17
 9.7748793e-17]","[6.5757557e-17 5.8261315e-17 3.5046511e-17 ... 2.5907576e-17 2.6659510e-17
 2.8192211e-17]"
5767-56245-0373,[ 3560.4106  3561.2297  3562.0508 ... 10344.272  10346.657  10349.043 ],"[1.11003985e-16 9.67639520e-17 8.25262811e-17 ... 5.15290541e-17
 1.22243208e-17 7.59193563e-18]","[6.1257965e-17 0.0000000e+00 3.0303074e-17 ... 2.7447284e-17 3.0138048e-17
 2.9710898e-17]"
5777-56280-0893,[ 3604.9565  3605.786   3606.6172 ... 10384.841  10387.236  10389.631 ],"[-2.3975426e-17 -2.9693789e-17  6.1438436e-17 ...  3.4363409e-17
  2.7327544e-17  2.0291647e-17]","[5.6590106e-17 5.0851054e-17 4.9117727e-17 ... 2.7232252e-17 0.0000000e+00
 1.8403902e-17]"
5782-56272-0999,[ 3605.786   3606.6172  3607.447  ... 10387.236  10389.631  10392.016 ],"[-2.2683744e-17  2.6333096e-17 -3.7749456e-17 ...  3.4489160e-17
  8.6924281e-17  1.5451870e-16]","[3.8576521e-17 3.8891594e-17 3.7118575e-17 ... 8.0826868e-17 5.4903564e-17
 4.5815605e-17]"
5785-56269-0387,[ 3562.0508  3562.8704  3563.69   ... 10344.272  10346.657  10349.043 ],"[ 3.4177300e-17  1.4332986e-16 -1.0237385e-17 ...  3.4992973e-17
 -2.9934283e-17  1.4981105e-16]","[3.9088393e-17 3.4129413e-17 3.0662103e-17 ... 3.4135246e-17 3.8592353e-17
 4.7282362e-17]"
5796-56274-0105,[ 3563.69    3564.5117  3565.3318 ... 10334.747  10337.131  10339.515 ],"[-1.2243403e-16  7.9539047e-17  7.8398286e-17 ... -6.6475588e-18
 -3.5602264e-17 -1.4739927e-17]","[5.4445693e-17 4.1297723e-17 3.5928438e-17 ... 5.2580655e-17 4.0890075e-17
 3.5013543e-17]"
5796-56274-0126,[ 3563.69    3564.5117  3565.3318 ... 10337.131  10339.515  10341.888 ],"[ 5.8303867e-18  1.7402555e-17 -2.4238119e-17 ... -8.1951852e-18
  3.9751412e-17  1.4476739e-16]","[2.3951991e-17 1.9203673e-17 1.8248154e-17 ... 7.0982373e-17 7.2399016e-17
 8.2721443e-17]"
5801-56328-0348,[ 3564.5117  3565.3318  3566.1538 ... 10344.272  10346.657  10349.043 ],"[ 1.8312082e-16  9.2517478e-17  1.9434594e-18 ... -3.3299101e-18
 -4.5520490e-17  8.6425220e-17]","[3.1628855e-17 0.0000000e+00 2.6289479e-17 ... 4.8273073e-17 3.4986779e-17
 2.7714663e-17]"
5804-56304-0598,[ 3602.4678  3603.2964  3604.1252 ... 10387.236  10389.631  10392.016 ],"[-6.8433698e-17 -2.9913117e-17  3.8394594e-17 ...  7.7280666e-17
  1.7507757e-16  1.2028695e-16]","[4.5641970e-17 3.9993316e-17 4.0733550e-17 ... 8.5205056e-17 8.1757096e-17
 8.4498101e-17]"
5808-56325-0383,[ 3558.771   3559.5898  3560.4106 ... 10334.747  10337.131  10339.515 ],"[ 5.5159477e-17  3.3327949e-16  1.1659832e-16 ... -2.2113406e-17
 -5.4140424e-17  8.7872865e-19]","[4.6428120e-16 7.6039921e-17 6.3945111e-17 ... 2.8122139e-17 2.3952626e-17
 2.0618749e-17]"
5846-56017-0608,[ 3599.1506  3599.9788  3600.8088 ... 10382.458  10384.841  10387.236 ],"[ 9.0161390e-17 -1.9969577e-16  1.3963112e-16 ... -4.5407491e-17
  2.2765985e-16  1.1197691e-16]","[3.6691419e-17 3.4072476e-17 3.4738823e-17 ... 1.2556921e-16 1.0848110e-16
 8.3829276e-17]"
5851-56075-0908,[ 3588.3923  3589.22    3590.0457 ... 10375.279  10377.672  10380.064 ],"[ 1.6001311e-17 -2.8824898e-17  3.4150264e-17 ...  8.7132071e-18
  4.5011339e-18 -3.7110161e-17]","[2.4325832e-17 2.3422418e-17 2.3358540e-17 ... 6.2399885e-17 4.6575195e-17
 3.3646091e-17]"
5855-56088-0473,[ 3581.7893  3582.6133  3583.4395 ... 10334.747  10337.131  10339.515 ],"[ 3.0303572e-16  2.5896481e-16  2.1492089e-16 ... -7.2590743e-17
 -2.9475506e-17  4.3155356e-17]","[1.0497879e-16 0.0000000e+00 1.0433706e-16 ... 5.0568499e-17 4.9799145e-17
 4.4668895e-17]"
5856-56090-0347,[ 3581.7893  3582.6133  3583.4395 ... 10329.994  10332.376  10334.747 ],"[ 6.2540107e-18  3.0069402e-17  5.3891482e-17 ...  3.8240742e-17
 -5.6705601e-18 -2.7374580e-17]","[2.5379167e-17 0.0000000e+00 2.7830766e-17 ... 2.6744046e-17 2.9427801e-17
 2.7601270e-17]"
5863-56042-0568,[ 3602.4678  3603.2964  3604.1252 ... 10384.841  10387.236  10389.631 ],"[-4.8183218e-17  2.4426974e-17  1.9318669e-17 ...  2.0948295e-16
  6.1396078e-17 -3.1205547e-17]","[3.2990679e-17 3.3830582e-17 3.1361408e-17 ... 1.0719863e-16 7.1605730e-17
 5.4595148e-17]"
5876-56042-0786,[ 3600.8088  3601.6372  3602.4678 ... 10382.458  10384.841  10387.236 ],"[ 2.8766324e-17  4.0257633e-17  4.4159735e-17 ...  6.2506776e-17
  1.2563590e-17 -3.7379650e-17]","[3.8589656e-17 3.7844459e-17 3.8337131e-17 ... 8.9780549e-17 0.0000000e+00
 5.4684728e-17]"
5880-56042-0587,[ 3600.8088  3601.6372  3602.4678 ... 10387.236  10389.631  10392.016 ],"[ 3.8526059e-17  1.2732644e-17  8.8557520e-17 ...  9.8696001e-17
  3.8174504e-17 -4.6495237e-17]","[3.0154796e-17 2.9570225e-17 3.1246430e-17 ... 4.0019756e-17 5.1622764e-17
 5.4754516e-17]"
5893-56034-0533,[ 3596.666   3597.4934  3598.3208 ... 10382.458  10384.841  10387.236 ],"[-8.9908453e-18 -8.1450953e-18 -3.0230265e-17 ...  6.8647084e-17
  7.2458648e-18 -5.4157199e-17]","[2.2562605e-17 2.4193086e-17 2.1937161e-17 ... 6.6911553e-17 0.0000000e+00
 3.2093403e-17]"
5894-56039-0516,[ 3600.8088  3601.6372  3602.4678 ... 10382.458  10384.841  10387.236 ],"[5.9548210e-17 8.3355346e-18 3.2152950e-17 ... 9.7866989e-18 9.2335252e-18
 1.0370321e-16]","[2.5699557e-17 2.4107291e-17 2.4063880e-17 ... 5.2188261e-17 4.3934044e-17
 4.5781959e-17]"
5898-56045-0849,[ 3601.6372  3602.4678  3603.2964 ... 10384.841  10387.236  10389.631 ],"[-3.1637342e-18  3.0935761e-17 -2.9869188e-17 ...  8.9152666e-17
  1.3103744e-16  7.8681989e-17]","[2.9346413e-17 2.9975338e-17 3.1321227e-17 ... 1.0881874e-16 8.1367123e-17
 4.0484512e-17]"
5899-56038-0801,[ 3599.9788  3600.8088  3601.6372 ... 10389.631  10392.016  10394.412 ],"[-8.4552351e-17  5.6432002e-17  8.6406327e-18 ...  6.8299615e-17
 -1.1884818e-17 -9.2069120e-17]","[3.8516315e-17 3.5511026e-17 3.6372392e-17 ... 2.9553621e-17 0.0000000e+00
 2.8632877e-17]"
5900-56043-0572,[ 3600.8088  3601.6372  3602.4678 ... 10389.631  10392.016  10394.412 ],"[ 8.0717793e-17 -2.8584252e-17  4.1722034e-17 ...  1.6968315e-16
 -5.0213937e-18 -1.7973706e-16]","[4.0337211e-17 3.7308714e-17 4.0111933e-17 ... 1.0239288e-16 0.0000000e+00
 3.9387267e-17]"
5901-56039-0452,[ 3560.4106  3561.2297  3562.0508 ... 10339.515  10341.888  10344.272 ],"[-5.2084861e-16 -4.3066768e-16 -3.4052006e-16 ...  4.7189777e-17
  7.3808558e-17  3.5657311e-17]","[4.0585911e-17 0.0000000e+00 4.2013734e-17 ... 3.0662705e-17 3.2317047e-17
 3.4016344e-17]"
5902-56042-0794,[ 3600.8088  3601.6372  3602.4678 ... 10387.236  10389.631  10392.016 ],"[ 1.3336951e-16  4.4566146e-17  9.4020657e-18 ...  7.0796953e-17
 -1.0318423e-18 -7.2860980e-17]","[5.4825382e-17 4.6969310e-17 4.5357178e-17 ... 5.2709103e-17 0.0000000e+00
 2.7294325e-17]"
5904-56046-0977,[ 3599.9788  3600.8088  3601.6372 ... 10382.458  10384.841  10387.236 ],"[ 6.1649804e-17 -3.9391677e-18  2.0189502e-17 ... -3.9717682e-16
 -1.4857073e-16  1.0004229e-16]","[3.3367328e-17 3.2258542e-17 3.3326620e-17 ... 0.0000000e+00 0.0000000e+00
 7.1999614e-17]"
5953-56092-0008,[ 3585.0903  3585.915   3586.74   ... 10327.612  10329.994  10332.376 ],"[-2.4036492e-17  2.3848221e-17  8.9409770e-18 ...  1.3026852e-17
  3.6596747e-17  2.0948974e-17]","[1.2341474e-16 4.4857651e-17 4.2911569e-17 ... 1.8527203e-17 1.9612659e-17
 2.1277440e-17]"
5987-56339-0051,[ 3560.4106  3561.2297  3562.0508 ... 10327.612  10329.994  10332.376 ],"[ 6.37549788e-17  1.06049266e-16  1.48350700e-16 ...  1.76860943e-17
  4.48656014e-17 -2.84279444e-17]","[3.2751846e-17 0.0000000e+00 3.8903413e-17 ... 2.4606474e-17 2.3188278e-17
 2.5064769e-17]"
5989-56312-0749,[ 3606.6172  3607.447   3608.2788 ... 10382.458  10384.841  10387.236 ],"[9.5001455e-17 8.3208976e-17 6.8795626e-17 ... 3.5252115e-17 4.7996040e-17
 6.0740230e-17]","[3.6381015e-17 3.4451570e-17 3.3239178e-17 ... 0.0000000e+00 0.0000000e+00
 3.4941538e-17]"
5991-56076-0044,[ 3577.6682  3578.4915  3579.3167 ... 10329.994  10332.376  10334.747 ],"[-2.8397372e-17 -3.6191898e-17  1.6396833e-16 ...  1.1875799e-18
 -4.2465937e-17 -4.5332737e-17]","[3.5309515e-17 2.8905072e-17 2.7219711e-17 ... 1.9553001e-17 1.8867657e-17
 1.8503782e-17]"
6012-56101-0730,[ 3589.22    3590.0457  3590.8735 ... 10389.631  10392.016  10394.412 ],"[ 3.1164464e-18  8.3268772e-17 -1.3735160e-19 ...  2.9059196e-17
  3.3894720e-18 -2.2280449e-17]","[3.8604658e-17 3.6674737e-17 3.3820107e-17 ... 2.4533907e-17 0.0000000e+00
 5.7453755e-17]"
6019-56074-0482,[ 3580.9636  3581.7893  3582.6133 ... 10341.888  10344.272  10346.657 ],"[-5.0556650e-17 -2.7182161e-17  4.4232001e-17 ...  2.9610968e-17
 -2.3734571e-17 -4.5175338e-17]","[3.3906166e-17 3.1368184e-17 3.0065623e-17 ... 3.1705975e-17 4.3789367e-17
 6.2677037e-17]"
6024-56088-0708,[ 3588.3923  3589.22    3590.0457 ... 10380.064  10382.458  10384.841 ],"[-9.8791661e-18 -3.8166795e-17  9.2373509e-18 ... -2.3056623e-16
  7.9318892e-17  1.4071944e-16]","[3.6703873e-17 3.3476797e-17 3.6166768e-17 ... 1.2458652e-16 7.5632426e-17
 6.2631562e-17]"
6040-56101-0004,[ 3585.0903  3585.915   3586.74   ... 10337.131  10339.515  10341.888 ],"[-2.0490978e-17  2.4828953e-17  7.0151474e-17 ...  4.6544076e-18
  4.2189321e-21  1.2800684e-17]","[5.0716273e-17 0.0000000e+00 4.4576575e-17 ... 3.1003040e-17 2.6263446e-17
 2.2723000e-17]"
6050-56089-0885,[ 3586.74    3587.5671  3588.3923 ... 10387.236  10389.631  10392.016 ],"[ 6.830180e-17  3.736383e-17  6.699656e-17 ...  7.515639e-17 -2.107780e-18
 -7.937502e-17]","[2.5944024e-17 2.5181376e-17 2.5819467e-17 ... 3.9907693e-17 0.0000000e+00
 2.1129745e-17]"
6051-56093-0379,[ 3583.4395  3584.264   3585.0903 ... 10329.994  10332.376  10334.747 ],"[-1.9193634e-17  2.0235529e-17  5.9675807e-17 ...  3.2371147e-17
 -2.3659339e-17 -1.3758748e-17]","[4.2396196e-17 0.0000000e+00 4.1675487e-17 ... 2.0115858e-17 2.6549626e-17
 3.0583776e-17]"
6111-56270-0028,[ 3562.0508  3562.8704  3563.69   ... 10337.131  10339.515  10341.888 ],"[-8.8937053e-19 -2.1986916e-17  6.5313945e-18 ... -2.3951525e-18
  4.8674619e-17  4.2082271e-17]","[2.7806087e-17 2.4789195e-17 2.6223553e-17 ... 2.4598037e-17 2.4827475e-17
 2.8293537e-17]"
6114-56209-0437,[ 3562.8704  3563.69    3564.5117 ... 10339.515  10341.888  10344.272 ],"[ 4.9974845e-17  4.1968802e-17  3.3961812e-17 ...  2.7067189e-17
  5.3664702e-17 -3.0733650e-18]","[5.7964503e-17 0.0000000e+00 2.4631721e-17 ... 1.9754683e-17 2.0416520e-17
 2.6173361e-17]"
6114-56209-0535,[ 3604.9565  3605.786   3606.6172 ... 10389.631  10392.016  10394.412 ],"[ 4.1858995e-17  2.3458142e-17 -5.8121151e-17 ...  2.3608047e-17
 -2.1602502e-17 -6.6815382e-17]","[2.6271255e-17 2.6294283e-17 2.3204077e-17 ... 4.1418449e-17 0.0000000e+00
 2.8218674e-17]"
6116-56245-0519,[ 3601.6372  3602.4678  3603.2964 ... 10384.841  10387.236  10389.631 ],"[ 4.4267282e-17  4.3908904e-17  4.8107084e-17 ...  1.1526476e-16
  8.6193262e-18 -9.8026792e-17]","[2.9344897e-17 2.9047820e-17 2.8873312e-17 ... 5.6875159e-17 0.0000000e+00
 5.7675982e-17]"
6117-56272-0628,[ 3602.4678  3603.2964  3604.1252 ... 10356.193  10358.569  10360.958 ],"[-4.48614870e-18  1.85474176e-17  1.17651114e-17 ... -3.18108385e-17
 -4.29512871e-18  2.32212511e-17]","[2.1056635e-17 2.1645523e-17 2.0699103e-17 ... 2.3462078e-17 0.0000000e+00
 2.7204635e-17]"
6118-56189-0557,[ 3606.6172  3607.447   3608.2788 ... 10387.236  10389.631  10392.016 ],"[ 1.89806743e-16  5.87986648e-17  1.05704246e-16 ...  1.90203515e-17
  1.19320989e-16 -1.65147999e-17]","[4.7094579e-17 3.8934607e-17 4.0672881e-17 ... 5.3092042e-17 5.3585395e-17
 5.5944680e-17]"
6125-56273-0074,[ 3559.5898  3560.4106  3561.2297 ... 10339.515  10341.888  10344.272 ],"[ 1.3986893e-18  5.0598613e-18  8.7218776e-18 ...  5.6584408e-17
  2.4115210e-17 -6.6178069e-17]","[3.8079068e-17 0.0000000e+00 2.0657985e-17 ... 3.0078838e-17 2.8690925e-17
 3.7669319e-17]"
6130-56214-0459,[ 3562.0508  3562.8704  3563.69   ... 10337.131  10339.515  10341.888 ],"[-4.786559e-17 -6.525812e-17 -8.264514e-17 ... -6.505461e-17  3.794599e-17
  6.639405e-17]","[4.1208451e-17 0.0000000e+00 3.8704797e-17 ... 3.5346271e-17 3.0511176e-17
 2.7919103e-17]"
6159-56214-0091,[ 3563.69    3564.5117  3565.3318 ... 10337.131  10339.515  10341.888 ],"[ 1.07082355e-16  4.79847374e-17 -1.10927427e-17 ...  5.77936163e-18
 -5.22945196e-18  4.12789430e-17]","[5.8597554e-17 0.0000000e+00 4.0289837e-17 ... 3.5007521e-17 3.7029514e-17
 4.6779807e-17]"
6167-56189-0231,[ 3562.8704  3563.69    3564.5117 ... 10341.888  10344.272  10346.657 ],"[-1.2771358e-16  1.6624055e-16  1.0640438e-16 ...  8.5928488e-17
  7.9764108e-18 -7.0774275e-17]","[7.7924252e-17 4.0299343e-17 4.5942908e-17 ... 2.5111230e-17 3.6640127e-17
 4.8193419e-17]"
6176-56264-0425,[ 3562.8704  3563.69    3564.5117 ... 10329.994  10332.376  10334.747 ],"[-1.2725359e-18  8.2846059e-18  3.0468602e-17 ...  6.4625689e-17
  2.3392027e-18 -3.8214001e-17]","[3.3308049e-17 2.7072382e-17 2.6052685e-17 ... 2.8369943e-17 3.0100626e-17
 3.0841813e-17]"
6178-56213-0377,[ 3561.2297  3562.0508  3562.8704 ... 10339.515  10341.888  10344.272 ],"[2.4501661e-16 5.1351217e-17 5.1139283e-17 ... 3.5022887e-17 7.0970383e-17
 2.3289010e-17]","[5.7472006e-17 5.6690525e-17 5.2622594e-17 ... 3.3203837e-17 3.1377287e-17
 4.0607014e-17]"
6194-56190-0982,[ 3604.9565  3605.786   3606.6172 ... 10384.841  10387.236  10389.631 ],"[ 6.99217095e-17 -1.54088809e-17 -2.46283167e-17 ...  2.78558511e-16
  8.77110823e-17 -1.03151434e-16]","[2.7671896e-17 2.7609117e-17 2.6040415e-17 ... 1.0890777e-16 0.0000000e+00
 6.7254548e-17]"
6252-56248-0608,[ 3604.1252  3604.9565  3605.786  ... 10382.458  10384.841  10387.236 ],"[-1.4478462e-17  4.7491883e-17 -4.8088223e-18 ...  2.9031980e-16
  3.7811003e-16  1.3954403e-16]","[4.1456013e-17 3.9699895e-17 3.8798615e-17 ... 0.0000000e+00 3.7905153e-16
 1.6333326e-16]"
6253-56574-0167,[ 3565.3318  3566.1538  3566.9744 ... 10341.888  10344.272  10346.657 ],"[-1.5981639e-16  6.1327813e-17  2.3957103e-17 ...  3.1192074e-17
 -8.9554616e-17 -4.8342519e-17]","[4.9294578e-17 4.8688797e-17 4.7262198e-17 ... 6.9516954e-17 9.1393168e-17
 1.0076179e-16]"
6253-56574-0680,[ 3605.786   3606.6172  3607.447  ... 10384.841  10387.236  10389.631 ],"[ 1.00827023e-16 -2.31821933e-17  4.76102860e-17 ...  7.87570440e-17
  5.80537853e-17  3.73505266e-17]","[3.7476622e-17 3.1833096e-17 2.9679846e-17 ... 1.2831284e-16 0.0000000e+00
 8.1801803e-17]"
6254-56268-0654,[ 3604.9565  3605.786   3606.6172 ... 10384.841  10387.236  10389.631 ],"[ 5.1960664e-17 -3.1416991e-17 -3.6363224e-18 ...  1.7450630e-16
  3.8221124e-17 -9.8069521e-17]","[3.9985319e-17 3.6829287e-17 3.8400765e-17 ... 8.7061309e-17 0.0000000e+00
 7.2796473e-17]"
6265-56248-0717,[ 3603.2964  3604.1252  3604.9565 ... 10389.631  10392.016  10394.412 ],"[-5.21442019e-17 -4.80668367e-18  3.32038776e-18 ... -7.62623996e-17
 -8.95517709e-17 -1.02841526e-16]","[3.2092841e-17 3.1749002e-17 3.0600359e-17 ... 0.0000000e+00 0.0000000e+00
 3.2862218e-17]"
6275-56245-0534,[ 3600.8088  3601.6372  3602.4678 ... 10380.064  10382.458  10384.841 ],"[ 1.9854026e-16 -1.4682611e-16 -3.0364761e-17 ... -5.1541177e-16
  3.6422684e-16  2.8872322e-16]","[6.7022772e-17 5.7430951e-17 5.2062486e-17 ... 4.5553146e-16 3.2395707e-16
 2.7466404e-16]"
6283-56239-0262,[ 3564.5117  3565.3318  3566.1538 ... 10339.515  10341.888  10344.272 ],"[-1.2253056e-16 -8.9634608e-17 -5.6738429e-17 ... -9.9468874e-18
  2.1379603e-16 -1.3115105e-16]","[3.3243214e-17 0.0000000e+00 3.1408180e-17 ... 5.1927825e-17 5.8885499e-17
 6.2454413e-17]"
6290-56238-0843,[ 3603.2964  3604.1252  3604.9565 ... 10382.458  10384.841  10387.236 ],"[ 6.7214526e-17 -3.7606552e-17  3.5429982e-18 ...  1.2072379e-16
  1.2383618e-16  1.2694860e-16]","[2.93730446e-17 2.50024820e-17 2.51337224e-17 ... 1.10645254e-16
 0.00000000e+00 2.28819879e-17]"
6315-56181-0276,[ 3563.69    3564.5117  3565.3318 ... 10339.515  10341.888  10344.272 ],"[ 8.6795797e-18  1.2447326e-17  1.6216148e-17 ...  2.7004406e-17
  1.6986235e-16 -8.2321227e-19]","[3.1951585e-17 0.0000000e+00 3.1183733e-17 ... 3.3746339e-17 4.9290932e-17
 5.9113046e-17]"
6402-56334-0033,[ 3561.2297  3562.0508  3562.8704 ... 10337.131  10339.515  10341.888 ],"[2.4404515e-16 1.8883730e-16 1.8157025e-16 ... 7.5741711e-18 8.9324563e-18
 6.8754835e-18]","[3.8114550e-17 3.7501924e-17 3.6595860e-17 ... 2.0865272e-17 1.9061011e-17
 2.0375990e-17]"
6404-56330-0689,[ 3605.786   3606.6172  3607.447  ... 10382.458  10384.841  10387.236 ],"[ 6.4104413e-17  4.6689151e-17  2.1769885e-17 ... -1.9742495e-17
  5.3659696e-17  3.2701423e-18]","[3.9257773e-17 4.0430901e-17 3.9580070e-17 ... 2.3171215e-17 2.0584613e-17
 2.2268903e-17]"
6408-56329-0200,[ 3562.8704  3563.69    3564.5117 ... 10339.515  10341.888  10344.272 ],"[ 1.0090661e-16  4.4932699e-17 -1.1045264e-17 ... -1.8249204e-17
  4.4530196e-17  5.4613343e-17]","[3.6459838e-17 0.0000000e+00 3.6149123e-17 ... 1.9938284e-17 2.2488457e-17
 2.6947584e-17]"
6409-56306-0367,[ 3561.2297  3562.0508  3562.8704 ... 10329.994  10332.376  10334.747 ],"[-7.7520965e-17  2.3180939e-17  1.2388336e-16 ...  1.9582896e-17
  2.5241084e-17  1.5392177e-17]","[2.6250474e-17 0.0000000e+00 2.9304193e-17 ... 1.8943680e-17 2.2869330e-17
 2.8901297e-17]"
6417-56308-0981,[ 3603.2964  3604.1252  3604.9565 ... 10382.458  10384.841  10387.236 ],"[ 1.4614991e-16  9.2502562e-17  1.6148262e-16 ... -1.6160044e-16
  3.1720839e-16  1.8259390e-16]","[4.2589700e-17 3.9837223e-17 4.2500249e-17 ... 1.3160958e-16 1.1666055e-16
 7.7427182e-17]"
6449-56356-0692,[ 3604.9565  3605.786   3606.6172 ... 10387.236  10389.631  10392.016 ],"[-9.3303913e-18 -1.7265114e-17  6.8456785e-19 ...  3.4260431e-17
 -2.5082173e-17 -8.4429465e-17]","[4.4863884e-17 4.2499177e-17 4.3130868e-17 ... 3.7152824e-17 0.0000000e+00
 3.7672922e-17]"
6456-56339-0275,[ 3562.8704  3563.69    3564.5117 ... 10339.515  10341.888  10344.272 ],"[-7.7027586e-19  4.6559548e-17  9.3887163e-17 ...  1.5656403e-17
  1.7489818e-17  1.6710876e-17]","[4.3072638e-17 0.0000000e+00 4.3106913e-17 ... 1.9044211e-17 2.0955175e-17
 2.3017839e-17]"
6456-56339-0834,[ 3604.1252  3604.9565  3605.786  ... 10392.016  10394.412  10396.809 ],"[-8.7759608e-17  4.6745009e-17 -6.4128950e-17 ... -6.8156122e-17
  1.2856741e-16  3.2529204e-16]","[5.0003415e-17 5.0345213e-17 4.8641165e-17 ... 4.6052589e-17 0.0000000e+00
 1.8352572e-16]"
6457-56330-0700,[ 3605.786   3606.6172  3607.447  ... 10389.631  10392.016  10394.412 ],"[ 6.7060479e-17  6.7873749e-17  2.7937337e-17 ...  3.7747378e-17
 -3.3024365e-17 -7.9429218e-17]","[3.1449301e-17 3.1008133e-17 3.4195534e-17 ... 2.9304657e-17 3.0618898e-17
 3.2881104e-17]"
6458-56274-0655,[ 3609.109   3609.9392  3610.7717 ... 10387.236  10389.631  10392.016 ],"[ 1.7190846e-17  1.4356923e-16  4.6295909e-17 ...  1.3985005e-16
  3.7593369e-18 -1.3233386e-16]","[3.6930167e-17 3.7208334e-17 3.7224861e-17 ... 1.0235512e-16 0.0000000e+00
 1.0961972e-16]"
6461-56329-0486,[ 3563.69    3564.5117  3565.3318 ... 10329.994  10332.376  10334.747 ],"[-1.8365231e-16 -9.2531573e-17 -1.3463120e-18 ...  1.5552483e-17
 -4.1196956e-17 -1.5875833e-17]","[3.4677612e-17 0.0000000e+00 3.4463610e-17 ... 2.2405775e-17 2.5469788e-17
 2.4803236e-17]"
6473-56363-0410,[ 3564.5117  3565.3318  3566.1538 ... 10337.131  10339.515  10341.888 ],"[-7.9971312e-17  4.7293282e-18  8.9399867e-17 ...  2.6676222e-17
  1.5544215e-18  3.8381624e-17]","[3.6824096e-17 0.0000000e+00 4.0188206e-17 ... 2.5521715e-17 2.2818143e-17
 2.5160128e-17]"
6479-56364-0245,[ 3563.69    3564.5117  3565.3318 ... 10327.612  10329.994  10332.376 ],"[1.1348591e-16 8.0011434e-17 2.3880124e-17 ... 4.6322455e-17 3.5818800e-17
 8.0321405e-18]","[3.2226120e-17 3.1436986e-17 3.0587941e-17 ... 1.6887312e-17 1.6355533e-17
 1.8386566e-17]"
6493-56338-0140,[ 3562.8704  3563.69    3564.5117 ... 10337.131  10339.515  10341.888 ],"[ 1.9673849e-17 -7.1086123e-18  3.6939314e-18 ... -2.1684010e-17
 -6.2487672e-18  1.4352603e-17]","[9.6863922e-17 4.2344732e-17 4.4815041e-17 ... 2.8515166e-17 3.5406186e-17
 3.1890360e-17]"
6501-56563-0158,[ 3562.0508  3562.8704  3563.69   ... 10337.131  10339.515  10341.888 ],"[ 2.5418466e-16  1.5890024e-16  6.3660733e-17 ...  3.3944614e-17
 -3.0505061e-17  1.0673704e-16]","[5.3611590e-16 0.0000000e+00 5.8167996e-17 ... 4.0854937e-17 3.0938577e-17
 3.7280312e-17]"
6513-56543-0640,[ 3611.6023  3612.435   3613.266  ... 10356.193  10358.569  10360.958 ],"[-3.3599749e-17  1.4188771e-17  7.8495767e-18 ...  1.0805694e-17
 -1.2147795e-17 -1.1279354e-17]","[3.3445380e-17 3.3622000e-17 3.1994701e-17 ... 2.8404419e-17 2.7949083e-17
 2.6277548e-17]"
6514-56487-0217,[ 3575.1963  3576.0208  3576.8435 ... 10341.888  10344.272  10346.657 ],"[ 2.3593208e-17 -1.1831171e-18 -2.5961135e-17 ...  8.6992410e-18
 -8.2912689e-18 -3.2987023e-17]","[4.9016827e-17 0.0000000e+00 2.6800969e-17 ... 2.9245215e-17 2.6938018e-17
 2.3416089e-17]"
6514-56487-0797,[ 3618.2625  3619.0947  3619.9292 ... 10382.458  10384.841  10387.236 ],"[ 3.5744086e-17 -8.3908060e-18  4.4392646e-17 ... -1.4200051e-16
 -8.0291833e-18  3.5240439e-17]","[3.4684295e-17 3.3595378e-17 3.4678052e-17 ... 6.1077250e-17 5.0979945e-17
 3.7280557e-17]"
6519-56566-0861,[ 3607.447   3608.2788  3609.109  ... 10380.064  10382.458  10384.841 ],"[-5.4908460e-18 -4.2571810e-18  1.2893338e-16 ... -2.0932699e-16
  3.5536850e-17  3.7912384e-17]","[3.9545053e-17 4.0054934e-17 4.0667958e-17 ... 1.1951799e-16 7.4219588e-17
 3.2404073e-17]"
6521-56537-0510,[ 3610.7717  3611.6023  3612.435  ... 10384.841  10387.236  10389.631 ],"[ 2.3603165e-19  4.5242548e-17 -2.7083119e-17 ...  1.3417944e-16
  7.6601001e-17  1.9021508e-17]","[3.9959395e-17 3.8945321e-17 3.7069613e-17 ... 5.0712746e-17 0.0000000e+00
 3.7883115e-17]"
6600-56566-0226,[ 3566.1538  3566.9744  3567.7969 ... 10334.747  10337.131  10339.515 ],"[ 1.6051143e-16 -5.4966688e-17  3.4053911e-17 ...  2.5763500e-17
 -1.6349140e-18  1.9217171e-17]","[4.9219156e-17 4.7548472e-17 4.5130316e-17 ... 3.3829864e-17 3.9335406e-17
 4.1509779e-17]"
6618-56401-0948,[ 3605.786   3606.6172  3607.447  ... 10387.236  10389.631  10392.016 ],"[ 1.3300522e-16 -1.0912699e-16  6.7428097e-17 ...  5.2735858e-17
 -9.1969390e-18 -7.1132384e-17]","[2.6041474e-17 2.4217928e-17 2.3257248e-17 ... 5.4416259e-17 0.0000000e+00
 2.4951155e-17]"
6620-56368-0337,[ 3565.3318  3566.1538  3566.9744 ... 10334.747  10337.131  10339.515 ],"[ 2.8617760e-16  2.3198184e-16  1.7780746e-16 ...  6.7654580e-19
  1.0800195e-18 -4.8435106e-18]","[4.1188426e-17 0.0000000e+00 4.2173191e-17 ... 1.9492695e-17 2.1128557e-17
 2.1226528e-17]"
6641-56383-0398,[ 3563.69    3564.5117  3565.3318 ... 10341.888  10344.272  10346.657 ],"[ 6.0397446e-16 -1.8333974e-16  2.3324267e-16 ...  5.5378604e-17
  3.8108418e-18 -5.8461400e-17]","[6.4942539e-17 6.1695696e-17 5.7886801e-17 ... 2.0875804e-17 3.1977942e-17
 3.7293229e-17]"
6658-56606-0456,[ 3566.1538  3566.9744  3567.7969 ... 10351.419  10353.806  10356.193 ],"[ 1.2662097e-16  6.2561437e-17 -1.5092642e-18 ...  7.8483892e-16
  2.8156445e-16 -1.0992369e-16]","[9.1039690e-17 0.0000000e+00 4.3211829e-17 ... 2.6243516e-16 2.2431796e-16
 1.8839261e-16]"
6664-56383-0343,[ 3565.3318  3566.1538  3566.9744 ... 10334.747  10337.131  10339.515 ],"[ 9.2621867e-16  8.1718774e-16  7.0814543e-16 ...  2.2667055e-17
 -7.1827021e-18  4.7127662e-17]","[3.7167343e-17 0.0000000e+00 3.6143614e-17 ... 2.1429566e-17 1.9642294e-17
 2.0506965e-17]"
6670-56389-0169,[ 3566.1538  3566.9744  3567.7969 ... 10341.888  10344.272  10346.657 ],"[-5.1017014e-18  9.4477095e-18  3.3908320e-17 ... -2.9992603e-18
  1.2724654e-17 -4.9220059e-18]","[5.7776495e-17 4.2236527e-17 4.1814053e-17 ... 4.9907823e-17 5.2661421e-17
 6.3414425e-17]"
6671-56388-0068,[ 3567.7969  3568.6177  3569.4385 ... 10327.612  10329.994  10332.376 ],"[ 1.8710506e-16 -1.1173729e-16  1.8514801e-16 ...  4.5675686e-17
  3.1007150e-17 -2.8296840e-17]","[4.7276290e-17 4.8460277e-17 4.9080930e-17 ... 3.3161840e-17 2.6524953e-17
 3.2050665e-17]"
6671-56388-0473,[ 3566.1538  3566.9744  3567.7969 ... 10332.376  10334.747  10337.131 ],"[ 1.7517725e-16  1.6982733e-16  1.6447925e-16 ...  1.8547118e-17
  2.1637144e-17 -9.8414525e-18]","[6.4633564e-17 0.0000000e+00 6.6345814e-17 ... 2.3091721e-17 2.6549048e-17
 2.6730891e-17]"
6671-56388-0724,[ 3607.447   3608.2788  3609.109  ... 10356.193  10358.569  10360.958 ],"[ 2.1171479e-17  5.6457538e-17  1.7945397e-17 ... -1.9412905e-17
 -1.8621918e-17 -1.7830914e-17]","[4.1380170e-17 4.2506975e-17 4.0584029e-17 ... 4.4099804e-17 0.0000000e+00
 4.3704137e-17]"
6677-56385-0403,[ 3563.69    3564.5117  3565.3318 ... 10329.994  10332.376  10334.747 ],"[-9.3973832e-17 -5.3763514e-17  1.0461583e-16 ...  3.3687294e-17
 -4.0697820e-18 -2.1214714e-17]","[3.9760911e-17 3.8250860e-17 3.7533989e-17 ... 2.3849305e-17 2.3555199e-17
 2.4885742e-17]"
6685-56412-0856,[ 3608.2788  3609.109   3609.9392 ... 10375.279  10377.672  10380.064 ],"[ 4.1321373e-18  6.9128662e-17  4.7520421e-17 ... -1.8586780e-17
  5.3007649e-17 -2.0873933e-17]","[3.7463572e-17 3.9132734e-17 3.7952860e-17 ... 5.6533805e-17 3.5470021e-17
 2.8536646e-17]"
6685-56412-0919,[ 3608.2788  3609.109   3609.9392 ... 10380.064  10382.458  10384.841 ],"[-2.7756909e-17  3.0270036e-17  4.9810679e-17 ... -3.4429226e-17
 -9.0825598e-18  1.6265823e-17]","[3.1246049e-17 3.2849536e-17 3.1674612e-17 ... 3.4462995e-17 0.0000000e+00
 3.6002801e-17]"
6689-56396-0902,[ 3607.447   3608.2788  3609.109  ... 10353.806  10356.193  10358.569 ],"[ 1.48595361e-16 -6.32506633e-17 -1.81501343e-17 ...  2.61609699e-17
  1.22222636e-17 -1.77521529e-17]","[3.8482675e-17 3.3533012e-17 3.2073991e-17 ... 2.8130669e-17 3.4611517e-17
 3.8381951e-17]"
6694-56386-0172,[ 3562.0508  3562.8704  3563.69   ... 10329.994  10332.376  10334.747 ],"[ 1.0641564e-16  7.3346072e-17  4.0275126e-17 ...  6.7575574e-17
  1.9128965e-17 -2.5875698e-17]","[3.3525382e-17 0.0000000e+00 2.9914001e-17 ... 2.4637950e-17 3.2193317e-17
 3.4456265e-17]"
6705-56636-0697,[ 3604.9565  3605.786   3606.6172 ... 10387.236  10389.631  10392.016 ],"[-4.1153930e-17  8.1321403e-17  5.2811644e-18 ...  2.7508139e-16
  1.5975609e-16 -3.1912833e-17]","[2.8857837e-17 2.8716872e-17 2.8814579e-17 ... 2.3140040e-16 6.6985648e-17
 4.1142964e-17]"
6709-56429-0267,[ 3567.7969  3568.6177  3569.4385 ... 10334.747  10337.131  10339.515 ],"[ 2.9963847e-17  1.6277199e-17  9.5721537e-19 ...  2.6056075e-17
 -6.4429598e-18 -1.0966087e-18]","[7.7793623e-17 3.0926559e-17 2.9322031e-17 ... 2.1107427e-17 1.9112440e-17
 1.6853461e-17]"
6722-56431-0691,[ 3611.6023  3612.435   3613.266  ... 10384.841  10387.236  10389.631 ],"[-7.3593075e-17  1.4850315e-16 -2.4465210e-17 ...  6.9797990e-17
 -1.1432587e-18 -7.2085018e-17]","[3.7894808e-17 3.8858953e-17 3.6182177e-17 ... 3.7148738e-17 0.0000000e+00
 3.3343197e-17]"
6728-56426-0277,[ 3567.7969  3568.6177  3569.4385 ... 10337.131  10339.515  10341.888 ],"[-3.3641373e-17  2.6263014e-17  8.6167047e-17 ... -3.4991500e-17
 -4.4436483e-17  2.7426748e-17]","[7.0007326e-17 0.0000000e+00 6.7851687e-17 ... 2.6232549e-17 1.7163137e-17
 1.7880743e-17]"
6734-56386-0952,[ 3607.447   3608.2788  3609.109  ... 10392.016  10394.412  10396.809 ],"[-2.3698144e-17  4.1524632e-17  4.9561762e-19 ... -4.3187464e-17
 -2.1978129e-17 -7.6833307e-19]","[2.7785529e-17 2.8347751e-17 2.7347322e-17 ... 4.7309593e-17 0.0000000e+00
 4.6493185e-17]"
6740-56401-0786,[ 3603.2964  3604.1252  3604.9565 ... 10382.458  10384.841  10387.236 ],"[ 1.3651760e-16  7.8506329e-17 -4.6002859e-17 ... -1.5770288e-16
  6.1944335e-16  7.9486061e-17]","[8.8210984e-17 5.5291627e-17 4.6754283e-17 ... 5.6387068e-16 2.6017610e-16
 1.1644051e-16]"
6740-56401-0926,[ 3604.1252  3604.9565  3605.786  ... 10382.458  10384.841  10387.236 ],"[-7.1823298e-17  4.1905301e-17 -4.0300534e-17 ... -9.6352605e-17
  7.3604765e-16  1.9113006e-16]","[4.5462918e-17 4.6967653e-17 4.6132849e-17 ... 6.3287115e-16 4.4800478e-16
 9.6834686e-17]"
6742-56415-0037,[ 3564.5117  3565.3318  3566.1538 ... 10334.747  10337.131  10339.515 ],"[1.3843750e-16 9.8856441e-17 5.4815152e-17 ... 9.2390152e-18 2.9661304e-17
 3.8943941e-17]","[8.3702810e-17 7.7498307e-17 4.1892215e-17 ... 2.7078513e-17 3.1566238e-17
 2.5987853e-17]"
6742-56415-1000,[ 3606.6172  3607.447   3608.2788 ... 10387.236  10389.631  10392.016 ],"[ 1.4813014e-16 -9.5136755e-17  1.2564017e-16 ...  6.2058114e-17
  3.4327731e-17 -9.0960676e-18]","[2.9743469e-17 2.8944075e-17 2.8680986e-17 ... 4.4333635e-17 3.7351341e-17
 4.3468745e-17]"
6748-56371-0803,[ 3604.9565  3605.786   3606.6172 ... 10349.043  10351.419  10353.806 ],"[6.5943090e-17 1.7201947e-17 6.9598825e-17 ... 8.2734764e-17 1.1965464e-16
 4.9103546e-17]","[3.7155838e-17 3.9279700e-17 4.0979815e-17 ... 5.3375070e-17 4.4443475e-17
 3.2708485e-17]"
6754-56414-0984,[ 3609.109   3609.9392  3610.7717 ... 10392.016  10394.412  10396.809 ],"[-5.1541055e-17  3.3553837e-17 -9.9543054e-17 ... -2.3548591e-17
  3.6677106e-17  9.6905890e-17]","[3.6282180e-17 3.5110009e-17 3.4137128e-17 ... 5.2752481e-17 0.0000000e+00
 3.1425753e-17]"
6759-56416-0963,[ 3607.447   3608.2788  3609.109  ... 10356.193  10358.569  10360.958 ],"[-8.7343655e-17  6.6259338e-17 -4.0119775e-17 ... -1.6609484e-17
 -6.3784215e-18  3.8528845e-18]","[4.1075175e-17 3.9585387e-17 3.9691620e-17 ... 3.4922421e-17 0.0000000e+00
 3.3919246e-17]"
6780-56267-0621,[ 3604.9565  3605.786   3606.6172 ... 10387.236  10389.631  10392.016 ],"[ 8.729895e-17 -3.092752e-17  4.290406e-17 ...  9.817566e-17  1.355024e-16
 -9.559572e-17]","[6.2946420e-17 5.7565233e-17 4.3697791e-17 ... 4.6679483e-17 3.6931361e-17
 2.6844251e-17]"
6780-56267-0922,[ 3604.1252  3604.9565  3605.786  ... 10387.236  10389.631  10392.016 ],"[ 1.1173569e-16  4.2308859e-17  2.2655982e-16 ...  4.4184951e-17
  5.7883889e-17 -1.1889994e-17]","[9.5897100e-17 9.1577291e-17 7.4628956e-17 ... 3.1763782e-17 2.1819127e-17
 1.9189700e-17]"
6780-56577-0621,[ 3608.2788  3609.109   3609.9392 ... 10387.236  10389.631  10392.016 ],"[-3.3098673e-17  1.1421971e-17  1.1860362e-17 ...  1.1384627e-16
 -7.3302405e-18 -1.2850914e-16]","[5.5164265e-17 3.1884537e-17 3.0185131e-17 ... 9.4323974e-17 0.0000000e+00
 3.3952680e-17]"
6780-56577-0934,[ 3609.109   3609.9392  3610.7717 ... 10387.236  10389.631  10392.016 ],"[-1.5872226e-17  1.4772686e-17 -2.0637293e-17 ...  1.1719896e-16
 -1.1785362e-17 -1.4075888e-16]","[5.5709701e-17 5.5013983e-17 5.0430988e-17 ... 7.7009092e-17 0.0000000e+00
 2.1278346e-17]"
6780-56605-0605,[ 3607.447   3608.2788  3609.109  ... 10351.419  10353.806  10356.193 ],"[ 5.9237011e-17  2.8656150e-17  7.2532907e-17 ... -2.6988767e-18
 -1.1493860e-17  9.3290422e-18]","[4.9644455e-17 4.5407124e-17 4.4210183e-17 ... 4.4059372e-17 3.3375183e-17
 2.8172217e-17]"
6781-56274-0438,[ 3562.8704  3563.69    3564.5117 ... 10337.131  10339.515  10341.888 ],"[-1.1973942e-18  5.5009145e-17  6.6109763e-17 ... -6.1278830e-17
  5.3485194e-17  1.1009618e-16]","[1.6417543e-16 3.0552578e-17 3.0841571e-17 ... 4.5832811e-17 5.5919236e-17
 7.2909294e-17]"
6781-56274-0711,[ 3604.1252  3604.9565  3605.786  ... 10351.419  10353.806  10356.193 ],"[ 5.1616143e-17  4.1865864e-17  8.1325956e-17 ... -1.5839602e-17
 -2.7039222e-17 -3.8239312e-17]","[5.7714641e-17 5.3327047e-17 5.6158946e-17 ... 3.5861545e-17 0.0000000e+00
 3.3002650e-17]"
6781-56274-0793,[ 3604.1252  3604.9565  3605.786  ... 10351.419  10353.806  10356.193 ],"[ 3.6331377e-17  2.4401381e-17  2.4848795e-17 ... -7.4649331e-17
 -3.2503255e-17  9.6449392e-18]","[4.4232319e-17 4.5061918e-17 4.1934487e-17 ... 3.4840325e-17 0.0000000e+00
 3.2964603e-17]"
6781-56575-0460,[ 3563.69    3564.5117  3565.3318 ... 10344.272  10346.657  10349.043 ],"[-3.5581399e-17  2.8155206e-17 -8.8534802e-17 ... -4.1803382e-17
 -6.8761989e-17  1.5451518e-16]","[6.4018055e-17 4.6997067e-17 4.8817159e-17 ... 4.6351380e-17 5.2045433e-17
 7.4638002e-17]"
6781-56575-0687,[ 3604.1252  3604.9565  3605.786  ... 10380.064  10382.458  10384.841 ],"[-4.11119584e-17  9.56823505e-17  5.15622001e-18 ...  2.13100797e-16
 -2.11814975e-16  1.08087525e-16]","[6.5068363e-17 6.3294286e-17 6.4408021e-17 ... 0.0000000e+00 2.1440384e-16
 1.5022116e-16]"
6781-56575-0769,[ 3604.1252  3604.9565  3605.786  ... 10380.064  10382.458  10384.841 ],"[-1.9440817e-16  1.3160008e-16 -1.4142977e-17 ... -9.7176550e-18
 -1.6734438e-16  1.5587947e-17]","[6.5775814e-17 7.0181332e-17 7.0069318e-17 ... 3.1201372e-16 1.5637226e-16
 4.9649491e-17]"
6781-56599-0454,[ 3563.69    3564.5117  3565.3318 ... 10341.888  10344.272  10346.657 ],"[-4.3063291e-17 -2.5666690e-17 -8.2546463e-18 ...  9.5691661e-17
  2.7864482e-17 -6.9691561e-17]","[5.5024898e-17 0.0000000e+00 3.4571415e-17 ... 3.3247578e-17 4.8418077e-17
 6.4096399e-17]"
6781-56599-0697,[ 3606.6172  3607.447   3608.2788 ... 10380.064  10382.458  10384.841 ],"[ 3.1442581e-17 -3.8562558e-17 -3.5130089e-17 ... -7.1109681e-16
 -1.9391015e-16  5.9225847e-17]","[4.1010678e-17 3.9304172e-17 3.8599013e-17 ... 6.1715366e-16 2.1679124e-16
 7.0739996e-17]"
6781-56599-0769,[ 3606.6172  3607.447   3608.2788 ... 10380.064  10382.458  10384.841 ],"[ 3.0949959e-17  6.3409317e-18 -2.3875654e-18 ... -3.1883329e-16
  6.1784006e-18  7.9040714e-17]","[4.3425715e-17 4.2021351e-17 4.2299105e-17 ... 1.6191061e-16 8.0111542e-17
 2.6961534e-17]"
6782-56273-0517,[ 3603.2964  3604.1252  3604.9565 ... 10389.631  10392.016  10394.412 ],"[ 1.0468799e-17  5.1402716e-18  3.4962813e-19 ...  1.3408473e-16
 -3.0556455e-18 -1.4020195e-16]","[4.0059841e-17 3.9029769e-17 3.6873429e-17 ... 2.6041216e-17 0.0000000e+00
 2.1914924e-17]"
6782-56273-0524,[ 3604.1252  3604.9565  3605.786  ... 10384.841  10387.236  10389.631 ],"[ 1.1106780e-16  4.9656890e-17 -3.5613025e-18 ...  1.1369915e-16
  1.2170834e-16  8.1195850e-17]","[3.6432965e-17 3.2276561e-17 2.6854743e-17 ... 9.8212272e-17 6.0158841e-17
 2.3847142e-17]"
6782-56572-0531,[ 3604.1252  3604.9565  3605.786  ... 10356.193  10358.569  10360.958 ],"[ 1.6969547e-17 -4.1372733e-18 -5.2039994e-17 ...  6.1460128e-17
  1.6563375e-17 -2.8336789e-17]","[3.8439708e-17 3.8017982e-17 3.0483243e-17 ... 3.1960856e-17 0.0000000e+00
 4.4305054e-17]"
6782-56572-0560,[ 3604.1252  3604.9565  3605.786  ... 10356.193  10358.569  10360.958 ],"[ 7.2649261e-17  2.0627580e-17 -1.0155849e-17 ... -8.5788365e-18
 -2.1222897e-17 -3.3867868e-17]","[5.2334837e-17 4.9629996e-17 4.3041503e-17 ... 3.1199744e-17 0.0000000e+00
 3.8943696e-17]"
6782-56576-0515,[ 3608.2788  3609.109   3609.9392 ... 10387.236  10389.631  10392.016 ],"[-1.0616818e-17  1.8036916e-17  2.5413850e-18 ...  1.9938109e-16
  1.3912496e-16  6.7854606e-18]","[5.24137668e-17 4.60660821e-17 4.63265943e-17 ... 1.03086325e-16
 5.68748544e-17 3.75614676e-17]"
6782-56576-0524,[ 3608.2788  3609.109   3609.9392 ... 10387.236  10389.631  10392.016 ],"[ 3.8114349e-17  1.3778951e-16  1.9120944e-16 ...  2.3418330e-16
  1.4426119e-16 -6.0267579e-17]","[5.1186866e-17 5.1525623e-17 5.4051793e-17 ... 1.3974395e-16 1.1863181e-16
 3.9880766e-17]"
6782-56602-0525,[ 3608.2788  3609.109   3609.9392 ... 10380.064  10382.458  10384.841 ],"[-4.4218405e-17  6.6326452e-17 -4.2506049e-17 ... -3.1207089e-16
 -1.8834983e-16  1.7052627e-16]","[4.4098246e-17 4.3111079e-17 4.1821348e-17 ... 3.7796119e-16 1.5152727e-16
 4.6624234e-17]"
6782-56602-0544,[ 3608.2788  3609.109   3609.9392 ... 10380.064  10382.458  10384.841 ],"[ 7.8042168e-17  2.0429212e-17  7.4914671e-17 ... -2.1328725e-16
 -1.8542368e-16  1.2031666e-16]","[5.2688708e-17 5.0597718e-17 5.0401643e-17 ... 3.4798723e-16 1.7486159e-16
 4.4049958e-17]"
6789-56401-0044,[ 3561.2297  3562.0508  3562.8704 ... 10327.612  10329.994  10332.376 ],"[-1.5599409e-16  2.4059304e-16 -1.5964660e-16 ...  4.2605056e-17
  4.7727359e-17 -2.5155390e-17]","[4.4510013e-17 3.4259419e-17 3.1679399e-17 ... 3.6558074e-17 3.4905500e-17
 4.1577204e-17]"
6791-56429-0936,[ 3610.7717  3611.6023  3612.435  ... 10382.458  10384.841  10387.236 ],"[ 4.9055076e-17  2.3402400e-17 -8.7524947e-17 ...  1.2816992e-18
  4.0951276e-18  6.9085169e-18]","[2.3563977e-17 2.3391068e-17 2.1036154e-17 ... 3.9644593e-17 0.0000000e+00
 4.6386959e-17]"
6817-56455-0230,[ 3571.083   3571.9065  3572.7283 ... 10322.862  10325.231  10327.612 ],"[4.8585777e-18 6.1883327e-17 1.1889407e-16 ... 5.4768141e-17 2.8721087e-17
 1.5190116e-17]","[6.7014117e-17 0.0000000e+00 6.3034299e-17 ... 2.1367926e-17 2.2807750e-17
 2.2401906e-17]"
6821-56396-0606,[ 3608.2788  3609.109   3609.9392 ... 10375.279  10377.672  10380.064 ],"[6.5584020e-18 6.0240202e-17 1.7322184e-16 ... 2.4859600e-17 5.4549812e-17
 2.6625774e-17]","[5.4785952e-17 5.8182058e-17 5.7948403e-17 ... 8.7970982e-17 5.8079660e-17
 3.2458296e-17]"
6831-56426-0194,[ 3567.7969  3568.6177  3569.4385 ... 10337.131  10339.515  10341.888 ],"[ 1.3925902e-16 -1.4559848e-17  6.0747568e-17 ...  1.9103075e-17
 -7.8840487e-18 -6.7658801e-17]","[5.0281246e-17 4.9825284e-17 4.8536076e-17 ... 2.8431842e-17 6.9505750e-17
 9.5663808e-17]"
6838-56429-0251,[ 3567.7969  3568.6177  3569.4385 ... 10339.515  10341.888  10344.272 ],"[-2.5198393e-17  9.0242700e-18  8.4743833e-17 ...  5.3110269e-17
  3.6666716e-17 -4.6269516e-17]","[4.8776329e-17 5.0239969e-17 5.2272421e-17 ... 1.9628424e-17 1.7833033e-17
 3.6175950e-17]"
6838-56429-0706,[ 3610.7717  3611.6023  3612.435  ... 10375.279  10377.672  10380.064 ],"[ 1.5671332e-17 -4.2114511e-17  1.8981226e-16 ... -2.5274164e-17
 -6.3484067e-17 -4.2221251e-17]","[3.0933273e-17 3.1577402e-17 3.0063671e-17 ... 1.0109344e-16 7.9451578e-17
 5.0301323e-17]"
6882-56541-0322,[ 3571.083   3571.9065  3572.7283 ... 10337.131  10339.515  10341.888 ],"[ 2.2534205e-16  1.4780256e-16  7.0254501e-17 ...  2.1601590e-17
  2.4331832e-17 -2.3058143e-17]","[4.3006549e-17 0.0000000e+00 3.9856570e-17 ... 2.2100592e-17 2.7079245e-17
 3.7120210e-17]"
6882-56541-0337,[ 3570.2617  3571.083   3571.9065 ... 10337.131  10339.515  10341.888 ],"[-4.3914049e-17  2.4353291e-17 -1.8525825e-17 ...  2.4880855e-17
  3.6430662e-17  1.2404988e-17]","[4.0171725e-17 3.8214130e-17 3.6609240e-17 ... 2.0739177e-17 2.8438850e-17
 4.1639968e-17]"
6931-56388-0077,[ 3566.1538  3566.9744  3567.7969 ... 10337.131  10339.515  10341.888 ],"[ 4.9553983e-18  3.7748037e-17  6.0047747e-17 ... -1.4024740e-17
  2.1341775e-18  3.4023474e-17]","[3.8263959e-17 3.7205092e-17 3.6280420e-17 ... 2.0974705e-17 1.9610186e-17
 2.0165088e-17]"
6933-56398-0711,[ 3608.2788  3609.109   3609.9392 ... 10368.116  10370.507  10372.898 ],"[-1.6908058e-17  9.2868883e-18  2.5487058e-17 ... -2.6331033e-19
  4.4362543e-17  5.3764606e-17]","[3.3471725e-17 3.2769915e-17 3.4199461e-17 ... 1.6807369e-17 2.2480188e-17
 3.4981187e-17]"
6963-56724-0972,[ 3609.9392  3610.7717  3611.6023 ... 10387.236  10389.631  10392.016 ],"[-1.0352721e-17  3.9834434e-17  4.7255955e-17 ...  3.1927936e-16
  4.3772853e-17 -2.3173276e-16]","[2.9625652e-17 3.0937941e-17 3.0799696e-17 ... 1.4338492e-16 0.0000000e+00
 4.4372863e-17]"
6969-56420-0354,[ 3564.5117  3565.3318  3566.1538 ... 10332.376  10334.747  10337.131 ],"[-1.3606398e-16 -8.2191941e-17 -2.8318644e-17 ...  8.9460683e-18
  4.4309799e-18  3.0282305e-17]","[4.3335658e-17 0.0000000e+00 4.1020949e-17 ... 2.7742782e-17 3.5296194e-17
 2.8765490e-17]"
6970-56444-0794,[ 3609.9392  3610.7717  3611.6023 ... 10363.348  10365.737  10368.116 ],"[ 3.55610835e-17  1.10880765e-17  2.69118878e-17 ... -5.34074787e-18
 -1.93114066e-17 -4.25584160e-17]","[2.5193329e-17 2.4629511e-17 2.4526425e-17 ... 5.2348817e-17 4.7236099e-17
 4.6665196e-17]"
6973-56741-0751,[ 3606.6172  3607.447   3608.2788 ... 10384.841  10387.236  10389.631 ],"[ 5.5929976e-17 -2.1832560e-17  3.6077324e-17 ...  1.5737385e-16
  1.5444435e-17 -1.2648514e-16]","[5.2144275e-17 4.8561712e-17 4.9883094e-17 ... 5.6443556e-17 0.0000000e+00
 6.9420365e-17]"
6975-56720-0702,[ 3609.9392  3610.7717  3611.6023 ... 10389.631  10392.016  10394.412 ],"[-9.7749508e-17  1.3315973e-17 -1.0841587e-18 ... -9.0456220e-18
 -2.5817885e-16 -4.9142221e-16]","[1.10249901e-16 1.06703645e-16 5.52386515e-17 ... 2.53132276e-16
 3.00888602e-16 3.69667836e-16]"
6976-56448-0597,[ 3612.435   3613.266   3614.0994 ... 10380.064  10382.458  10384.841 ],"[ 1.04869594e-16  8.36476336e-17  2.79072375e-17 ... -5.19780339e-16
 -1.34578898e-16  2.50625746e-16]","[3.7870066e-17 3.9748781e-17 3.5785885e-17 ... 5.3490570e-16 0.0000000e+00
 4.9645972e-16]"
6982-56444-0740,[ 3614.0994  3614.9307  3615.7625 ... 10353.806  10356.193  10358.569 ],"[ 1.31971174e-17 -1.28938672e-17  2.23826637e-17 ...  1.16093767e-16
  8.21769991e-17 -7.79406631e-17]","[3.4156094e-17 3.2525906e-17 3.1355724e-17 ... 7.2790226e-17 5.6677152e-17
 5.5238225e-17]"
7027-56448-0036,[ 3567.7969  3568.6177  3569.4385 ... 10329.994  10332.376  10334.747 ],"[ 3.0322594e-16 -6.2440410e-17  4.7252954e-17 ...  1.5864085e-17
  2.2842367e-18 -5.9328041e-17]","[5.2366402e-17 5.4174881e-17 5.4983532e-17 ... 2.0582734e-17 2.9024606e-17
 3.1504821e-17]"
7027-56448-0420,[ 3568.6177  3569.4385  3570.2617 ... 10334.747  10337.131  10339.515 ],"[ 3.8016427e-17  3.2944265e-17  2.7871771e-17 ... -2.6880704e-18
 -2.9858954e-17 -4.1257122e-17]","[3.5387187e-17 0.0000000e+00 3.6000263e-17 ... 3.4872998e-17 3.3478398e-17
 2.4535285e-17]"
7028-56449-0601,[ 3608.2788  3609.109   3609.9392 ... 10356.193  10358.569  10360.958 ],"[ 1.0493837e-16  4.5657541e-18  1.0140103e-17 ... -5.9314239e-18
  1.4367456e-17 -1.0315725e-17]","[5.6951478e-17 5.5791830e-17 5.0583405e-17 ... 2.8757920e-17 2.7821370e-17
 2.9864648e-17]"
7029-56455-0039,[ 3570.2617  3571.083   3571.9065 ... 10327.612  10329.994  10332.376 ],"[-1.5564520e-17 -2.7141414e-17 -3.8719838e-17 ...  2.4743521e-17
 -1.4644376e-18 -3.2859270e-17]","[4.3469559e-17 0.0000000e+00 4.0094692e-17 ... 2.3034982e-17 2.0540863e-17
 2.4043842e-17]"
7029-56455-0116,[ 3570.2617  3571.083   3571.9065 ... 10327.612  10329.994  10332.376 ],"[-2.0929248e-17 -4.2667594e-17 -6.4408061e-17 ...  5.8528930e-18
  2.0112597e-17 -9.5542471e-18]","[4.7622743e-17 0.0000000e+00 4.3980366e-17 ... 1.9815854e-17 1.9021572e-17
 2.1545965e-17]"
7029-56455-0665,[ 3609.109   3609.9392  3610.7717 ... 10356.193  10358.569  10360.958 ],"[ 1.2244961e-16  5.5906332e-17  8.5269993e-17 ... -4.2697091e-17
 -7.9975349e-17  5.3587523e-17]","[7.7790063e-17 7.7058975e-17 7.5596380e-17 ... 3.0594360e-17 3.7328229e-17
 4.0955836e-17]"
7031-56449-0621,[ 3609.109   3609.9392  3610.7717 ... 10358.569  10360.958  10363.348 ],"[ 1.00369606e-16  9.83310556e-17 -1.58878615e-17 ... -2.83417687e-17
 -9.02412193e-18  1.02931651e-17]","[5.3276536e-17 5.6080880e-17 4.5856574e-17 ... 3.1411343e-17 0.0000000e+00
 2.7122149e-17]"
7032-56471-0483,[ 3568.6177  3569.4385  3570.2617 ... 10325.231  10327.612  10329.994 ],"[ 8.7408622e-18  2.1107656e-16  2.8814774e-16 ...  1.1712980e-17
 -3.8497391e-18 -1.5004146e-17]","[1.6811579e-16 1.7162447e-16 1.4175753e-16 ... 1.7939901e-17 1.7265923e-17
 1.5685459e-17]"
7032-56471-0543,[ 3609.9392  3610.7717  3611.6023 ... 10382.458  10384.841  10387.236 ],"[ 3.02319320e-16  9.26482123e-17 -2.11577746e-17 ...  1.02859135e-16
  1.71695405e-16 -2.97790546e-17]","[9.1457403e-17 8.4608407e-17 7.7766585e-17 ... 1.2178706e-16 5.9596292e-17
 3.6981776e-17]"
7034-56564-0919,[ 3606.6172  3607.447   3608.2788 ... 10380.064  10382.458  10384.841 ],"[ 3.4168475e-17  1.2873348e-16  2.1918816e-17 ... -1.8730302e-16
  5.7812699e-17  8.2465950e-17]","[7.9596705e-17 8.1125242e-17 7.9328414e-17 ... 5.7210789e-17 4.2529792e-17
 2.8876319e-17]"
7038-56571-0095,[ 3561.2297  3562.0508  3562.8704 ... 10339.515  10341.888  10344.272 ],"[ 5.0176071e-17  2.4585675e-18 -4.5239891e-17 ... -9.3316933e-18
  3.9327204e-17  4.8746217e-17]","[7.5223593e-17 0.0000000e+00 6.6471394e-17 ... 3.6850542e-17 4.5121223e-17
 5.4918112e-17]"
7049-56570-0467,[ 3562.8704  3563.69    3564.5117 ... 10344.272  10346.657  10349.043 ],"[-1.1628242e-16 -7.5915262e-17 -3.5565084e-17 ... -2.4257078e-17
 -5.1335044e-17  1.0887138e-16]","[6.4006501e-17 0.0000000e+00 4.1325381e-17 ... 3.8375436e-17 3.5051153e-17
 3.5503800e-17]"
7055-56576-0060,[ 3564.5117  3565.3318  3566.1538 ... 10339.515  10341.888  10344.272 ],"[ 6.0781853e-17 -2.0259327e-17 -5.4239490e-17 ...  1.1016575e-18
  1.1411101e-16 -2.5589927e-17]","[6.7114133e-17 5.1320806e-17 5.0409594e-17 ... 5.3042073e-17 4.8762879e-17
 6.8851920e-17]"
7090-56659-0108,[ 3567.7969  3568.6177  3569.4385 ... 10332.376  10334.747  10337.131 ],"[ 4.7442659e-17  5.4874652e-17  6.2309246e-17 ...  4.3129386e-17
 -7.6025720e-17 -8.0286177e-17]","[4.0578404e-17 0.0000000e+00 3.3757386e-17 ... 4.1787474e-17 5.2216266e-17
 5.1810262e-17]"
7092-56683-0103,[ 3564.5117  3565.3318  3566.1538 ... 10329.994  10332.376  10334.747 ],"[ 5.0761894e-17 -4.7745209e-17 -3.0052368e-17 ...  7.6443053e-18
  1.4075985e-17 -2.3199768e-17]","[5.1309964e-17 3.2664522e-17 3.1297517e-17 ... 2.1465664e-17 2.4688109e-17
 2.5492759e-17]"
7100-56636-0590,[ 3605.786   3606.6172  3607.447  ... 10384.841  10387.236  10389.631 ],"[-6.6163754e-18  2.1588132e-17  6.7821138e-18 ...  1.7726879e-16
  1.9600630e-16 -8.4109895e-17]","[3.6456004e-17 3.8450905e-17 3.6077519e-17 ... 1.2669775e-16 1.1026620e-16
 4.9318603e-17]"
7107-56740-0142,[ 3567.7969  3568.6177  3569.4385 ... 10332.376  10334.747  10337.131 ],"[ 2.3313166e-16  1.9673308e-16  1.6030952e-16 ... -7.7203653e-18
 -2.5577988e-17  5.8255006e-19]","[3.4307150e-17 0.0000000e+00 3.7411596e-17 ... 1.9950366e-17 2.1667492e-17
 3.0195838e-17]"
7108-56686-0714,[ 3609.109   3609.9392  3610.7717 ... 10396.809  10399.206  10401.593 ],"[ 6.0606888e-17 -6.9520204e-18  1.9308212e-17 ...  5.2964752e-17
  5.2708650e-17  5.2452535e-17]","[5.1903631e-17 5.1605489e-17 5.1124166e-17 ... 8.2337777e-17 0.0000000e+00
 8.5306693e-17]"
7128-56567-0023,[ 3566.1538  3566.9744  3567.7969 ... 10339.515  10341.888  10344.272 ],"[1.1441378e-16 6.1441169e-17 8.4498584e-18 ... 4.4696115e-17 3.5712047e-17
 2.0809945e-18]","[3.1814058e-17 0.0000000e+00 3.3382889e-17 ... 2.0234861e-17 2.7238510e-17
 3.0661947e-17]"
7129-56569-0383,[ 3564.5117  3565.3318  3566.1538 ... 10349.043  10351.419  10353.806 ],"[ 1.2029653e-16  3.0419630e-17 -5.9488500e-17 ...  1.2647525e-16
  4.2905015e-17 -4.9507931e-17]","[4.7064638e-17 0.0000000e+00 4.1460493e-17 ... 3.9297581e-17 5.4739517e-17
 5.6050056e-17]"
7132-56565-0949,[ 3609.9392  3610.7717  3611.6023 ... 10389.631  10392.016  10394.412 ],"[ 3.9904539e-17  4.1729541e-17  4.8461270e-17 ...  4.9912538e-17
 -8.3082113e-17 -2.1608324e-16]","[2.9393463e-17 2.9303429e-17 2.8436769e-17 ... 8.1868077e-17 0.0000000e+00
 2.3824244e-17]"
7140-56569-0477,[ 3565.3318  3566.1538  3566.9744 ... 10334.747  10337.131  10339.515 ],"[ 5.0768127e-17  4.2718886e-17  3.4674726e-17 ... -1.4296968e-17
 -1.5372389e-17  1.2867241e-17]","[4.0061571e-17 0.0000000e+00 3.7351774e-17 ... 1.8101620e-17 1.9772179e-17
 1.7910646e-17]"
7151-56598-0404,[ 3559.5898  3560.4106  3561.2297 ... 10341.888  10344.272  10346.657 ],"[-4.4436430e-17 -2.6379594e-17  5.3615994e-17 ...  9.6277318e-17
 -5.2119744e-17 -1.2903810e-16]","[4.8174582e-17 3.0661759e-17 3.1914306e-17 ... 4.8505094e-17 8.8711051e-17
 7.4918536e-17]"
7155-56629-0872,[ 3605.786   3606.6172  3607.447  ... 10380.064  10382.458  10384.841 ],"[ 1.6333022e-17 -3.3304651e-17 -3.7500544e-17 ... -6.1236570e-16
  3.4674260e-16  2.5437556e-16]","[3.7139056e-17 3.2619328e-17 3.1860046e-17 ... 3.0743736e-16 1.3166918e-16
 6.4291753e-17]"
7161-56625-0690,[ 3607.447   3608.2788  3609.109  ... 10351.419  10353.806  10356.193 ],"[-5.1337747e-17 -4.7015879e-18  4.3791223e-17 ... -3.1499815e-17
  1.8909779e-20  3.1537866e-17]","[3.2288836e-17 3.3575344e-17 3.3909564e-17 ... 5.6898803e-17 0.0000000e+00
 3.1635440e-17]"
7240-56665-0339,[ 3566.1538  3566.9744  3567.7969 ... 10341.888  10344.272  10346.657 ],"[-2.0475677e-17  8.7795064e-18  3.8034446e-17 ...  8.0754196e-17
  1.4522003e-17 -2.7453256e-17]","[5.3693921e-17 0.0000000e+00 4.8885037e-17 ... 3.3457887e-17 4.4976626e-17
 5.5068183e-17]"
7240-56665-0584,[ 3607.447   3608.2788  3609.109  ... 10389.631  10392.016  10394.412 ],"[-7.8826019e-18  6.6318180e-17 -2.7000534e-18 ...  5.8377286e-17
 -8.5000292e-17 -2.2838311e-16]","[5.3339408e-17 5.4652511e-17 5.3796482e-17 ... 3.9815790e-17 0.0000000e+00
 3.7036198e-17]"
7240-56665-0593,[ 3606.6172  3607.447   3608.2788 ... 10389.631  10392.016  10394.412 ],"[ 2.4095703e-17 -4.6960076e-17 -6.6604080e-17 ...  2.3602681e-17
 -5.9731387e-17 -1.4306884e-16]","[5.0111985e-17 4.7232172e-17 4.6467162e-17 ... 4.2546531e-17 0.0000000e+00
 3.7297207e-17]"
7240-56665-0929,[ 3606.6172  3607.447   3608.2788 ... 10389.631  10392.016  10394.412 ],"[ 1.08173205e-17 -3.87216116e-17 -5.55538180e-18 ...  8.12523038e-17
 -4.80656390e-17 -1.77389068e-16]","[4.8912444e-17 3.9371163e-17 4.0317332e-17 ... 4.1403417e-17 0.0000000e+00
 3.3885252e-17]"
7241-56606-0770,[ 3605.786   3606.6172  3607.447  ... 10356.193  10358.569  10360.958 ],"[ 3.9199722e-17  6.2337529e-17 -9.7920033e-17 ...  5.9275519e-18
  5.6766725e-18  5.4257916e-18]","[3.8560569e-17 3.8415889e-17 3.9309261e-17 ... 2.2839731e-17 0.0000000e+00
 2.0607397e-17]"
7242-56628-0181,[ 3560.4106  3561.2297  3562.0508 ... 10337.131  10339.515  10341.888 ],"[-1.2179370e-16  6.2588352e-18  6.4734001e-18 ... -8.4773042e-19
 -8.5714763e-18  3.1525951e-17]","[1.2892188e-16 3.3818005e-17 3.3710988e-17 ... 2.1269998e-17 2.1061848e-17
 2.3361112e-17]"
7242-56628-0212,[ 3560.4106  3561.2297  3562.0508 ... 10337.131  10339.515  10341.888 ],"[ 2.7656580e-17  5.8102695e-17 -4.0144041e-17 ... -3.1896700e-17
  3.8795489e-17  3.2967991e-17]","[3.2863804e-16 3.4044428e-17 3.0783245e-17 ... 2.0283915e-17 2.1671043e-17
 2.7370232e-17]"
7242-56628-0851,[ 3604.9565  3605.786   3606.6172 ... 10382.458  10384.841  10387.236 ],"[ 9.6336506e-18  1.2541908e-17 -4.6704163e-17 ...  2.7799168e-17
  1.7057766e-17  6.3159773e-18]","[3.0844731e-17 3.0425079e-17 2.7567617e-17 ... 6.6731830e-17 0.0000000e+00
 2.1751206e-17]"
7243-56629-0525,[ 3606.6172  3607.447   3608.2788 ... 10380.064  10382.458  10384.841 ],"[ 1.8854045e-17  1.7422283e-17 -7.8163605e-18 ... -4.0510126e-16
 -1.2759358e-16  1.4992015e-16]","[3.7895989e-17 3.7439928e-17 3.7034732e-17 ... 5.2743704e-16 0.0000000e+00
 7.0774692e-17]"
7245-56636-0378,[ 3560.4106  3561.2297  3562.0508 ... 10339.515  10341.888  10344.272 ],"[ 2.6362699e-16  1.7940303e-16  9.5152121e-17 ...  3.3325678e-17
  1.0455430e-16 -1.1649779e-16]","[7.5179131e-17 0.0000000e+00 5.4165944e-17 ... 2.7522948e-17 2.9919834e-17
 3.7095944e-17]"
7245-56636-0453,[ 3559.5898  3560.4106  3561.2297 ... 10339.515  10341.888  10344.272 ],"[ 3.5099133e-17  4.8628559e-17 -1.0750488e-16 ...  7.9266377e-18
  1.5551330e-16 -1.7566610e-16]","[1.1708004e-16 6.2571151e-17 5.9051881e-17 ... 2.7743317e-17 3.0133991e-17
 3.6755307e-17]"
7246-56625-0007,[ 3563.69    3564.5117  3565.3318 ... 10332.376  10334.747  10337.131 ],"[ 1.6180456e-16  8.7711962e-17  1.3642682e-17 ...  2.4626972e-18
 -3.8082161e-17 -1.9987612e-17]","[7.1149219e-17 0.0000000e+00 3.4629834e-17 ... 1.6694202e-17 2.0694922e-17
 1.9445722e-17]"
7246-56625-0123,[ 3562.8704  3563.69    3564.5117 ... 10332.376  10334.747  10337.131 ],"[-4.1946557e-17 -9.2460714e-17  1.1667041e-16 ... -1.1323865e-18
 -3.3262861e-17 -3.3909392e-17]","[6.0021860e-17 4.5788159e-17 3.0293071e-17 ... 1.6217232e-17 2.0497254e-17
 1.8572263e-17]"
7246-56625-0910,[ 3605.786   3606.6172  3607.447  ... 10382.458  10384.841  10387.236 ],"[ 1.2406704e-17  1.6010306e-17  8.8024797e-18 ... -1.4369598e-16
 -3.1152307e-17  8.1392494e-17]","[3.4317642e-17 3.2105308e-17 3.1926161e-17 ... 2.8024538e-16 0.0000000e+00
 4.1890544e-17]"
7247-56626-0175,[ 3560.4106  3561.2297  3562.0508 ... 10339.515  10341.888  10344.272 ],"[-2.0580305e-17 -2.4421364e-17 -2.8262859e-17 ...  3.0154204e-17
  3.7535934e-17 -3.6006709e-17]","[5.1327646e-17 0.0000000e+00 3.9436934e-17 ... 1.7739610e-17 2.0307552e-17
 2.8227333e-17]"
7247-56626-0215,[ 3559.5898  3560.4106  3561.2297 ... 10337.131  10339.515  10341.888 ],"[-4.9622115e-17  6.7067228e-17 -2.4686815e-17 ...  1.6577626e-17
  2.0090520e-17  3.0791669e-17]","[1.4139168e-16 4.3162364e-17 3.4729870e-17 ... 1.8224577e-17 1.7622875e-17
 2.1223312e-17]"
7247-56626-0302,[ 3560.4106  3561.2297  3562.0508 ... 10339.515  10341.888  10344.272 ],"[-6.5159386e-17 -2.1990481e-17  2.1183033e-17 ...  4.2503574e-17
  2.8391009e-17 -1.8016560e-17]","[4.3187917e-17 0.0000000e+00 3.5280209e-17 ... 1.6834125e-17 2.0238254e-17
 2.7908581e-17]"
7248-56630-0283,[ 3566.1538  3566.9744  3567.7969 ... 10339.515  10341.888  10344.272 ],"[ 4.7003483e-17  5.6848418e-17  6.6695182e-17 ...  3.7160341e-17
  1.0179717e-16 -6.0189043e-17]","[3.1583179e-17 0.0000000e+00 3.4985088e-17 ... 2.5209272e-17 3.3006809e-17
 5.6181538e-17]"
7248-56630-0635,[ 3606.6172  3607.447   3608.2788 ... 10356.193  10358.569  10360.958 ],"[ 2.1715837e-17 -3.6068119e-18  4.0445975e-17 ...  3.0186668e-18
  7.7241762e-18  1.2429825e-17]","[2.9871030e-17 2.8325470e-17 2.8108712e-17 ... 2.7033116e-17 0.0000000e+00
 2.0847185e-17]"
7262-56659-0519,[ 3608.2788  3609.109   3609.9392 ... 10380.064  10382.458  10384.841 ],"[-7.7288969e-18 -2.5710025e-18  1.3843498e-17 ... -2.4738021e-16
 -7.8314036e-18  2.0532276e-17]","[6.3835488e-18 6.1803991e-18 6.9960496e-18 ... 2.2134676e-16 8.7104501e-17
 5.5582242e-17]"
7262-56683-0531,[ 3607.447   3608.2788  3609.109  ... 10387.236  10389.631  10392.016 ],"[-6.0079067e-18 -2.0939336e-17 -6.4934472e-18 ...  5.5384507e-17
  6.6834274e-17 -1.1344901e-17]","[1.9224637e-17 1.8549605e-17 1.8573765e-17 ... 3.3843291e-17 3.5859342e-17
 3.9073388e-17]"
7275-57093-0440,[ 3571.083   3571.9065  3572.7283 ... 10325.231  10327.612  10329.994 ],"[ 3.6535641e-17  2.7206786e-17  1.0279130e-16 ... -3.2781535e-17
  2.2380402e-17  5.0924704e-18]","[6.6490008e-17 4.7723371e-17 4.9343838e-17 ... 2.3482341e-17 2.2810237e-17
 2.4986871e-17]"
7275-57093-0640,[ 3611.6023  3612.435   3613.266  ... 10387.236  10389.631  10392.016 ],"[ 1.3356046e-16  7.1881896e-18 -4.6144294e-17 ...  7.2828118e-17
  8.6914547e-17 -7.1805696e-17]","[6.5696696e-17 6.1822043e-17 5.9478819e-17 ... 4.9675816e-17 3.7871687e-17
 3.8639357e-17]"
7276-57061-0346,[ 3566.1538  3566.9744  3567.7969 ... 10334.747  10337.131  10339.515 ],"[ 2.2436945e-17  9.0038749e-17  7.1646288e-17 ... -1.5720521e-17
 -5.3060592e-18  1.7560001e-17]","[1.3581899e-16 7.8396234e-17 7.5165710e-17 ... 2.9200961e-17 3.2664836e-17
 3.5187327e-17]"
7276-57061-0770,[ 3607.447   3608.2788  3609.109  ... 10387.236  10389.631  10392.016 ],"[ 2.2867911e-17  2.2909119e-17  5.7694842e-17 ...  7.7519952e-17
 -3.2756815e-17 -1.4304162e-16]","[1.1155187e-16 1.1274725e-16 6.9716847e-17 ... 5.3845289e-17 0.0000000e+00
 6.4967295e-17]"
7276-57061-0917,[ 3607.447   3608.2788  3609.109  ... 10387.236  10389.631  10392.016 ],"[ 2.0178648e-16  1.9629938e-16  2.4680581e-17 ...  1.2257643e-16
 -2.7703948e-17 -1.7799442e-16]","[1.2885106e-16 8.2980284e-17 6.4709400e-17 ... 5.4341528e-17 0.0000000e+00
 1.0623846e-16]"
7277-56748-0472,[ 3565.3318  3566.1538  3566.9744 ... 10329.994  10332.376  10334.747 ],"[-7.7824117e-17 -3.8886260e-17  4.1325321e-17 ...  4.5398154e-17
  2.8777283e-17 -2.9949173e-17]","[6.7887328e-17 6.2720434e-17 5.0601943e-17 ... 1.9053804e-17 2.2584410e-17
 2.5076498e-17]"
7280-56709-0724,[ 3610.7717  3611.6023  3612.435  ... 10375.279  10377.672  10380.064 ],"[ 5.32457451e-17 -5.69294153e-18 -3.77453763e-17 ... -9.71404846e-17
 -9.87370888e-17 -1.00333726e-16]","[4.9516391e-17 4.5280045e-17 4.3756253e-17 ... 8.9262383e-17 0.0000000e+00
 6.3067704e-17]"
7280-56709-0829,[ 3610.7717  3611.6023  3612.435  ... 10370.507  10372.898  10375.279 ],"[-3.3796171e-17 -1.5874352e-17  4.4468439e-17 ...  6.6676850e-18
  1.5426937e-17  1.1553711e-16]","[3.4835769e-17 3.3801230e-17 3.6408818e-17 ... 6.6541062e-17 1.2618921e-16
 1.4710693e-16]"
7283-57063-0427,[ 3570.2617  3571.083   3571.9065 ... 10327.612  10329.994  10332.376 ],"[-4.2273555e-17 -1.0746787e-16 -1.7264568e-16 ... -4.7965606e-18
  2.3830030e-17 -2.5084621e-17]","[5.2494642e-17 0.0000000e+00 4.4088131e-17 ... 1.4414525e-17 1.6676942e-17
 1.8555124e-17]"
7283-57063-0496,[ 3570.2617  3571.083   3571.9065 ... 10327.612  10329.994  10332.376 ],"[-5.6244126e-17 -1.9598415e-17  1.7031070e-17 ...  4.5676450e-17
  2.7947617e-17  3.9048479e-18]","[8.6028584e-17 0.0000000e+00 8.3250058e-17 ... 2.1055922e-17 2.1370926e-17
 2.5320940e-17]"
7283-57063-0612,[ 3609.9392  3610.7717  3611.6023 ... 10387.236  10389.631  10392.016 ],"[ 1.15624894e-17  7.01653705e-17 -1.19814680e-17 ...  5.80622689e-17
  4.70384031e-17 -8.12949334e-17]","[5.2779357e-17 5.5246083e-17 4.7845033e-17 ... 3.6891759e-17 2.4901210e-17
 2.4459676e-17]"
7284-56683-0431,[ 3566.1538  3566.9744  3567.7969 ... 10329.994  10332.376  10334.747 ],"[-5.4653325e-17  9.6892840e-17 -3.4908201e-18 ...  1.2631529e-17
 -7.5985421e-19 -1.4709941e-17]","[7.1989390e-17 3.8988371e-17 3.8288381e-17 ... 1.5116357e-17 1.5858417e-17
 1.5250150e-17]"
7287-57042-0453,[ 3567.7969  3568.6177  3569.4385 ... 10334.747  10337.131  10339.515 ],"[ 4.8810217e-17 -6.0261518e-18 -2.8685694e-17 ... -9.7215229e-18
 -6.1625568e-18  1.4019328e-17]","[4.8040463e-17 4.4829781e-17 4.7609422e-17 ... 2.4230631e-17 2.6838921e-17
 2.7353480e-17]"
7288-57039-0083,[ 3564.5117  3565.3318  3566.1538 ... 10332.376  10334.747  10337.131 ],"[ 1.7355740e-17  5.7870594e-18 -3.2826140e-17 ...  9.8977090e-18
 -1.2791038e-16 -1.0219119e-16]","[2.6397749e-17 2.7170190e-17 2.6346500e-17 ... 4.5292506e-17 6.4951955e-17
 5.8434183e-17]"
7288-57039-0409,[ 3565.3318  3566.1538  3566.9744 ... 10332.376  10334.747  10337.131 ],"[ 3.3600245e-17  3.1692644e-17  2.9784339e-17 ...  2.5276811e-17
 -2.7341995e-17 -4.1354607e-17]","[3.9165113e-17 0.0000000e+00 3.8638053e-17 ... 2.6456232e-17 3.8806682e-17
 3.7206875e-17]"
7289-57039-0033,[ 3562.0508  3562.8704  3563.69   ... 10334.747  10337.131  10339.515 ],"[ 1.9301626e-16  9.9408071e-17  5.8372701e-18 ... -6.2928473e-17
 -6.7707996e-17  8.3471809e-19]","[8.6213852e-17 0.0000000e+00 8.1831357e-17 ... 6.6354225e-17 7.0666649e-17
 6.8612375e-17]"
7290-57073-0048,[ 3569.4385  3570.2617  3571.083  ... 10327.612  10329.994  10332.376 ],"[ 2.4956184e-18 -9.5129327e-18 -2.1521587e-17 ...  4.0057439e-17
  2.1371358e-17 -3.9028704e-17]","[7.3610452e-17 0.0000000e+00 3.1722879e-17 ... 3.1279914e-17 3.5283118e-17
 3.6284953e-17]"
7290-57073-0602,[ 3611.6023  3612.435   3613.266  ... 10389.631  10392.016  10394.412 ],"[-1.7016840e-18  3.1792950e-16  1.2639407e-16 ...  1.7943075e-16
  2.7077162e-17 -1.2528339e-16]","[7.2374922e-17 7.4139464e-17 6.9503897e-17 ... 7.5775164e-17 0.0000000e+00
 9.1552926e-17]"
7291-56992-0305,[ 3562.0508  3562.8704  3563.69   ... 10332.376  10334.747  10337.131 ],"[ 2.5928929e-17  5.1176205e-17  7.6424229e-17 ...  1.8135353e-17
 -1.0170295e-17 -1.8796591e-17]","[8.1828644e-17 0.0000000e+00 4.5033589e-17 ... 2.5947668e-17 3.3319619e-17
 3.6453436e-17]"
7293-56741-0688,[ 3606.6172  3607.447   3608.2788 ... 10387.236  10389.631  10392.016 ],"[ 7.7924457e-17  4.9451732e-17  3.7230556e-18 ...  7.5639963e-17
 -1.1501548e-17 -9.8647449e-17]","[1.3374961e-16 6.8088783e-17 5.9867144e-17 ... 1.1133811e-16 0.0000000e+00
 4.4904175e-17]"
7293-56741-0786,[ 3606.6172  3607.447   3608.2788 ... 10387.236  10389.631  10392.016 ],"[ 1.4663623e-16 -6.5221616e-17 -7.3596747e-17 ...  4.0997686e-16
  1.1612460e-16 -1.7774567e-16]","[1.9921052e-16 7.1415637e-17 6.8240104e-17 ... 2.0615271e-16 0.0000000e+00
 7.2646575e-17]"
7293-56741-0932,[ 3607.447   3608.2788  3609.109  ... 10387.236  10389.631  10392.016 ],"[-4.6128425e-17  1.2343847e-17  6.3389742e-17 ...  1.1334421e-16
 -1.0483745e-17 -1.3431886e-16]","[3.8935603e-17 3.9827572e-17 4.1373970e-17 ... 1.2649925e-16 0.0000000e+00
 4.2103490e-17]"
7296-57046-0590,[ 3608.2788  3609.109   3609.9392 ... 10377.672  10380.064  10382.458 ],"[-2.8409654e-17  4.2877334e-17  8.9652986e-18 ...  1.2576737e-16
  7.4697619e-17  2.3626206e-17]","[5.6519425e-17 4.9178776e-17 4.7762752e-17 ... 8.0795488e-17 0.0000000e+00
 6.0034029e-17]"
7298-56661-0438,[ 3567.7969  3568.6177  3569.4385 ... 10339.515  10341.888  10344.272 ],"[ 1.30836256e-16  1.33484902e-16  1.36133309e-16 ... -1.68007198e-17
  1.05874784e-16 -2.38221779e-17]","[3.5693767e-17 0.0000000e+00 3.6423737e-17 ... 3.7974165e-17 2.8522144e-17
 4.4275931e-17]"
7300-56707-0798,[ 3609.9392  3610.7717  3611.6023 ... 10377.672  10380.064  10382.458 ],"[ 2.3610789e-16 -4.9840501e-17  4.3426608e-17 ... -2.3206924e-19
  7.6578752e-18  1.5548195e-17]","[6.9605852e-17 6.3293405e-17 6.1463662e-17 ... 6.7457922e-17 0.0000000e+00
 5.3102689e-17]"
7303-57013-0019,[ 3560.4106  3561.2297  3562.0508 ... 10332.376  10334.747  10337.131 ],"[ 7.0418918e-17  2.1471172e-16 -1.0697926e-16 ... -6.5435045e-18
 -8.4495699e-17 -4.8003455e-17]","[2.69097788e-16 1.09552396e-16 1.03137657e-16 ... 3.79413387e-17
 4.98380488e-17 5.52138096e-17]"
7303-57013-0165,[ 3558.771   3559.5898  3560.4106 ... 10332.376  10334.747  10337.131 ],"[ 2.6585734e-17  5.1787515e-17  7.6988433e-17 ...  1.8434253e-17
 -1.9182552e-17 -1.7203539e-17]","[1.5466804e-16 0.0000000e+00 1.5354161e-16 ... 2.5843298e-17 3.4705249e-17
 3.9842637e-17]"
7303-57013-0239,[ 3558.771   3559.5898  3560.4106 ... 10332.376  10334.747  10337.131 ],"[ 8.0826921e-17 -3.3624485e-17 -1.4806025e-16 ...  9.6998846e-18
 -5.4942852e-17 -1.5519199e-17]","[1.4848427e-16 0.0000000e+00 1.1722727e-16 ... 2.7466026e-17 3.5250696e-17
 4.0861369e-17]"
7303-57013-0305,[ 3558.771   3559.5898  3560.4106 ... 10332.376  10334.747  10337.131 ],"[ 2.5315893e-16  1.4378718e-16  3.4425858e-17 ... -2.4008950e-18
 -9.0055253e-17 -3.2116224e-17]","[1.2729625e-16 0.0000000e+00 1.1865570e-16 ... 3.5574021e-17 4.8589463e-17
 5.3278630e-17]"
7303-57013-0321,[ 3558.771   3559.5898  3560.4106 ... 10332.376  10334.747  10337.131 ],"[ 2.3398973e-16  4.6925380e-17 -1.4014236e-16 ...  1.7326305e-18
 -7.3932874e-17 -3.9247632e-17]","[9.4530611e-17 0.0000000e+00 7.9055504e-17 ... 4.3304559e-17 5.5008335e-17
 6.1310647e-17]"
7303-57013-0590,[ 3604.9565  3605.786   3606.6172 ... 10375.279  10377.672  10380.064 ],"[-2.9116519e-17  7.7683331e-17  5.5375586e-17 ... -3.6166427e-17
 -1.9347872e-17  2.8240965e-17]","[4.6667624e-17 5.0272729e-17 4.4961597e-17 ... 7.2867684e-17 8.7466303e-17
 1.0737562e-16]"
7303-57013-0931,[ 3604.1252  3604.9565  3605.786  ... 10375.279  10377.672  10380.064 ],"[ 2.5716607e-17  1.0712425e-16 -1.3674659e-17 ... -9.5715434e-18
 -1.2309170e-16 -1.1566163e-16]","[9.7937424e-17 4.7990653e-17 4.5871923e-17 ... 9.5700224e-17 1.2469069e-16
 1.2712682e-16]"
7305-56991-0299,[ 3563.69    3564.5117  3565.3318 ... 10334.747  10337.131  10339.515 ],"[ 2.7785746e-16  2.4721686e-16  2.1659383e-16 ...  7.6812058e-18
 -3.3851769e-18 -2.0473483e-17]","[6.9555030e-17 0.0000000e+00 4.8476172e-17 ... 2.0244762e-17 1.9197757e-17
 2.3480288e-17]"
7306-56684-0571,[ 3609.109   3609.9392  3610.7717 ... 10392.016  10394.412  10396.809 ],"[-7.1565541e-18  1.9078648e-18  1.3271197e-17 ... -5.2858072e-17
 -1.1139168e-17  3.0582922e-17]","[2.8588404e-17 2.8143811e-17 2.8582670e-17 ... 6.2993933e-17 0.0000000e+00
 8.3206892e-17]"
7309-56991-0590,[ 3603.2964  3604.1252  3604.9565 ... 10387.236  10389.631  10392.016 ],"[-1.0096557e-17  9.0643206e-17 -9.0428741e-18 ...  1.2163664e-16
  1.1694427e-16  1.1400292e-18]","[3.1436288e-17 3.0675814e-17 2.9149845e-17 ... 5.5983948e-17 4.1800186e-17
 3.2207720e-17]"
7310-56693-0380,[ 3562.8704  3563.69    3564.5117 ... 10341.888  10344.272  10346.657 ],"[ 3.4266321e-17  3.2605749e-17 -5.2379211e-17 ...  2.4962787e-17
 -1.2933612e-17 -3.9399354e-17]","[4.7743171e-17 4.3875030e-17 3.4958046e-17 ... 2.2600111e-17 2.5002950e-17
 3.2992085e-17]"
7310-56693-0914,[ 3604.1252  3604.9565  3605.786  ... 10384.841  10387.236  10389.631 ],"[-9.2733026e-18  1.4801055e-16 -7.1186184e-17 ...  8.4137761e-17
  7.3271599e-17  5.1737484e-17]","[5.0234272e-17 5.0325979e-17 4.5488386e-17 ... 4.9687763e-17 5.0431601e-17
 4.3787358e-17]"
7311-57038-0054,[ 3557.9507  3558.771   3559.5898 ... 10332.376  10334.747  10337.131 ],"[ 5.2300119e-17  2.1179334e-17 -9.9399531e-18 ...  2.9510350e-17
 -5.1697548e-17 -7.8057600e-17]","[5.8018230e-17 0.0000000e+00 5.6997456e-17 ... 2.4407627e-17 3.3012715e-17
 3.5365290e-17]"
7314-56990-0332,[ 3562.0508  3562.8704  3563.69   ... 10329.994  10332.376  10334.747 ],"[ 2.84609158e-17  4.19936072e-17  1.15910114e-17 ...  2.41274655e-17
  4.93940050e-17 -3.42530661e-17]","[3.8628226e-17 3.8991170e-17 3.7094001e-17 ... 2.6327410e-17 3.0313483e-17
 3.5363523e-17]"
7314-56990-0574,[ 3604.1252  3604.9565  3605.786  ... 10389.631  10392.016  10394.412 ],"[-1.7026067e-17 -8.0446855e-18  9.7168691e-18 ... -5.5319457e-18
  7.4739058e-20 -8.1684006e-17]","[3.2076784e-17 3.3113870e-17 3.1284014e-17 ... 4.6768213e-17 4.4353464e-17
 3.6055145e-17]"
7314-56990-0994,[ 3604.1252  3604.9565  3605.786  ... 10389.631  10392.016  10394.412 ],"[-2.7488841e-17 -1.7309419e-16  2.0178880e-16 ...  5.5150719e-17
  5.1026032e-17 -1.3328220e-16]","[4.5242187e-17 4.2448424e-17 4.5323552e-17 ... 3.6646454e-17 4.2770055e-17
 4.7220575e-17]"
7315-56685-0165,[ 3564.5117  3565.3318  3566.1538 ... 10334.747  10337.131  10339.515 ],"[ 2.2768841e-17  1.5032578e-17  7.2945650e-18 ... -3.3442528e-18
 -2.4518532e-17  3.7832270e-17]","[4.5223317e-17 0.0000000e+00 3.9844668e-17 ... 2.2327350e-17 2.1587604e-17
 2.4727727e-17]"
7315-56685-0723,[ 3609.109   3609.9392  3610.7717 ... 10389.631  10392.016  10394.412 ],"[ 6.7715566e-17  1.7751001e-16 -6.9082055e-18 ...  8.1253892e-17
  4.2497172e-17  3.7389263e-18]","[8.4519767e-17 8.6023667e-17 7.8749752e-17 ... 4.6852546e-17 0.0000000e+00
 7.6031464e-17]"
7315-56685-0769,[ 3609.109   3609.9392  3610.7717 ... 10389.631  10392.016  10394.412 ],"[ 1.2874154e-16  4.0132395e-17 -3.4800736e-17 ...  5.0472364e-17
 -2.8173477e-17 -1.0682289e-16]","[4.9567653e-17 4.7959561e-17 4.4692297e-17 ... 2.9199443e-17 0.0000000e+00
 4.2672104e-17]"
7315-56685-0794,[ 3609.109   3609.9392  3610.7717 ... 10389.631  10392.016  10394.412 ],"[ 2.1122905e-16  2.6337690e-17  1.1764918e-16 ... -1.2369492e-18
 -2.8154396e-17 -5.5072736e-17]","[5.4907716e-17 5.3029444e-17 5.1891832e-17 ... 2.9462168e-17 0.0000000e+00
 4.6493410e-17]"
7316-56710-0051,[ 3567.7969  3568.6177  3569.4385 ... 10327.612  10329.994  10332.376 ],"[ 4.2474027e-17  3.6390683e-17  3.0308606e-17 ... -5.7366030e-18
 -1.7984023e-17 -1.8447292e-17]","[1.2082415e-16 0.0000000e+00 3.1834615e-17 ... 4.4466722e-17 3.9352783e-17
 4.3678832e-17]"
7316-56710-0349,[ 3567.7969  3568.6177  3569.4385 ... 10344.272  10346.657  10349.043 ],"[ 1.07706466e-16  7.83991660e-17  4.90961637e-17 ... -4.79476202e-17
  1.71827540e-19  1.83729758e-16]","[5.2267369e-17 0.0000000e+00 4.1395341e-17 ... 3.7973083e-17 3.6811417e-17
 3.7248582e-17]"
7316-56710-0664,[ 3609.109   3609.9392  3610.7717 ... 10384.841  10387.236  10389.631 ],"[ 7.8126395e-17  1.0045975e-16  1.4372750e-16 ...  5.5853723e-17
  5.4557604e-17 -3.5275842e-17]","[6.8088155e-17 7.2266674e-17 7.1026102e-17 ... 4.6450638e-17 3.4793172e-17
 2.7227044e-17]"
7318-56990-0450,[ 3561.2297  3562.0508  3562.8704 ... 10327.612  10329.994  10332.376 ],"[ 5.9324441e-17 -6.5202561e-18  6.5409525e-17 ...  7.6695616e-18
  3.8104359e-17 -2.5351724e-17]","[3.6110834e-17 3.4910149e-17 3.6123404e-17 ... 3.9161159e-17 3.6418000e-17
 4.7511828e-17]"
7319-56962-0748,[ 3604.9565  3605.786   3606.6172 ... 10392.016  10394.412  10396.809 ],"[-5.6979013e-18  4.1486281e-17  3.1242374e-17 ...  1.2046795e-16
  1.1870325e-16  1.1693855e-16]","[5.2598159e-17 5.0358683e-17 5.1532505e-17 ... 1.1664211e-16 0.0000000e+00
 8.9442080e-17]"
7320-56722-0492,[ 3566.9744  3567.7969  3568.6177 ... 10329.994  10332.376  10334.747 ],"[-2.2754817e-17 -1.1163765e-16  3.6282306e-17 ... -2.4444103e-18
 -5.5550690e-17 -2.3807113e-17]","[7.2689363e-17 6.7209795e-17 4.6571986e-17 ... 1.9912196e-17 2.4987073e-17
 3.2839060e-17]"
7324-56935-0027,[ 3562.8704  3563.69    3564.5117 ... 10325.231  10327.612  10329.994 ],"[-1.02137185e-16 -2.63005848e-17  4.95465504e-17 ...  1.81456295e-17
 -1.18341910e-17 -1.60012018e-17]","[6.1954511e-17 0.0000000e+00 6.3956460e-17 ... 1.9199911e-17 2.6935537e-17
 2.3108702e-17]"
7324-56935-0306,[ 3562.8704  3563.69    3564.5117 ... 10325.231  10327.612  10329.994 ],"[ 8.2831392e-17  8.0330950e-17  7.7830357e-17 ...  3.1062295e-18
 -5.7331119e-18  2.6514962e-18]","[3.0207719e-17 0.0000000e+00 3.0750323e-17 ... 2.0059613e-17 2.1033661e-17
 2.2771228e-17]"
7326-56710-0074,[ 3566.9744  3567.7969  3568.6177 ... 10320.482  10322.862  10325.231 ],"[ 2.08931628e-17  1.15660116e-17  2.24082173e-18 ... -1.22941894e-17
  6.69912154e-18 -2.74369208e-17]","[4.1051690e-17 0.0000000e+00 4.0682969e-17 ... 2.4590791e-17 2.5740175e-17
 2.8397246e-17]"
7326-56710-0328,[ 3566.1538  3566.9744  3567.7969 ... 10329.994  10332.376  10334.747 ],"[-2.6588533e-17 -1.3972715e-17 -1.5323675e-17 ...  6.6214749e-17
 -7.7752641e-19 -2.1536799e-17]","[3.1893590e-17 3.1388086e-17 3.1578834e-17 ... 2.8698820e-17 2.6714259e-17
 2.6726350e-17]"
7326-56710-0408,[ 3566.1538  3566.9744  3567.7969 ... 10329.994  10332.376  10334.747 ],"[ 3.3420423e-17  8.3967600e-17  2.5093569e-17 ...  7.6369536e-17
  2.3404324e-17 -6.1944883e-17]","[9.2462567e-17 3.8476214e-17 3.7805747e-17 ... 3.7228961e-17 3.6252266e-17
 3.3869638e-17]"
7326-56710-0552,[ 3609.109   3609.9392  3610.7717 ... 10370.507  10372.898  10375.279 ],"[ 8.8883144e-17 -2.6295747e-17  1.6131751e-17 ...  2.9594130e-17
  2.9672675e-19 -2.9000817e-17]","[3.0138329e-17 2.9879775e-17 2.9193093e-17 ... 7.3378471e-17 0.0000000e+00
 1.9405472e-16]"
7327-56715-0752,[ 3609.9392  3610.7717  3611.6023 ... 10389.631  10392.016  10394.412 ],"[ 8.0088837e-19 -1.5892758e-17  1.1045265e-16 ... -1.2652662e-16
 -1.5681306e-16 -1.1469291e-16]","[4.4770810e-17 4.2350972e-17 4.3313605e-17 ... 1.6429178e-16 2.0324738e-16
 2.3143389e-16]"
7334-56656-0083,[ 3564.5117  3565.3318  3566.1538 ... 10334.747  10337.131  10339.515 ],"[ 8.1551287e-17  2.5676035e-17 -8.6915427e-17 ... -2.6092140e-17
 -9.2996161e-18  3.1674738e-17]","[1.7887500e-16 7.1059506e-17 2.5315168e-17 ... 1.7292502e-17 1.7794385e-17
 1.8744833e-17]"
7337-56662-0541,[ 3606.6172  3607.447   3608.2788 ... 10353.806  10356.193  10358.569 ],"[-3.27219482e-17 -1.66302280e-17  7.00242303e-18 ...  1.06254772e-18
 -1.27138115e-17 -2.31365627e-17]","[5.9656246e-17 2.7451233e-17 2.3587174e-17 ... 2.5031991e-17 2.3749275e-17
 2.0662173e-17]"
7337-56686-0325,[ 3562.8704  3563.69    3564.5117 ... 10339.515  10341.888  10344.272 ],"[-2.1368240e-16 -4.0512302e-17  1.3272941e-16 ...  8.2265031e-17
  4.6618298e-17 -5.3124378e-17]","[9.7570685e-17 0.0000000e+00 9.2176891e-17 ... 2.0619864e-17 2.3636785e-17
 2.6303548e-17]"
7376-56749-0438,[ 3565.3318  3566.1538  3566.9744 ... 10329.994  10332.376  10334.747 ],"[ 2.82783829e-16 -1.03030983e-16  3.95700507e-17 ...  6.94404956e-17
  1.83396761e-17 -1.54657330e-17]","[7.6736679e-17 7.2200361e-17 7.0846941e-17 ... 2.8858727e-17 3.4443172e-17
 3.6970421e-17]"
7377-56741-0466,[ 3562.8704  3563.69    3564.5117 ... 10341.888  10344.272  10346.657 ],"[ 1.6476404e-17 -1.2911624e-17  5.8412418e-17 ... -4.8569107e-17
 -3.4727156e-17  6.1291377e-17]","[5.1638083e-17 4.9199876e-17 5.0527510e-17 ... 3.4768006e-17 3.8763024e-17
 3.4717677e-17]"
7378-56715-0100,[ 3566.1538  3566.9744  3567.7969 ... 10332.376  10334.747  10337.131 ],"[1.0824468e-16 9.1150195e-17 9.7530669e-17 ... 1.9770290e-17 2.8237661e-18
 1.0802305e-17]","[6.3955223e-17 4.1850720e-17 4.1697847e-17 ... 2.6060019e-17 2.8947698e-17
 3.0414630e-17]"
7378-56715-0162,[ 3566.1538  3566.9744  3567.7969 ... 10334.747  10337.131  10339.515 ],"[-7.2036301e-17  5.7567172e-17 -2.5765760e-17 ... -2.7475097e-17
 -4.0657840e-17 -5.1071873e-19]","[6.9273094e-17 3.0780774e-17 2.8753215e-17 ... 2.9355125e-17 3.3092935e-17
 3.6159013e-17]"
7381-56717-0804,[ 3610.7717  3611.6023  3612.435  ... 10384.841  10387.236  10389.631 ],"[4.0952101e-17 1.3666759e-17 1.0677490e-16 ... 1.0276176e-17 9.3876868e-18
 8.4991815e-18]","[3.6024424e-17 3.6773591e-17 3.3908353e-17 ... 0.0000000e+00 0.0000000e+00
 9.1271023e-17]"
7382-56991-0076,[ 3560.4106  3561.2297  3562.0508 ... 10337.131  10339.515  10341.888 ],"[ 1.4793090e-16  1.0485794e-16  6.1808921e-17 ... -4.0850530e-17
  1.1058373e-17  6.3788073e-17]","[8.8158230e-17 0.0000000e+00 6.0472997e-17 ... 2.6415371e-17 2.3189386e-17
 2.2940556e-17]"
7382-56991-0098,[ 3560.4106  3561.2297  3562.0508 ... 10337.131  10339.515  10341.888 ],"[-9.95005964e-17  2.52269676e-18  1.04492975e-16 ... -1.87298605e-17
  9.34849750e-18  3.07296903e-17]","[4.8669024e-17 0.0000000e+00 5.2768359e-17 ... 2.2293467e-17 1.9871684e-17
 1.8484544e-17]"
7382-56991-0418,[ 3560.4106  3561.2297  3562.0508 ... 10334.747  10337.131  10339.515 ],"[ 7.6414257e-17  5.7408717e-17  3.8404083e-17 ... -1.9458785e-17
 -2.1286439e-17  9.5534199e-18]","[5.3062829e-17 0.0000000e+00 3.8558038e-17 ... 2.5975751e-17 2.9303168e-17
 2.5267458e-17]"
7383-56749-0226,[ 3567.7969  3568.6177  3569.4385 ... 10341.888  10344.272  10346.657 ],"[ 2.9730344e-17  1.5960356e-17  2.1900566e-18 ... -2.3876135e-17
  7.9666913e-19  4.2358655e-17]","[4.5444118e-17 0.0000000e+00 4.1958217e-17 ... 4.0003751e-17 4.1567427e-17
 4.2850944e-17]"
7384-56715-0785,[ 3609.9392  3610.7717  3611.6023 ... 10384.841  10387.236  10389.631 ],"[1.09318271e-16 8.11430630e-17 1.07038144e-16 ... 6.86700397e-17
 7.52480380e-17 2.85498047e-17]","[5.1571753e-17 5.3220073e-17 5.2628437e-17 ... 3.9649827e-17 3.4700104e-17
 2.7772129e-17]"
7386-56769-0586,[ 3608.2788  3609.109   3609.9392 ... 10387.236  10389.631  10392.016 ],"[ 1.3189359e-16  6.5911399e-17 -2.0972199e-18 ...  1.1451148e-16
 -5.3327884e-17 -2.2116405e-16]","[8.6318467e-17 8.0360868e-17 7.3322692e-17 ... 6.9005134e-17 0.0000000e+00
 4.0081768e-17]"
7386-56769-0588,[ 3608.2788  3609.109   3609.9392 ... 10387.236  10389.631  10392.016 ],"[-9.92560156e-17 -1.01255915e-17  7.73012789e-17 ...  9.73912064e-17
 -1.00089986e-16 -2.97567439e-16]","[6.5841850e-17 6.8358444e-17 6.7443265e-17 ... 5.1533091e-17 0.0000000e+00
 3.8912270e-17]"
7387-57038-0636,[ 3606.6172  3607.447   3608.2788 ... 10389.631  10392.016  10394.412 ],"[ 5.6851402e-17  8.0497637e-17  2.5168009e-17 ...  3.2106632e-17
 -6.7160607e-17 -8.1928163e-17]","[5.2694674e-17 5.0465442e-17 4.9219447e-17 ... 1.2381294e-16 8.4257908e-17
 4.7222706e-17]"
7389-56769-0650,[ 3608.2788  3609.109   3609.9392 ... 10382.458  10384.841  10387.236 ],"[ 4.66558665e-16 -2.63552475e-16  1.07460066e-16 ...  9.25678831e-17
  1.61371010e-17 -6.02977477e-17]","[6.7008267e-17 6.3805708e-17 5.9559671e-17 ... 8.2987186e-17 0.0000000e+00
 4.6592771e-17]"
7391-56781-0288,[ 3569.4385  3570.2617  3571.083  ... 10344.272  10346.657  10349.043 ],"[ 1.9899366e-16  1.6997936e-16  1.4097803e-16 ... -3.6770041e-17
  2.0817557e-17  2.5166410e-16]","[4.9260617e-17 0.0000000e+00 4.3015155e-17 ... 4.4568349e-17 4.3022703e-17
 5.2873841e-17]"
7391-56781-0420,[ 3568.6177  3569.4385  3570.2617 ... 10346.657  10349.043  10351.419 ],"[ 3.2076538e-18  2.9427478e-16 -2.6089856e-16 ...  2.3965092e-17
  3.2546397e-16  1.3599670e-16]","[8.7330678e-17 5.3270948e-17 5.1531509e-17 ... 4.2924242e-17 4.2658786e-17
 3.2846945e-17]"
7391-56781-0771,[ 3608.2788  3609.109   3609.9392 ... 10377.672  10380.064  10382.458 ],"[ 8.6601568e-17  1.2696791e-16  5.7953187e-17 ...  1.7433481e-16
 -2.1384633e-16 -4.0058299e-17]","[5.5215246e-17 5.7240812e-17 5.1675478e-17 ... 3.1997509e-16 1.5972978e-16
 9.0448706e-17]"
7392-56992-0068,[ 3560.4106  3561.2297  3562.0508 ... 10332.376  10334.747  10337.131 ],"[-5.5850805e-17  8.7687928e-17  1.3753314e-17 ...  3.8204558e-17
 -1.0554526e-18 -1.9852897e-17]","[4.2228298e-17 3.7577538e-17 3.3708113e-17 ... 2.2331903e-17 2.8815574e-17
 2.9008063e-17]"
7394-57131-0688,[ 3607.447   3608.2788  3609.109  ... 10384.841  10387.236  10389.631 ],"[ 1.04566125e-16  1.27443068e-16 -2.59726424e-17 ...  8.75858670e-17
  1.95192655e-16 -1.36280004e-16]","[5.0753711e-17 4.9725549e-17 4.6354156e-17 ... 6.4845229e-17 1.6332742e-16
 2.3396278e-16]"
7396-56809-0816,[ 3612.435   3613.266   3614.0994 ... 10384.841  10387.236  10389.631 ],"[-1.6378750e-17 -5.8778081e-18 -3.6773948e-18 ...  1.9537969e-16
  6.0080662e-17 -7.5217922e-17]","[2.3425786e-17 2.4246985e-17 2.4276515e-17 ... 1.1236249e-16 0.0000000e+00
 6.8810872e-17]"
7396-56809-0842,[ 3612.435   3613.266   3614.0994 ... 10384.841  10387.236  10389.631 ],"[ 3.66284840e-17  2.61938950e-17 -5.81067786e-18 ...  2.86554793e-16
  9.21538561e-17 -1.02245374e-16]","[2.7878164e-17 2.7696072e-17 2.6927192e-17 ... 2.2556440e-16 0.0000000e+00
 6.9697484e-17]"
7396-56809-0938,[ 3612.435   3613.266   3614.0994 ... 10380.064  10382.458  10384.841 ],"[-3.2011575e-17  1.0947003e-17  2.7191548e-17 ... -4.8803206e-16
  2.5975761e-16  1.4450807e-16]","[2.6367318e-17 2.6406128e-17 2.7518587e-17 ... 2.7352462e-16 2.0335582e-16
 8.7872746e-17]"
7397-57129-0190,[ 3565.3318  3566.1538  3566.9744 ... 10332.376  10334.747  10337.131 ],"[ 1.9059759e-16  1.2172135e-16  5.2868604e-17 ...  1.5714792e-17
  1.4310567e-18 -6.6266982e-18]","[1.0263896e-16 0.0000000e+00 8.7335714e-17 ... 1.8973520e-17 2.0087669e-17
 2.2741428e-17]"
7398-56781-0329,[ 3569.4385  3570.2617  3571.083  ... 10339.515  10341.888  10344.272 ],"[-2.8180419e-17 -4.6126956e-17 -6.4064761e-17 ...  3.5579874e-17
  1.8249345e-17  1.8998680e-18]","[3.6468851e-17 0.0000000e+00 3.1095218e-17 ... 2.4363095e-17 2.4260852e-17
 2.7278304e-17]"
7400-57134-0004,[ 3566.9744  3567.7969  3568.6177 ... 10332.376  10334.747  10337.131 ],"[-2.3610840e-17  4.2465947e-18  3.2103680e-17 ... -2.5594924e-18
 -4.0623677e-17 -2.8999324e-17]","[3.0627653e-17 0.0000000e+00 3.1030556e-17 ... 2.8708187e-17 2.9971583e-17
 3.2504922e-17]"
7403-57071-0452,[ 3568.6177  3569.4385  3570.2617 ... 10334.747  10337.131  10339.515 ],"[ 4.7611947e-17  1.2182164e-17 -2.3224429e-17 ... -5.2895110e-17
 -5.3260155e-17  2.9257468e-17]","[4.9253742e-17 0.0000000e+00 3.9696401e-17 ... 2.3656778e-17 2.6125098e-17
 2.5967140e-17]"
7404-56776-0446,[ 3564.5117  3565.3318  3566.1538 ... 10341.888  10344.272  10346.657 ],"[ 3.6533246e-17 -2.2380248e-18 -4.1004458e-17 ...  7.5361382e-17
  5.0160153e-17 -1.1745147e-17]","[8.0651837e-17 0.0000000e+00 4.7907879e-17 ... 3.7011118e-17 3.8657098e-17
 4.4518520e-17]"
7404-56776-0972,[ 3607.447   3608.2788  3609.109  ... 10382.458  10384.841  10387.236 ],"[ 1.7986877e-16  1.5986291e-16 -4.7779119e-18 ...  1.7853884e-16
  2.0850599e-16  6.9661306e-17]","[5.4332598e-17 5.5531851e-17 4.8406795e-17 ... 1.1165478e-16 8.7719996e-17
 6.4674777e-17]"
7405-57134-0986,[ 3608.2788  3609.109   3609.9392 ... 10384.841  10387.236  10389.631 ],"[-3.9295245e-17 -4.5687862e-17 -3.6724291e-17 ...  4.8066777e-17
  3.3520118e-17  6.9043965e-17]","[4.3014795e-17 4.1789505e-17 4.1571464e-17 ... 3.5864990e-17 2.9271308e-17
 1.9760463e-17]"
7406-56805-0871,[ 3609.109   3609.9392  3610.7717 ... 10389.631  10392.016  10394.412 ],"[ 1.1166356e-16 -1.1929797e-16 -3.2562107e-17 ...  8.5100851e-17
  1.4674942e-17 -5.5750881e-17]","[6.5025919e-17 4.5823520e-17 3.7941974e-17 ... 4.7742066e-17 0.0000000e+00
 3.5238596e-17]"
7408-56780-0472,[ 3565.3318  3566.1538  3566.9744 ... 10341.888  10344.272  10346.657 ],"[ 3.079597e-17 -7.869245e-17  6.528920e-17 ...  7.197922e-17  2.736217e-17
 -9.029256e-18]","[8.9252120e-17 8.0008681e-17 8.5651131e-17 ... 5.0552687e-17 4.5353138e-17
 4.2335765e-17]"
7408-56780-0546,[ 3607.447   3608.2788  3609.109  ... 10380.064  10382.458  10384.841 ],"[-8.5678984e-17 -4.8254503e-18  1.5584370e-16 ... -3.7700386e-16
  8.8516809e-17  1.0322560e-16]","[9.8193545e-17 9.6035318e-17 4.5840556e-17 ... 1.6738045e-16 1.0644220e-16
 4.5516394e-17]"
7409-56809-0628,[ 3610.7717  3611.6023  3612.435  ... 10384.841  10387.236  10389.631 ],"[-4.3498719e-18 -9.0385999e-17  1.3364854e-16 ...  3.9575358e-17
  7.6493547e-17  1.4130684e-16]","[2.7952369e-17 2.8535498e-17 2.9318219e-17 ... 6.1185987e-17 4.7669582e-17
 3.6117568e-17]"
7410-57104-0908,[ 3610.7717  3611.6023  3612.435  ... 10384.841  10387.236  10389.631 ],"[ 4.7088828e-17  1.1597641e-17 -4.2115031e-17 ...  1.1324386e-16
  1.3852696e-16  8.7221075e-18]","[2.8304377e-17 2.6153768e-17 2.5048950e-17 ... 0.0000000e+00 4.0040229e-16
 3.3457526e-16]"
7414-56748-0455,[ 3569.4385  3570.2617  3571.083  ... 10341.888  10344.272  10346.657 ],"[-3.7077699e-17  1.7983996e-16  4.3470191e-17 ...  2.7251379e-17
  1.8048227e-17 -2.9846546e-17]","[3.9220150e-17 3.9437242e-17 3.8204018e-17 ... 3.0834560e-17 3.0887166e-17
 4.4495435e-17]"
7415-57097-0187,[ 3571.9065  3572.7283  3573.552  ... 10327.612  10329.994  10332.376 ],"[ 4.0638858e-18 -9.1570114e-19 -5.8945023e-18 ...  3.3001985e-17
  4.6090014e-17 -4.5965523e-17]","[4.9603159e-17 0.0000000e+00 4.1779086e-17 ... 2.4168742e-17 2.3260114e-17
 2.6583904e-17]"
7415-57097-0396,[ 3571.9065  3572.7283  3573.552  ... 10327.612  10329.994  10332.376 ],"[ 1.0368459e-16  9.4951626e-17  8.6220629e-17 ...  2.5037536e-17
  2.8251341e-17 -5.1377975e-18]","[4.8577707e-17 0.0000000e+00 4.8865337e-17 ... 2.9860717e-17 2.6669909e-17
 3.1264304e-17]"
7415-57097-0498,[ 3571.083   3571.9065  3572.7283 ... 10327.612  10329.994  10332.376 ],"[-8.7578111e-17  2.1539538e-17 -2.3594932e-17 ...  2.5255450e-17
  4.3291672e-17  2.0206509e-17]","[1.4283513e-16 5.3307436e-17 5.2950736e-17 ... 2.9990760e-17 2.8873378e-17
 3.7712213e-17]"
7415-57097-0520,[ 3612.435   3613.266   3614.0994 ... 10384.841  10387.236  10389.631 ],"[1.1011833e-17 4.6463867e-17 9.0856435e-18 ... 1.0037380e-16 8.4580488e-17
 1.5606402e-17]","[2.7645827e-17 3.0349052e-17 2.9218789e-17 ... 9.5278269e-17 6.3078709e-17
 3.3911139e-17]"
7415-57097-0980,[ 3612.435   3613.266   3614.0994 ... 10384.841  10387.236  10389.631 ],"[ 6.0320803e-17 -2.4071821e-17  5.4890097e-17 ...  8.7907210e-17
  6.3006096e-17  4.9408292e-17]","[2.3200385e-17 2.4011955e-17 2.4939682e-17 ... 1.5953058e-16 6.5402729e-17
 3.7490909e-17]"
7416-56810-0851,[ 3611.6023  3612.435   3613.266  ... 10384.841  10387.236  10389.631 ],"[ 9.3837374e-17 -1.6388847e-17 -6.8663622e-18 ...  2.3267778e-16
  3.0683352e-17 -1.7132046e-16]","[4.8579017e-17 4.5642039e-17 4.3756448e-17 ... 0.0000000e+00 0.0000000e+00
 1.1863455e-16]"
7417-56753-0076,[ 3566.9744  3567.7969  3568.6177 ... 10332.376  10334.747  10337.131 ],"[-2.1269447e-16  9.1951051e-17  2.0943722e-20 ... -4.8216362e-18
 -9.4245361e-18  2.0730525e-18]","[1.1508245e-16 7.7990850e-17 7.5816973e-17 ... 2.4969805e-17 2.6605268e-17
 2.4075212e-17]"
7417-56753-0125,[ 3567.7969  3568.6177  3569.4385 ... 10332.376  10334.747  10337.131 ],"[-1.5506753e-17  2.8253514e-18  2.1151715e-17 ... -1.2460917e-17
 -1.5227972e-17 -1.2103377e-17]","[7.6278679e-17 0.0000000e+00 3.6037473e-17 ... 2.0870890e-17 2.2660669e-17
 2.1282408e-17]"
7418-57165-0858,[ 3610.7717  3611.6023  3612.435  ... 10387.236  10389.631  10392.016 ],"[ 6.79588893e-17  1.36422787e-17  1.62746048e-17 ...  5.67469260e-17
  5.82493242e-17 -1.01352204e-16]","[5.5012679e-17 5.2292668e-17 5.0215670e-17 ... 5.6146075e-17 5.4796563e-17
 4.3582734e-17]"
7418-57165-0888,[ 3610.7717  3611.6023  3612.435  ... 10387.236  10389.631  10392.016 ],"[ 6.36006997e-17  7.07079546e-17  5.67208400e-17 ...  1.07442834e-16
  9.65503872e-17 -1.13533120e-16]","[4.6999406e-17 4.7793877e-17 4.7025688e-17 ... 5.8404497e-17 5.7273747e-17
 4.5637722e-17]"
7419-56811-0945,[ 3613.266   3614.0994  3614.9307 ... 10384.841  10387.236  10389.631 ],"[ 2.7804486e-16 -9.7109680e-17  3.4868942e-17 ...  2.4802827e-16
 -4.0818410e-18 -2.5619290e-16]","[5.6002497e-17 5.0946884e-17 4.7987815e-17 ... 1.3408514e-16 0.0000000e+00
 7.4772449e-17]"
7419-56811-0957,[ 3613.266   3614.0994  3614.9307 ... 10380.064  10382.458  10384.841 ],"[-9.4986625e-17  1.4209743e-16  2.8678888e-17 ...  1.0245189e-17
 -2.4977881e-18  2.4356194e-16]","[4.3250763e-17 4.7394637e-17 4.5476924e-17 ... 0.0000000e+00 1.6143459e-16
 1.4480584e-16]"
7420-56753-0218,[ 3566.1538  3566.9744  3567.7969 ... 10334.747  10337.131  10339.515 ],"[ 1.5448602e-16 -1.1001687e-17 -8.6598385e-17 ... -1.9555921e-17
 -3.5030073e-17  8.7121764e-18]","[5.0577313e-17 4.6606013e-17 4.0003315e-17 ... 2.9023690e-17 2.7550258e-17
 2.7481006e-17]"
7420-56753-0755,[ 3606.6172  3607.447   3608.2788 ... 10380.064  10382.458  10384.841 ],"[-3.1133265e-16  2.0835396e-16 -1.1546204e-16 ... -1.4957956e-16
 -1.1189421e-17  6.9080321e-17]","[4.3809285e-17 4.0171911e-17 4.2971861e-17 ... 1.1669013e-16 8.7028010e-17
 5.4669760e-17]"
7420-56753-0918,[ 3606.6172  3607.447   3608.2788 ... 10380.064  10382.458  10384.841 ],"[-1.0206912e-16  1.7099079e-16  1.4720321e-17 ... -5.2002996e-17
 -1.3367392e-17  7.6066232e-17]","[3.6027415e-17 3.6399150e-17 3.6058838e-17 ... 1.3117412e-16 8.5390139e-17
 5.5046971e-17]"
7420-56753-0964,[ 3606.6172  3607.447   3608.2788 ... 10380.064  10382.458  10384.841 ],"[-3.6203234e-17  1.1991840e-16 -2.5554506e-17 ... -1.6643884e-16
  1.5726670e-17  3.0313489e-17]","[3.5268712e-17 3.4041500e-17 3.3245461e-17 ... 1.1418371e-16 8.7723020e-17
 8.9419369e-17]"
7421-57159-0134,[ 3566.1538  3566.9744  3567.7969 ... 10332.376  10334.747  10337.131 ],"[-3.4432167e-17  6.0382511e-17  5.5014572e-17 ... -2.3920572e-19
 -4.5861229e-17 -3.2682174e-17]","[3.5026573e-17 3.3694319e-17 3.5749307e-17 ... 2.8260477e-17 3.1538253e-17
 3.4232334e-17]"
7421-57159-0314,[ 3566.1538  3566.9744  3567.7969 ... 10332.376  10334.747  10337.131 ],"[ 2.8984319e-16  3.7998765e-17  1.6665600e-17 ... -9.7156681e-18
 -4.2296431e-17 -2.4634489e-17]","[5.0757761e-17 5.0807323e-17 4.7335973e-17 ... 1.9206676e-17 2.3408839e-17
 2.5971221e-17]"
7422-56799-0076,[ 3568.6177  3569.4385  3570.2617 ... 10322.862  10325.231  10327.612 ],"[ 1.1334939e-16  7.2732277e-17  3.2134044e-17 ...  1.9754631e-17
 -1.2226922e-17  4.8463797e-17]","[1.2175578e-16 0.0000000e+00 5.9664366e-17 ... 2.8480537e-17 2.7858030e-17
 2.5348429e-17]"
7423-57135-0482,[ 3566.9744  3567.7969  3568.6177 ... 10332.376  10334.747  10337.131 ],"[ 1.595661e-17  4.439129e-17  7.283087e-17 ...  1.484990e-17 -3.626368e-17
 -5.459829e-18]","[3.4772903e-17 0.0000000e+00 3.5418425e-17 ... 2.6962733e-17 2.7658192e-17
 3.3537356e-17]"
7423-57135-0723,[ 3609.9392  3610.7717  3611.6023 ... 10387.236  10389.631  10392.016 ],"[-1.33547086e-17  8.30200351e-17 -1.82541026e-17 ... -5.17349195e-17
 -5.74434385e-17 -6.31517855e-17]","[4.1564741e-17 4.2508795e-17 3.9244118e-17 ... 0.0000000e+00 0.0000000e+00
 2.8396227e-17]"
7423-57135-0817,[ 3609.109   3609.9392  3610.7717 ... 10382.458  10384.841  10387.236 ],"[3.8257342e-17 3.3299932e-17 1.6435086e-17 ... 1.4006857e-16 1.6210800e-16
 1.8414693e-16]","[3.9505891e-17 3.6131623e-17 3.3444825e-17 ... 0.0000000e+00 0.0000000e+00
 2.6714704e-16]"
7424-57160-0690,[ 3608.2788  3609.109   3609.9392 ... 10392.016  10394.412  10396.809 ],"[ 4.18047983e-17  1.03372116e-17 -4.83114804e-17 ... -1.10380126e-16
 -6.06497693e-17  1.29745278e-16]","[3.8048975e-17 3.7710860e-17 3.3686970e-17 ... 7.9111865e-17 9.7234492e-17
 1.2606047e-16]"
7426-56771-0512,[ 3608.2788  3609.109   3609.9392 ... 10384.841  10387.236  10389.631 ],"[-2.4820937e-19  3.0598764e-17  6.7387473e-17 ...  1.0028401e-15
  4.0901760e-16 -1.8481690e-16]","[5.8062739e-17 5.7720299e-17 5.7932203e-17 ... 8.3534267e-16 0.0000000e+00
 7.4165675e-17]"
7426-56771-0560,[ 3608.2788  3609.109   3609.9392 ... 10384.841  10387.236  10389.631 ],"[ 2.5101294e-17  4.3467984e-17  9.8839653e-17 ...  4.9748146e-16
  9.3353718e-17 -3.1078316e-16]","[5.7098140e-17 5.4355682e-17 5.6336499e-17 ... 4.7962732e-16 0.0000000e+00
 7.7921439e-17]"
7427-56751-0620,[ 3605.786   3606.6172  3607.447  ... 10380.064  10382.458  10384.841 ],"[-9.4100637e-18 -7.9534726e-17 -4.0898314e-17 ... -4.4137058e-16
 -1.8259129e-17  1.3443237e-16]","[5.6701233e-17 5.1758094e-17 5.1750897e-17 ... 2.0233096e-16 1.1500733e-16
 6.6042669e-17]"
7428-56781-0990,[ 3609.9392  3610.7717  3611.6023 ... 10387.236  10389.631  10392.016 ],"[ 4.8471239e-17 -2.0875451e-17  5.2788705e-17 ...  1.2705509e-16
  4.0841259e-17 -4.5374632e-17]","[2.6069901e-17 2.4491690e-17 2.5478213e-17 ... 8.0949304e-17 0.0000000e+00
 3.9391036e-17]"
7429-56740-0496,[ 3566.9744  3567.7969  3568.6177 ... 10344.272  10346.657  10349.043 ],"[-2.8984776e-17  1.4534216e-16 -6.1382248e-17 ... -4.4931756e-18
 -1.6639669e-17  4.4181655e-17]","[4.5690526e-17 4.6990264e-17 4.2772269e-17 ... 3.7419702e-17 4.2029623e-17
 4.8583368e-17]"
7430-57105-0410,[ 3570.2617  3571.083   3571.9065 ... 10334.747  10337.131  10339.515 ],"[-1.9137857e-16 -1.6232456e-16 -1.3328131e-16 ... -9.3656659e-20
  1.7204841e-17  9.8921479e-18]","[3.6087121e-17 0.0000000e+00 3.8168483e-17 ... 2.6925846e-17 3.0983271e-17
 3.0401223e-17]"
7430-57105-0422,[ 3569.4385  3570.2617  3571.083  ... 10332.376  10334.747  10337.131 ],"[ 1.01298966e-16 -6.41516152e-17  1.33360123e-16 ... -7.71431286e-18
 -9.74371860e-18 -4.98265394e-18]","[5.8718547e-17 4.3144000e-17 4.5679067e-17 ... 2.2545732e-17 2.9135151e-17
 3.1710369e-17]"
7430-57105-0936,[ 3610.7717  3611.6023  3612.435  ... 10365.737  10368.116  10370.507 ],"[-1.92984446e-17  5.41086268e-17 -5.28144498e-17 ...  2.05966996e-17
 -1.09173415e-17 -7.09639505e-17]","[3.1023154e-17 2.9076567e-17 2.9018601e-17 ... 4.1633602e-17 3.4905377e-17
 5.9533611e-17]"
7431-57162-0014,[ 3567.7969  3568.6177  3569.4385 ... 10332.376  10334.747  10337.131 ],"[ 7.3783617e-17  4.1467262e-17  9.1577025e-18 ...  5.2973907e-17
 -1.2452858e-17 -5.7001036e-17]","[3.7171134e-17 0.0000000e+00 3.6110682e-17 ... 3.9112971e-17 3.9471196e-17
 3.6543258e-17]"
7431-57162-0330,[ 3567.7969  3568.6177  3569.4385 ... 10332.376  10334.747  10337.131 ],"[ 8.4745627e-17  2.0844543e-17 -4.3022590e-17 ...  3.5647444e-18
 -4.6311239e-17 -3.0049983e-17]","[5.3458837e-17 0.0000000e+00 4.9689732e-17 ... 3.1966805e-17 3.6897467e-17
 3.5896591e-17]"
7431-57162-0504,[ 3608.2788  3609.109   3609.9392 ... 10387.236  10389.631  10392.016 ],"[ 2.2372054e-16 -1.0650775e-16  1.7453491e-16 ...  1.5307665e-17
  5.7184319e-17 -5.8708906e-17]","[5.9161407e-17 6.1110760e-17 5.8766841e-17 ... 6.8687702e-17 8.5691729e-17
 6.9608605e-17]"
7433-57166-0863,[ 3608.2788  3609.109   3609.9392 ... 10370.507  10372.898  10375.279 ],"[ 5.6200806e-18 -1.2168288e-17  4.2987246e-17 ...  3.9907478e-17
  8.2736795e-17  1.3528418e-16]","[6.3644415e-17 5.8771282e-17 5.8424554e-17 ... 4.4460888e-17 9.0385430e-17
 1.8988910e-16]"
7434-57166-0917,[ 3608.2788  3609.109   3609.9392 ... 10368.116  10370.507  10372.898 ],"[-6.8759144e-17  8.9471203e-17  3.9298735e-17 ...  5.7875007e-18
  9.3193252e-17  1.4904077e-17]","[3.8915483e-17 3.8438583e-17 3.8606941e-17 ... 4.3760776e-17 6.3801235e-17
 9.3654660e-17]"
7449-56740-0176,[ 3562.8704  3563.69    3564.5117 ... 10334.747  10337.131  10339.515 ],"[ 1.1244853e-16 -3.1187872e-17  3.6248295e-18 ... -4.7715497e-17
 -4.6831191e-17 -3.2179824e-17]","[7.8524156e-17 3.9476857e-17 3.6278792e-17 ... 2.9704373e-17 3.2009349e-17
 3.7458096e-17]"
7449-56740-0920,[ 3606.6172  3607.447   3608.2788 ... 10387.236  10389.631  10392.016 ],"[-1.1662591e-17  1.6674707e-17  8.0619021e-17 ...  1.1698610e-16
  7.8253006e-17 -7.4941266e-17]","[3.9595286e-17 4.2094398e-17 4.6489843e-17 ... 6.7955687e-17 1.1721877e-16
 1.3638637e-16]"
7515-56781-0381,[ 3565.3318  3566.1538  3566.9744 ... 10332.376  10334.747  10337.131 ],"[ 2.4394081e-17  2.1564026e-17  3.4911237e-17 ... -2.5020388e-18
 -2.5838108e-17 -4.1572433e-17]","[4.4557404e-17 4.4345113e-17 4.2847489e-17 ... 3.3291661e-17 3.7075307e-17
 3.7623612e-17]"
7515-56781-0998,[ 3604.1252  3604.9565  3605.786  ... 10387.236  10389.631  10392.016 ],"[ 3.8089536e-17  1.7002764e-17 -2.9460430e-18 ...  1.4146346e-16
  5.8416922e-18 -1.2978142e-16]","[5.1681818e-17 4.5680877e-17 4.1636536e-17 ... 8.6143952e-17 0.0000000e+00
 3.4357867e-17]"
7516-56782-0157,[ 3567.7969  3568.6177  3569.4385 ... 10329.994  10332.376  10334.747 ],"[-8.8100678e-17 -3.3051762e-17  2.2001927e-17 ...  2.6038648e-17
 -4.4469061e-17 -4.0685921e-17]","[3.8674744e-17 0.0000000e+00 3.7859405e-17 ... 2.3663482e-17 2.2385105e-17
 2.6927017e-17]"
7516-56782-0862,[ 3609.109   3609.9392  3610.7717 ... 10384.841  10387.236  10389.631 ],"[ 8.4383513e-17 -2.4965388e-17 -4.5802436e-17 ...  2.3457570e-17
  7.8312120e-17  2.5679647e-17]","[4.8655068e-17 4.2008298e-17 4.3815221e-17 ... 5.8458766e-17 5.0415762e-17
 3.2895898e-17]"
7517-56772-0979,[ 3609.109   3609.9392  3610.7717 ... 10382.458  10384.841  10387.236 ],"[ 3.5060050e-17  2.2975626e-17 -1.7478277e-17 ...  1.5366187e-17
  3.0262906e-17  4.5159859e-17]","[3.7944307e-17 3.9916752e-17 3.8492483e-17 ... 6.9086409e-17 0.0000000e+00
 2.5568318e-17]"
7572-56944-0383,[ 3558.771   3559.5898  3560.4106 ... 10334.747  10337.131  10339.515 ],"[ 7.9016342e-17  6.7496125e-17  5.9610420e-17 ...  6.7743276e-18
 -7.8631367e-18  1.2536608e-17]","[3.1865810e-17 3.4547791e-17 3.4740150e-17 ... 2.8478475e-17 2.6674563e-17
 2.6543696e-17]"
7574-56945-0684,[ 3604.1252  3604.9565  3605.786  ... 10380.064  10382.458  10384.841 ],"[ 6.4170806e-17 -1.8358486e-17  3.9027162e-17 ... -7.7264010e-19
  6.6711769e-18  1.4115260e-17]","[3.9515672e-17 3.9277589e-17 4.0123643e-17 ... 3.2058050e-17 0.0000000e+00
 3.7936237e-17]"
7576-56948-0940,[ 3605.786   3606.6172  3607.447  ... 10387.236  10389.631  10392.016 ],"[ 3.4608327e-17  1.3590656e-17 -2.5826901e-17 ...  4.4211325e-17
  2.7552377e-17 -2.2883940e-17]","[2.5534887e-17 2.5669790e-17 2.3220742e-17 ... 6.5495929e-17 8.8406285e-17
 6.1525873e-17]"
7581-56949-0122,[ 3558.771   3559.5898  3560.4106 ... 10322.862  10325.231  10327.612 ],"[-2.9891273e-17  2.4050433e-17  7.7995191e-17 ... -3.3432337e-17
  4.5661200e-17  3.4388512e-17]","[5.2510438e-17 0.0000000e+00 4.7924188e-17 ... 3.2408046e-17 4.1581999e-17
 3.2184033e-17]"
7581-57195-0086,[ 3574.374   3575.1963  3576.0208 ... 10329.994  10332.376  10334.747 ],"[ 1.5508555e-17  2.6387473e-17  3.7266191e-17 ...  4.9273032e-18
  9.1363935e-18 -8.6893446e-18]","[4.1224379e-17 0.0000000e+00 3.6584786e-17 ... 1.8548743e-17 2.2207523e-17
 3.3365852e-17]"
7585-57190-0560,[ 3616.5962  3617.4282  3618.2625 ... 10389.631  10392.016  10394.412 ],"[-4.0303639e-18  4.9251700e-17  8.7642292e-18 ...  3.5709341e-17
  4.0654571e-18 -1.1714855e-16]","[1.8257006e-17 1.1827880e-17 1.0725201e-17 ... 4.0723524e-17 5.1696416e-17
 5.2955262e-17]"
7586-57186-0318,[ 3573.552   3574.374   3575.1963 ... 10334.747  10337.131  10339.515 ],"[-4.8754282e-18  2.7898848e-18 -2.3068471e-17 ... -6.7333155e-18
 -1.1263061e-17  6.4257723e-18]","[3.1848134e-17 1.9068272e-17 1.3260067e-17 ... 1.8601562e-17 1.9575560e-17
 2.0470383e-17]"
7588-56903-0131,[ 3563.69    3564.5117  3565.3318 ... 10327.612  10329.994  10332.376 ],"[-3.2563086e-17  4.4451913e-18  2.3594913e-17 ...  1.7906528e-17
  4.8982532e-17  3.6066795e-18]","[3.9112984e-17 3.6693649e-17 3.3628313e-17 ... 2.1151587e-17 2.2760756e-17
 2.7122313e-17]"
7588-56903-0180,[ 3564.5117  3565.3318  3566.1538 ... 10327.612  10329.994  10332.376 ],"[ 4.01788954e-17  7.29253545e-17  1.05670781e-16 ...  1.06031229e-17
 -1.12312185e-17 -1.17663646e-17]","[4.5200100e-17 0.0000000e+00 4.3501614e-17 ... 1.9438528e-17 2.0004885e-17
 2.5464654e-17]"
7593-56958-0429,[ 3560.4106  3561.2297  3562.0508 ... 10334.747  10337.131  10339.515 ],"[-5.6789410e-17 -2.4548676e-17 -2.2677018e-17 ... -2.0640022e-17
 -2.4284051e-17  3.0139070e-17]","[2.1598548e-17 2.3152311e-17 2.0890868e-17 ... 2.7736704e-17 2.3995666e-17
 2.2397732e-17]"
7594-56947-0075,[ 3559.5898  3560.4106  3561.2297 ... 10334.747  10337.131  10339.515 ],"[-8.9287536e-17 -5.9858621e-17 -3.0431042e-17 ... -5.3761601e-17
 -3.6097120e-17  1.5999155e-17]","[3.4777849e-17 0.0000000e+00 3.2300778e-17 ... 3.0065031e-17 3.4913729e-17
 2.6474961e-17]"
7594-56947-0276,[ 3559.5898  3560.4106  3561.2297 ... 10334.747  10337.131  10339.515 ],"[ 2.1892582e-16  1.5187428e-16  8.4818107e-17 ... -1.2276597e-17
  2.3332518e-17  4.7920737e-17]","[3.4867919e-17 0.0000000e+00 3.6477831e-17 ... 3.5874916e-17 5.0221500e-17
 3.1669821e-17]"
7594-56947-0586,[ 3604.9565  3605.786   3606.6172 ... 10384.841  10387.236  10389.631 ],"[-3.5963447e-17  1.1276011e-16 -1.3126458e-17 ...  2.5839319e-17
  4.3285141e-17  6.0731184e-17]","[2.7377791e-17 2.6061311e-17 2.4082895e-17 ... 0.0000000e+00 0.0000000e+00
 1.0327818e-16]"
7596-56945-0258,[ 3559.5898  3560.4106  3561.2297 ... 10337.131  10339.515  10341.888 ],"[ 9.2616852e-17 -6.7770702e-17 -4.6012807e-18 ... -7.2431326e-18
  2.8458064e-17  1.3436197e-17]","[1.1504023e-16 5.5509302e-17 4.8991899e-17 ... 2.1004465e-17 2.1810820e-17
 2.1956633e-17]"
7599-56955-0083,[ 3562.0508  3562.8704  3563.69   ... 10337.131  10339.515  10341.888 ],"[-3.3936524e-17 -3.4404261e-17  5.1614522e-17 ... -3.3477081e-17
  4.0255903e-18  6.4222223e-17]","[7.3512276e-17 4.2509841e-17 3.4156379e-17 ... 3.6881796e-17 3.5301511e-17
 3.5221430e-17]"
7602-56954-0944,[ 3605.786   3606.6172  3607.447  ... 10382.458  10384.841  10387.236 ],"[ 7.8468815e-17 -3.7897849e-17  8.0273121e-17 ...  3.7358269e-16
  4.2311450e-16  1.0840702e-16]","[3.1839337e-17 3.1758303e-17 3.3330260e-17 ... 0.0000000e+00 2.6711668e-16
 5.3686477e-17]"
7605-56949-0913,[ 3604.1252  3604.9565  3605.786  ... 10382.458  10384.841  10387.236 ],"[ 7.74282611e-17 -1.13089395e-17  2.56857150e-17 ...  7.55970420e-17
  2.18993407e-16  6.76213666e-17]","[1.0422258e-16 9.3738033e-17 3.5332533e-17 ... 1.8879434e-16 9.9041028e-17
 4.1048352e-17]"
7611-56946-0690,[ 3604.9565  3605.786   3606.6172 ... 10375.279  10377.672  10380.064 ],"[ 9.6710490e-17 -2.2192508e-17 -7.3737805e-17 ...  1.7899983e-17
  2.6831179e-18 -1.2533668e-17]","[1.6682883e-17 1.6440898e-17 1.5742572e-17 ... 6.8864692e-17 0.0000000e+00
 4.0266408e-17]"
7616-56902-0243,[ 3563.69    3564.5117  3565.3318 ... 10327.612  10329.994  10332.376 ],"[ 1.0558259e-17  1.3324940e-17  1.6091733e-17 ...  1.1782708e-17
  2.5151039e-18 -2.1838195e-17]","[3.4217795e-17 0.0000000e+00 3.0301224e-17 ... 1.9840268e-17 2.0880970e-17
 2.5097505e-17]"
7616-56902-0621,[ 3609.109   3609.9392  3610.7717 ... 10389.631  10392.016  10394.412 ],"[ 1.00359316e-16 -4.26327068e-17  6.19019420e-17 ...  3.69947198e-17
 -7.12140899e-17 -1.79422794e-16]","[3.3305074e-17 3.0900576e-17 3.0893022e-17 ... 4.4766532e-17 0.0000000e+00
 3.9523868e-17]"
7617-56949-0230,[ 3560.4106  3561.2297  3562.0508 ... 10334.747  10337.131  10339.515 ],"[ 2.3277228e-16  1.3614151e-16  3.9544663e-17 ... -2.2958825e-17
 -5.3794388e-17  2.0594162e-17]","[6.8104844e-17 0.0000000e+00 4.5632759e-17 ... 3.5280755e-17 3.5058320e-17
 2.6542649e-17]"
7619-56900-0856,[ 3608.2788  3609.109   3609.9392 ... 10387.236  10389.631  10392.016 ],"[-2.9272109e-17  6.3219118e-17 -9.7350397e-17 ...  5.6860270e-17
  5.7486174e-17 -1.8831352e-17]","[4.1040950e-17 3.2198790e-17 3.1591957e-17 ... 4.7620285e-17 2.9763831e-17
 3.0727553e-17]"
7621-56985-0278,[ 3557.9507  3558.771   3559.5898 ... 10334.747  10337.131  10339.515 ],"[ 2.0647444e-17  4.6245993e-18  2.5473568e-17 ... -8.2289476e-17
 -3.7052560e-17  1.3533755e-16]","[5.1881215e-17 5.1709614e-17 5.3946748e-17 ... 4.9349258e-17 4.8632509e-17
 3.8594027e-17]"
7621-56985-0642,[ 3598.3208  3599.1506  3599.9788 ... 10382.458  10384.841  10387.236 ],"[-2.3652790e-17 -6.5915330e-17  1.1208964e-17 ...  5.1077764e-17
  1.8701385e-16  8.1931406e-17]","[8.3721365e-17 7.8150860e-17 7.2628721e-17 ... 1.1781913e-16 8.0583194e-17
 4.9674843e-17]"
7621-56985-0769,[ 3597.4934  3598.3208  3599.1506 ... 10387.236  10389.631  10392.016 ],"[ 1.5173701e-16  9.7152515e-17 -1.5706972e-17 ...  9.4402636e-17
 -3.9999252e-17 -1.7440441e-16]","[6.6051993e-17 5.8345231e-17 5.4934590e-17 ... 9.3994247e-17 0.0000000e+00
 5.5382376e-17]"
7621-56985-0949,[ 3598.3208  3599.1506  3599.9788 ... 10387.236  10389.631  10392.016 ],"[-1.5902894e-16  3.9018212e-17  1.8104236e-17 ...  9.7086096e-17
 -6.8895470e-17 -2.3487832e-16]","[5.8923926e-17 5.6728106e-17 5.6673274e-17 ... 9.9037349e-17 0.0000000e+00
 5.8456007e-17]"
7626-56934-0116,[ 3564.5117  3565.3318  3566.1538 ... 10337.131  10339.515  10341.888 ],"[-7.5236563e-17  8.9414346e-17  8.5262872e-17 ... -8.5415107e-17
  1.5895916e-18  9.9688949e-17]","[3.7066344e-17 4.0639436e-17 3.9207507e-17 ... 4.9276496e-17 3.9851474e-17
 4.5660889e-17]"
7633-56931-0293,[ 3564.5117  3565.3318  3566.1538 ... 10332.376  10334.747  10337.131 ],"[ 2.5868450e-19 -7.9790426e-19  1.8767474e-17 ...  1.0060585e-16
 -4.2391319e-17 -1.4453081e-16]","[4.6002353e-17 2.0208577e-17 2.0131091e-17 ... 5.2376881e-17 7.1114319e-17
 6.6580826e-17]"
7633-56931-0700,[ 3604.9565  3605.786   3606.6172 ... 10380.064  10382.458  10384.841 ],"[ 4.0715292e-17 -1.3410761e-17  3.2701060e-17 ... -1.8253520e-16
 -2.8431172e-16  4.2939829e-17]","[3.5790388e-17 3.5505259e-17 3.5990830e-17 ... 2.5853087e-16 1.7134156e-16
 9.2810942e-17]"
7633-56931-0866,[ 3604.9565  3605.786   3606.6172 ... 10380.064  10382.458  10384.841 ],"[ 1.0079061e-17 -4.5695733e-17 -1.0677121e-17 ... -6.4183445e-16
 -4.0351718e-16  2.2808995e-18]","[2.7840080e-17 2.5559658e-17 2.2899782e-17 ... 5.1623042e-16 3.3143902e-16
 1.8460469e-16]"
7636-56989-0286,[ 3563.69    3564.5117  3565.3318 ... 10332.376  10334.747  10337.131 ],"[ 1.3500740e-16  6.0548688e-17 -1.3893355e-17 ...  1.5806153e-17
 -4.1652107e-17 -1.1657041e-17]","[5.7936908e-17 0.0000000e+00 5.0203391e-17 ... 2.0679672e-17 2.6887301e-17
 2.3901253e-17]"
7637-56933-0979,[ 3604.9565  3605.786   3606.6172 ... 10392.016  10394.412  10396.809 ],"[ 9.3522516e-17  3.3851986e-17  1.1986857e-17 ... -3.5827141e-17
  9.1732204e-18  5.4176955e-17]","[4.1412212e-17 3.9221024e-17 3.7058294e-17 ... 3.4857414e-17 0.0000000e+00
 4.0298443e-17]"
7644-57327-0438,[ 3570.2617  3571.083   3571.9065 ... 10325.231  10327.612  10329.994 ],"[ 1.9510349e-16 -1.1776814e-16  5.1534891e-17 ... -1.5739606e-17
  3.4181345e-18  2.9025695e-17]","[4.3864935e-17 4.1629231e-17 4.0320595e-17 ... 3.1962974e-17 2.7458454e-17
 2.9456467e-17]"
7644-57327-0882,[ 3610.7717  3611.6023  3612.435  ... 10282.535  10284.8955 10287.267 ],"[-3.9478026e-18  3.0793092e-17 -4.8753675e-17 ...  1.1313063e-16
  3.9385883e-16  4.7346722e-16]","[4.3140374e-17 4.0133017e-17 3.7933874e-17 ... 8.7327727e-17 1.7878952e-16
 1.9404205e-16]"
7644-57327-0959,[ 3610.7717  3611.6023  3612.435  ... 10382.458  10384.841  10387.236 ],"[ 4.5426681e-17 -4.2001886e-17  1.2374788e-17 ... -2.3417041e-17
 -2.7607717e-17 -3.1798384e-17]","[3.6881042e-17 3.3868152e-17 3.2774180e-17 ... 8.9804478e-17 0.0000000e+00
 2.2353769e-17]"
7645-57573-0276,[ 3580.9636  3581.7893  3582.6133 ... 10327.612  10329.994  10332.376 ],"[-7.2137801e-19 -4.1722136e-17 -8.2706070e-17 ... -4.8368419e-18
  2.4695424e-17  2.3148137e-17]","[4.1869348e-17 0.0000000e+00 3.9095239e-17 ... 2.2228284e-17 2.3773783e-17
 2.5958862e-17]"
7647-57655-0048,[ 3572.7283  3573.552   3574.374  ... 10334.747  10337.131  10339.515 ],"[-3.9753411e-18 -4.9397602e-17 -4.2538756e-17 ... -4.9079011e-17
 -3.5621124e-17 -1.0702631e-17]","[4.0536062e-17 2.6498943e-17 2.7080158e-17 ... 2.3486200e-17 2.4328968e-17
 2.3921087e-17]"
7647-57655-0772,[ 3608.2788  3609.109   3609.9392 ... 10349.043  10351.419  10353.806 ],"[ 8.3952016e-17 -9.5566783e-17  3.7310382e-17 ...  1.9421773e-18
 -6.4072868e-18 -6.7961867e-17]","[4.5121438e-17 4.2870425e-17 4.5337998e-17 ... 5.3965237e-17 5.1208085e-17
 3.6999759e-17]"
7650-57575-0100,[ 3579.3167  3580.14    3580.9636 ... 10329.994  10332.376  10334.747 ],"[ 9.7814397e-18 -1.2827030e-17 -3.5434932e-17 ...  7.2472991e-18
 -1.4716926e-17 -2.5250294e-17]","[4.3051998e-17 0.0000000e+00 3.7916748e-17 ... 1.6964042e-17 1.7948071e-17
 1.9689698e-17]"
7650-57575-0334,[ 3579.3167  3580.14    3580.9636 ... 10329.994  10332.376  10334.747 ],"[ 2.20643712e-17  1.14293704e-17  7.93417375e-19 ... -1.73570633e-17
 -1.38937028e-17 -3.70424217e-17]","[3.0212769e-17 0.0000000e+00 2.9854742e-17 ... 3.2619834e-17 4.0052469e-17
 3.5579748e-17]"
7650-57575-0943,[ 3622.4302  3623.2634  3624.0989 ... 10382.458  10384.841  10387.236 ],"[-2.5715093e-17  1.0763555e-17  4.8685287e-17 ... -8.9715486e-17
  2.5397429e-17 -2.5176971e-17]","[3.8238581e-17 4.2432397e-17 3.7374022e-17 ... 4.1029316e-17 3.4966341e-17
 2.4168777e-17]"
7650-57575-0994,[ 3622.4302  3623.2634  3624.0989 ... 10382.458  10384.841  10387.236 ],"[ 3.7883347e-17  2.9446938e-17  1.1596828e-17 ... -4.2344808e-17
  1.1264260e-16  8.8748949e-17]","[4.0189778e-17 3.7286725e-17 3.7750885e-17 ... 5.7161019e-17 5.0548269e-17
 3.6851806e-17]"
7652-57579-0447,[ 3581.7893  3582.6133  3583.4395 ... 10327.612  10329.994  10332.376 ],"[ 4.0852495e-17  9.2565514e-17 -2.4849581e-17 ...  1.5760360e-17
  9.2513054e-18 -6.8583910e-18]","[5.0899040e-17 5.2078352e-17 2.5603318e-17 ... 2.1331812e-17 2.1392790e-17
 2.2075876e-17]"
7653-57306-0686,[ 3612.435   3613.266   3614.0994 ... 10349.043  10351.419  10353.806 ],"[-1.1667860e-16  1.5296641e-16 -9.3879467e-17 ... -1.7213147e-17
 -1.0660784e-17  2.2995829e-17]","[3.2066090e-17 3.1759983e-17 3.0207157e-17 ... 4.8044089e-17 3.5071029e-17
 3.1360942e-17]"
7655-57336-0268,[ 3566.1538  3566.9744  3567.7969 ... 10325.231  10327.612  10329.994 ],"[ 3.7949015e-17  5.1073747e-17  6.4197732e-17 ... -2.6844990e-17
  3.2777050e-18  3.4087749e-17]","[3.5179647e-17 0.0000000e+00 3.5341348e-17 ... 1.7740635e-17 1.7891197e-17
 1.9156241e-17]"
7655-57336-0341,[ 3566.1538  3566.9744  3567.7969 ... 10322.862  10325.231  10327.612 ],"[ 5.9934728e-17  7.7861333e-17  9.5787005e-17 ... -2.2644142e-17
 -3.2858641e-17 -7.0923184e-19]","[4.0127250e-17 0.0000000e+00 3.6202284e-17 ... 1.7037858e-17 1.7584459e-17
 1.6988538e-17]"
7663-57328-0268,[ 3571.083   3571.9065  3572.7283 ... 10318.104  10320.482  10322.862 ],"[ 7.8393607e-17  4.2404077e-17  6.4244943e-18 ... -5.9755455e-17
  3.8623933e-18  4.0308012e-17]","[2.6525101e-17 0.0000000e+00 2.5460267e-17 ... 3.1050663e-17 1.9135406e-17
 1.6492870e-17]"
7664-57367-0262,[ 3569.4385  3570.2617  3571.083  ... 10318.104  10320.482  10322.862 ],"[ 6.3677935e-18  4.3179817e-17  2.4462517e-17 ... -3.9777332e-17
  5.4978189e-17  6.3433014e-17]","[4.4012030e-17 3.0147812e-17 2.8083894e-17 ... 3.6135881e-17 2.7718546e-17
 2.6768542e-17]"
7666-57339-0993,[ 3609.9392  3610.7717  3611.6023 ... 10377.672  10380.064  10382.458 ],"[-8.2859691e-18 -1.9431707e-17  1.4044756e-17 ...  1.1515530e-15
 -9.1096286e-16 -8.0080765e-17]","[3.2608624e-17 3.2352619e-17 3.2358981e-17 ... 0.0000000e+00 6.9369066e-16
 6.5330005e-16]"
7670-57328-0263,[ 3571.083   3571.9065  3572.7283 ... 10327.612  10329.994  10332.376 ],"[-1.5524438e-16  9.9061403e-17 -8.4746646e-17 ...  6.9707470e-18
  3.2360106e-18  4.4534672e-18]","[2.8767135e-17 2.8275154e-17 2.7851711e-17 ... 2.1644006e-17 2.5613381e-17
 3.0871955e-17]"
7671-57360-0058,[ 3566.1538  3566.9744  3567.7969 ... 10327.612  10329.994  10332.376 ],"[-4.4653368e-18  4.0327030e-17  8.5093142e-17 ...  2.8184297e-17
 -1.0998730e-18 -4.2851036e-17]","[4.3649795e-17 0.0000000e+00 4.3638638e-17 ... 2.1638527e-17 2.5902142e-17
 2.9613847e-17]"
7675-57327-0338,[ 3571.083   3571.9065  3572.7283 ... 10318.104  10320.482  10322.862 ],"[ 5.8426612e-17  3.8998724e-17  1.9568263e-17 ... -3.2525169e-17
  4.1614461e-17  4.6357021e-17]","[5.5325486e-17 0.0000000e+00 3.2866804e-17 ... 4.4646875e-17 4.1105920e-17
 4.1677690e-17]"
7675-57327-0984,[ 3612.435   3613.266   3614.0994 ... 10382.458  10384.841  10387.236 ],"[ 2.5253052e-17  1.5780493e-17  3.2957255e-17 ... -4.5027980e-17
  3.1140724e-16  4.4794024e-17]","[5.3551828e-17 3.5930959e-17 3.5768974e-17 ... 3.2149530e-16 9.0222581e-17
 4.3167628e-17]"
7677-57363-0222,[ 3567.7969  3568.6177  3569.4385 ... 10327.612  10329.994  10332.376 ],"[-9.5501873e-18  7.3168440e-17  1.4789230e-17 ...  2.4649592e-17
  4.9013899e-17 -2.7650099e-17]","[1.4646707e-16 6.5810847e-17 5.2337997e-17 ... 1.8167795e-17 1.9262265e-17
 1.9743094e-17]"
7677-57363-0610,[ 3608.2788  3609.109   3609.9392 ... 10387.236  10389.631  10392.016 ],"[-1.53096523e-17 -4.32095660e-17  2.26721314e-18 ... -1.20302625e-17
 -7.74881953e-17 -1.42946326e-16]","[3.9021613e-17 3.5524654e-17 3.7101959e-17 ... 3.2731854e-16 0.0000000e+00
 2.8545904e-17]"
7678-57282-0159,[ 3571.083   3571.9065  3572.7283 ... 10325.231  10327.612  10329.994 ],"[-1.5336245e-16  5.4463123e-17  2.1474572e-16 ... -6.0063743e-18
 -7.6086596e-18  1.7966323e-17]","[8.2983189e-17 7.4098588e-17 5.8862285e-17 ... 1.9945320e-17 1.9562064e-17
 2.2211029e-17]"
7678-57282-0191,[ 3571.9065  3572.7283  3573.552  ... 10327.612  10329.994  10332.376 ],"[ 1.1004633e-16  8.3128158e-17  5.6214248e-17 ... -4.9293173e-18
 -8.3144738e-18 -6.3562498e-18]","[5.0280776e-17 0.0000000e+00 4.8465104e-17 ... 1.8566238e-17 2.1484046e-17
 2.4912086e-17]"
7678-57282-0524,[ 3610.7717  3611.6023  3612.435  ... 10380.064  10382.458  10384.841 ],"[ 2.7125530e-17 -3.6714023e-18  9.4463682e-17 ... -1.1676671e-16
 -1.5631666e-16  7.0079119e-17]","[8.9146538e-17 8.5022143e-17 4.6732671e-17 ... 2.1899458e-16 1.4156856e-16
 5.7321903e-17]"
7678-57282-0642,[ 3610.7717  3611.6023  3612.435  ... 10380.064  10382.458  10384.841 ],"[ 1.7624360e-16  3.9686495e-17  2.8381751e-17 ... -1.2757795e-16
 -9.3513271e-17  3.1458886e-17]","[1.3231867e-16 1.1041783e-16 5.7965694e-17 ... 1.0425631e-16 6.9406674e-17
 2.2445523e-17]"
7680-58131-0336,[ 3592.526   3593.3542  3594.181  ... 10318.104  10320.482  10322.862 ],"[-1.9051511e-17  2.6936523e-17  9.3356241e-18 ... -1.9172364e-17
  6.6813617e-19  3.1358582e-17]","[2.6839657e-17 2.4342185e-17 2.4461713e-17 ... 3.2527541e-17 2.6361594e-17
 1.9020944e-17]"
7680-58131-0625,[ 3584.264   3585.0903  3585.915  ... 10360.958  10363.348  10365.737 ],"[ 6.7977405e-17  1.1746603e-17 -4.4487729e-17 ...  2.3752334e-17
  5.7271749e-17  3.9417865e-18]","[5.3309253e-17 0.0000000e+00 3.3495809e-17 ... 3.2876158e-17 2.8707601e-17
 2.3154261e-17]"
7680-58131-0770,[ 3584.264   3585.0903  3585.915  ... 10360.958  10363.348  10365.737 ],"[ 8.8119028e-17  5.0398338e-17  1.2673367e-17 ... -2.3665265e-17
  5.1390180e-17  1.2312675e-16]","[4.1134762e-17 0.0000000e+00 3.6450127e-17 ... 4.1521257e-17 4.1619255e-17
 5.0148989e-17]"
7681-57042-0610,[ 3605.786   3606.6172  3607.447  ... 10382.458  10384.841  10387.236 ],"[ 6.0880579e-17 -1.4320862e-17  2.0977596e-18 ...  1.3532028e-16
  9.7151736e-16  1.1441156e-16]","[5.1451408e-17 3.1139333e-17 3.1241967e-17 ... 1.1540883e-15 9.0019496e-16
 1.3386327e-16]"
7682-57415-0246,[ 3567.7969  3568.6177  3569.4385 ... 10327.612  10329.994  10332.376 ],"[ 6.2213465e-17  2.1618587e-17 -1.8964796e-17 ...  9.5981704e-17
  9.0982052e-17 -7.9722086e-17]","[5.7207017e-17 0.0000000e+00 3.4114388e-17 ... 3.2894558e-17 3.6230630e-17
 5.1752591e-17]"
7683-58133-0100,[ 3590.8735  3591.6995  3592.526  ... 10318.104  10320.482  10322.862 ],"[ 6.8611411e-19  9.0464952e-17  8.3397540e-17 ... -3.3721245e-17
  3.0257119e-17  2.4899718e-17]","[3.8778938e-17 4.2010902e-17 4.0567677e-17 ... 2.9187564e-17 2.4085749e-17
 2.1647049e-17]"
7684-57286-0076,[ 3571.083   3571.9065  3572.7283 ... 10332.376  10334.747  10337.131 ],"[-7.2309118e-17 -2.8431620e-17  9.3255259e-18 ... -2.4613691e-17
 -6.7581106e-17 -5.1009353e-17]","[7.2541093e-17 4.4094156e-17 4.6269549e-17 ... 2.3285497e-17 3.1523311e-17
 3.2545289e-17]"
7685-57062-0117,[ 3569.4385  3570.2617  3571.083  ... 10332.376  10334.747  10337.131 ],"[ 3.2816432e-17  3.3336097e-17  3.3855563e-17 ... -2.8824984e-17
 -8.7717991e-17 -6.9770395e-17]","[3.1548645e-17 0.0000000e+00 3.0560926e-17 ... 2.7770528e-17 2.9228460e-17
 3.1941103e-17]"
7686-57015-0068,[ 3556.3142  3557.1323  3557.9507 ... 10334.747  10337.131  10339.515 ],"[ 1.9470124e-16  1.1714568e-16  3.9647723e-17 ... -6.9639720e-17
 -2.7072688e-17  1.4048624e-17]","[1.5854016e-16 0.0000000e+00 1.4690577e-16 ... 3.6210543e-17 3.8607656e-17
 3.5599739e-17]"
7687-57007-0828,[ 3601.6372  3602.4678  3603.2964 ... 10382.458  10384.841  10387.236 ],"[1.4384917e-17 7.5259791e-17 1.8757661e-16 ... 1.7236246e-16 1.9524180e-16
 7.1260213e-17]","[7.2772108e-17 8.3092662e-17 9.4279644e-17 ... 2.2149886e-16 2.1213248e-16
 9.7420958e-17]"
7690-57046-0910,[ 3604.9565  3605.786   3606.6172 ... 10387.236  10389.631  10392.016 ],"[-1.5772459e-16  1.1023434e-16 -1.1362616e-16 ...  4.0458780e-17
  6.0336241e-17 -1.0920151e-16]","[6.8049337e-17 5.5150014e-17 5.0338099e-17 ... 4.8399380e-17 5.0648146e-17
 5.7834199e-17]"
7692-57064-0362,[ 3568.6177  3569.4385  3570.2617 ... 10332.376  10334.747  10337.131 ],"[-6.7059903e-17  5.3657430e-17  3.1775749e-17 ...  8.0456186e-18
 -2.3891425e-17 -1.7155797e-17]","[8.7521837e-17 4.2141034e-17 3.4013250e-17 ... 1.9775557e-17 2.1936567e-17
 2.0226191e-17]"
7692-57064-0706,[ 3607.447   3608.2788  3609.109  ... 10384.841  10387.236  10389.631 ],"[-2.4692011e-17  2.4876185e-17  2.4118864e-17 ...  6.7215783e-17
  9.7811684e-18 -4.7634387e-17]","[1.5634417e-17 1.6442443e-17 1.6911248e-17 ... 3.3319967e-17 0.0000000e+00
 1.4144544e-17]"
7693-57361-0430,[ 3567.7969  3568.6177  3569.4385 ... 10315.736  10318.104  10320.482 ],"[ 6.0195492e-18  1.2176325e-16  3.2623970e-18 ... -6.2618128e-17
 -3.2275823e-17  5.9826425e-18]","[5.1306387e-17 3.7231178e-17 3.3702617e-17 ... 2.9532988e-17 4.1390913e-17
 4.0861005e-17]"
7694-57359-0135,[ 3567.7969  3568.6177  3569.4385 ... 10327.612  10329.994  10332.376 ],"[-3.1196758e-16  2.5920508e-16 -6.8275382e-17 ...  6.2176453e-18
  5.6984840e-18 -3.0611552e-17]","[3.1946152e-17 3.1098298e-17 3.1839863e-17 ... 2.4290640e-17 2.6087875e-17
 3.6380733e-17]"
7699-57574-0184,[ 3582.6133  3583.4395  3584.264  ... 10320.482  10322.862  10325.231 ],"[ 5.4394577e-17  5.1078780e-17  4.7762864e-17 ... -2.8208500e-17
  1.3165000e-17  2.5354107e-17]","[3.8252349e-17 0.0000000e+00 3.9208890e-17 ... 2.2121819e-17 1.3429102e-17
 1.1796833e-17]"
7699-57574-0615,[ 3623.2634  3624.0989  3624.9326 ... 10387.236  10389.631  10392.016 ],"[ 4.3524583e-17 -4.8179608e-17  9.1623402e-17 ...  7.8063212e-17
  2.4796875e-17 -2.8470412e-17]","[3.9651191e-17 3.9022566e-17 3.6087081e-17 ... 5.2316772e-17 0.0000000e+00
 4.3356903e-17]"
7699-57574-0616,[ 3623.2634  3624.0989  3624.9326 ... 10387.236  10389.631  10392.016 ],"[-3.2412437e-17  8.6659947e-17 -1.3929265e-17 ...  1.0979511e-16
  2.3246953e-17 -6.3302743e-17]","[4.6717080e-17 4.8037197e-17 4.5511841e-17 ... 5.2859594e-17 0.0000000e+00
 3.3190175e-17]"
7700-58016-0920,[ 3590.8735  3591.6995  3592.526  ... 10363.348  10365.737  10368.116 ],"[-4.2925651e-17 -2.1655784e-17 -3.5728224e-17 ...  8.0896669e-17
  1.4938432e-16 -3.8361242e-17]","[3.87468340e-17 2.46450589e-17 2.39442533e-17 ... 1.14999943e-16
 9.82810079e-17 1.04897804e-16]"
7701-57356-0180,[ 3564.5117  3565.3318  3566.1538 ... 10327.612  10329.994  10332.376 ],"[ 1.0176794e-16  1.5125304e-17 -7.1512219e-17 ...  3.1880792e-17
  4.2321505e-17 -4.7655831e-17]","[9.6239162e-17 0.0000000e+00 7.5864989e-17 ... 2.1274663e-17 2.1534148e-17
 2.8629525e-17]"
7702-58017-0403,[ 3597.4934  3598.3208  3599.1506 ... 10322.862  10325.231  10327.612 ],"[-1.3002623e-17  5.1227821e-18 -6.7136109e-18 ...  2.7269430e-17
  2.2063837e-17  1.2620218e-17]","[1.9384367e-17 1.9276738e-17 1.9974220e-17 ... 1.5792421e-17 1.6942035e-17
 1.6369942e-17]"
7703-57333-0954,[ 3609.109   3609.9392  3610.7717 ... 10384.841  10387.236  10389.631 ],"[ 5.6880671e-17  3.7210167e-17  4.4437542e-17 ...  2.7708557e-16
  7.8144427e-17 -1.2079408e-16]","[2.9849851e-17 2.7923344e-17 3.0618564e-17 ... 1.1503623e-16 0.0000000e+00
 4.6820044e-17]"
7705-57332-0036,[ 3566.1538  3566.9744  3567.7969 ... 10327.612  10329.994  10332.376 ],"[-7.3308708e-18  3.1608967e-17  7.0541288e-17 ...  2.6657555e-17
 -1.4668599e-17 -5.7571393e-17]","[7.7725212e-17 0.0000000e+00 3.5403750e-17 ... 2.7512894e-17 2.9401877e-17
 4.7625334e-17]"
7711-57667-0508,[ 3606.6172  3607.447   3608.2788 ... 10346.657  10349.043  10351.419 ],"[ 6.20460964e-17 -1.09007466e-17 -1.82481239e-19 ...  3.47990748e-17
  7.53014871e-17  1.15804373e-16]","[2.6381680e-17 2.3850519e-17 2.5664081e-17 ... 3.8541445e-17 0.0000000e+00
 5.1923728e-17]"
7715-57364-0054,[ 3567.7969  3568.6177  3569.4385 ... 10318.104  10320.482  10322.862 ],"[ 7.0439855e-17  2.1708819e-17  3.0420576e-17 ... -2.1389297e-17
  4.6824630e-17  3.9944165e-17]","[1.8852365e-16 8.3213046e-17 7.9337672e-17 ... 4.1767969e-17 3.6813481e-17
 3.3530474e-17]"
7715-57364-0709,[ 3608.2788  3609.109   3609.9392 ... 10389.631  10392.016  10394.412 ],"[ 7.7474555e-18  3.5341679e-17 -1.7847206e-17 ...  1.1122857e-17
 -3.3679956e-17 -7.8484187e-17]","[3.8024444e-17 3.8557135e-17 3.5762965e-17 ... 7.3884686e-17 0.0000000e+00
 3.4239983e-17]"
7716-58097-0355,[ 3598.3208  3599.1506  3599.9788 ... 10320.482  10322.862  10325.231 ],"[ 8.6717585e-17 -6.1585412e-18  4.9190674e-17 ...  4.1550169e-17
  1.5054752e-17 -8.9765814e-18]","[3.0359682e-17 2.8498632e-17 2.9698143e-17 ... 3.3341718e-17 2.1888883e-17
 2.8096089e-17]"
7719-58082-0722,[ 3594.181   3595.0098  3595.8367 ... 10363.348  10365.737  10368.116 ],"[ 1.1275761e-16 -4.1240939e-17  5.0886603e-17 ...  3.4478112e-17
  7.2358881e-18 -2.0006705e-17]","[4.1947735e-17 4.0610409e-17 4.0840101e-17 ... 1.9963377e-17 0.0000000e+00
 2.3798803e-17]"
7720-58101-0020,[ 3598.3208  3599.1506  3599.9788 ... 10322.862  10325.231  10327.612 ],"[ 1.7062053e-18  1.3994378e-16 -1.8068546e-16 ... -3.8398175e-18
 -2.2285751e-17 -4.2193478e-18]","[3.6930789e-17 4.1417357e-17 3.6685665e-17 ... 2.3110157e-17 2.5823164e-17
 2.5488613e-17]"
7720-58101-0865,[ 3590.8735  3591.6995  3592.526  ... 10360.958  10363.348  10365.737 ],"[-6.8505451e-17 -1.1595090e-17  4.5312818e-17 ...  2.0031353e-18
  4.6405272e-17  1.8328886e-16]","[3.3267312e-17 0.0000000e+00 3.7720597e-17 ... 5.9977821e-17 6.1500257e-17
 6.5791630e-17]"
7721-57360-0808,[ 3605.786   3606.6172  3607.447  ... 10384.841  10387.236  10389.631 ],"[ 2.2625810e-17  4.9845732e-17  1.5013406e-17 ...  1.8020368e-16
  2.1754858e-17 -1.3669805e-16]","[3.13261471e-17 3.07829045e-17 3.06892908e-17 ... 1.04092395e-16
 0.00000000e+00 9.61503958e-17]"
7722-58425-0601,[ 3585.0903  3585.915   3586.74   ... 10351.419  10353.806  10356.193 ],"[ 5.6658034e-18  5.6707102e-17  3.8603936e-18 ...  2.2242445e-17
  9.8750360e-18 -2.4926290e-18]","[1.1410188e-16 3.8765790e-17 3.8572904e-17 ... 4.9347524e-17 0.0000000e+00
 5.5917846e-17]"
7723-58430-0904,[ 3585.0903  3585.915   3586.74   ... 10360.958  10363.348  10365.737 ],"[ 3.4534900e-18  7.0898497e-17  1.3834269e-16 ... -5.5029358e-17
  7.7717424e-17  1.2883566e-16]","[4.4361848e-17 0.0000000e+00 4.7824718e-17 ... 8.1329079e-17 5.5201855e-17
 6.9019302e-17]"
7726-58154-0321,[ 3596.666   3597.4934  3598.3208 ... 10322.862  10325.231  10327.612 ],"[ 9.8241052e-17  5.9815250e-17 -1.0451454e-18 ...  7.8302480e-18
 -6.6753575e-17 -3.5401070e-17]","[5.5098914e-17 5.2390497e-17 4.9308789e-17 ... 2.7013666e-17 2.9980013e-17
 2.5477909e-17]"
7727-58152-0651,[ 3582.6133  3583.4395  3584.264  ... 10358.569  10360.958  10363.348 ],"[-7.9332849e-18 -2.2857246e-18  3.3784455e-18 ...  4.6806425e-17
  1.1500185e-17  3.4385600e-17]","[1.7058631e-17 0.0000000e+00 1.1637801e-17 ... 2.3053160e-17 1.5858746e-17
 1.6900071e-17]"
7729-58135-0774,[ 3582.6133  3583.4395  3584.264  ... 10365.737  10368.116  10370.507 ],"[ 5.0883577e-18  1.8838501e-17 -4.6987608e-17 ...  1.6772045e-16
 -1.1703035e-16 -4.0179085e-16]","[7.3959959e-17 2.6850918e-17 2.3273170e-17 ... 8.6293659e-17 0.0000000e+00
 2.2374097e-16]"
7733-58103-0104,[ 3597.4934  3598.3208  3599.1506 ... 10322.862  10325.231  10327.612 ],"[ 1.9683533e-16  3.3654863e-18  1.2193845e-16 ...  7.7151094e-18
 -1.5264998e-17 -4.1508581e-18]","[5.4297207e-17 4.9950115e-17 4.8049913e-17 ... 2.2458038e-17 2.6128533e-17
 2.7107728e-17]"
7733-58103-0219,[ 3596.666   3597.4934  3598.3208 ... 10322.862  10325.231  10327.612 ],"[-1.78315639e-17 -1.48301556e-17  6.61744755e-17 ...  3.45942847e-17
  2.82678254e-17  1.30522574e-17]","[3.6233204e-17 3.7459261e-17 3.6223682e-17 ... 3.1159387e-17 3.4328131e-17
 3.6790012e-17]"
7733-58103-0998,[ 3587.5671  3588.3923  3589.22   ... 10353.806  10356.193  10358.569 ],"[ 8.8464366e-17  2.9124573e-17 -3.0183311e-17 ... -1.3783567e-16
  5.3130439e-17  6.3421809e-19]","[4.4197835e-17 0.0000000e+00 3.8029913e-17 ... 4.6690054e-17 6.1140234e-17
 5.1177820e-17]"
7737-57722-0012,[ 3574.374   3575.1963  3576.0208 ... 10332.376  10334.747  10337.131 ],"[-1.0188846e-18 -2.4158096e-17  1.2151864e-16 ...  3.8190591e-17
 -8.9388479e-18 -2.7170168e-17]","[1.00703343e-16 6.27396444e-17 6.56177763e-17 ... 3.10999065e-17
 3.82836194e-17 3.34695308e-17]"
7738-58100-0843,[ 3590.8735  3591.6995  3592.526  ... 10363.348  10365.737  10368.116 ],"[2.1899233e-17 3.2899974e-17 4.3903938e-17 ... 2.4582319e-17 1.2945917e-17
 1.3096628e-18]","[3.9608574e-17 0.0000000e+00 3.8822991e-17 ... 2.3396206e-17 0.0000000e+00
 7.4659297e-17]"
7741-58078-0996,[ 3590.0457  3590.8735  3591.6995 ... 10360.958  10363.348  10365.737 ],"[ 7.9558900e-17 -2.4953301e-17  3.0348049e-17 ...  3.8419525e-17
  2.1064224e-17  3.7083967e-18]","[6.8320387e-17 4.6797935e-17 4.1469648e-17 ... 4.5685182e-17 0.0000000e+00
 5.7171329e-17]"
7744-58396-0905,[ 3592.526   3593.3542  3594.181  ... 10349.043  10351.419  10353.806 ],"[-5.3198622e-17 -5.1024524e-17 -4.8853988e-17 ... -2.5362668e-17
 -3.6676513e-17 -4.7991957e-17]","[4.7744392e-17 0.0000000e+00 4.0983616e-17 ... 5.0874212e-17 0.0000000e+00
 4.8553699e-17]"
7748-58396-0813,[ 3591.6995  3592.526   3593.3542 ... 10363.348  10365.737  10368.116 ],"[ 7.2265761e-17  6.1586541e-17 -3.4114781e-17 ...  3.0808355e-17
 -1.3785934e-17 -5.8381858e-17]","[3.7959583e-17 3.3951165e-17 3.3193620e-17 ... 3.5033494e-17 0.0000000e+00
 2.9583145e-17]"
7749-58073-0388,[ 3598.3208  3599.1506  3599.9788 ... 10325.231  10327.612  10329.994 ],"[-5.2314471e-18  6.8220047e-17  2.9248197e-17 ... -1.0263105e-17
 -1.9060271e-17 -8.7430526e-18]","[2.9429544e-17 2.7555486e-17 2.5604425e-17 ... 2.5924254e-17 2.3507336e-17
 2.4642380e-17]"
7751-58081-0459,[ 3599.1506  3599.9788  3600.8088 ... 10325.231  10327.612  10329.994 ],"[ 1.4021584e-16 -9.7367622e-17  4.3401005e-17 ... -1.6954458e-17
 -2.2817579e-17 -2.5110201e-17]","[3.1095499e-17 2.9121684e-17 3.0359487e-17 ... 2.1908969e-17 1.8760723e-17
 2.0124795e-17]"
7752-58072-0784,[ 3591.6995  3592.526   3593.3542 ... 10363.348  10365.737  10368.116 ],"[ 4.3622486e-18  4.0891479e-18  3.8160745e-18 ...  4.4041703e-17
  1.8105235e-17 -7.8311240e-18]","[2.8504756e-17 0.0000000e+00 2.7266839e-17 ... 2.9276417e-17 0.0000000e+00
 3.4299296e-17]"
7756-58392-0544,[ 3591.6995  3592.526   3593.3542 ... 10360.958  10363.348  10365.737 ],"[ 2.0288370e-17 -1.1503462e-17 -4.3290732e-17 ... -4.3884711e-17
 -3.6727361e-18 -6.5152049e-19]","[4.3515749e-17 0.0000000e+00 2.6687857e-17 ... 3.4834286e-17 3.3798332e-17
 3.0113580e-17]"
7757-58392-0056,[ 3596.666   3597.4934  3598.3208 ... 10332.376  10334.747  10337.131 ],"[ 2.0130016e-17  1.1296650e-17  8.1901111e-17 ... -2.9830389e-17
 -5.2930421e-17 -1.7252276e-17]","[2.9239468e-17 3.0002546e-17 2.9617086e-17 ... 2.6394766e-17 3.0190914e-17
 3.1684968e-17]"
7758-58402-0300,[ 3595.8367  3596.666   3597.4934 ... 10329.994  10332.376  10334.747 ],"[-5.8140355e-17  5.9556223e-17 -2.8865622e-17 ...  5.4342497e-17
 -2.0034511e-17 -8.2089232e-17]","[2.5273003e-17 2.5532751e-17 2.3018100e-17 ... 2.4592356e-17 3.3726979e-17
 5.6151998e-17]"
7758-58402-0446,[ 3595.0098  3595.8367  3596.666  ... 10329.994  10332.376  10334.747 ],"[ 1.1734085e-17 -1.3869474e-17  4.9205309e-17 ...  6.5471895e-17
 -8.0094426e-18 -7.2737459e-17]","[3.1768077e-17 2.9915936e-17 2.7802781e-17 ... 2.6883070e-17 3.6737457e-17
 5.9421492e-17]"
7759-58401-0167,[ 3594.181   3595.0098  3595.8367 ... 10329.994  10332.376  10334.747 ],"[-1.2794226e-18  4.6435680e-17  6.1266568e-17 ...  4.6033511e-17
  4.8687776e-18 -7.3811502e-18]","[3.3356320e-17 3.5255414e-17 3.4029287e-17 ... 2.5665363e-17 3.9242325e-17
 4.3667351e-17]"
7765-58047-0215,[ 3595.8367  3596.666   3597.4934 ... 10327.612  10329.994  10332.376 ],"[ 4.8520003e-17 -6.2364932e-17  3.8232559e-17 ...  7.0570735e-17
  7.2483574e-17 -2.8179989e-17]","[5.4484607e-17 5.0532533e-17 4.8877063e-17 ... 2.3140488e-17 2.4023585e-17
 3.5294086e-17]"
7768-58289-0452,[ 3607.447   3608.2788  3609.109  ... 10327.612  10329.994  10332.376 ],"[ 6.6467271e-17 -3.5028593e-18 -1.8259193e-17 ... -1.5163365e-18
  6.0343996e-18  4.0016930e-18]","[3.2356228e-17 2.8135629e-17 2.7032109e-17 ... 1.8735987e-17 1.9120382e-17
 1.8692455e-17]"
7818-56989-0364,[ 3562.8704  3563.69    3564.5117 ... 10332.376  10334.747  10337.131 ],"[-3.0198637e-17  5.7583940e-17  2.7560082e-18 ...  8.0408192e-18
 -7.3957946e-18 -3.6259171e-17]","[2.6068382e-17 2.5476296e-17 2.3256434e-17 ... 3.8995167e-17 4.7915747e-17
 5.0286152e-17]"
7819-57280-0222,[ 3569.4385  3570.2617  3571.083  ... 10327.612  10329.994  10332.376 ],"[ 1.09128026e-16  7.42287794e-17  3.93291526e-17 ... -1.06436779e-17
  5.41584429e-17 -7.79246654e-18]","[3.2438804e-17 0.0000000e+00 3.2193274e-17 ... 2.2633086e-17 2.0327441e-17
 2.1874823e-17]"
7821-57279-0106,[ 3572.7283  3573.552   3574.374  ... 10329.994  10332.376  10334.747 ],"[ 2.7776280e-16  2.8766333e-19 -2.7709426e-16 ...  3.1974796e-17
  8.9174289e-18 -2.1028547e-17]","[4.6529515e-17 0.0000000e+00 4.0001475e-17 ... 2.2898887e-17 3.0875456e-17
 3.9300549e-17]"
7822-57041-0278,[ 3565.3318  3566.1538  3566.9744 ... 10332.376  10334.747  10337.131 ],"[ 3.3171198e-18  2.9174300e-17  5.5027485e-17 ... -1.0804907e-17
 -6.4557549e-17 -4.3950124e-17]","[4.0214673e-17 0.0000000e+00 2.8196645e-17 ... 4.4162630e-17 5.7100734e-17
 3.9635415e-17]"
7823-56978-0096,[ 3558.771   3559.5898  3560.4106 ... 10329.994  10332.376  10334.747 ],"[ 1.4823929e-16  7.5740383e-17  3.2605121e-18 ...  4.5256590e-17
 -9.3716643e-18 -6.9972955e-17]","[1.2129102e-16 0.0000000e+00 6.0594514e-17 ... 2.4593497e-17 3.3130000e-17
 3.8076292e-17]"
7823-56978-0482,[ 3558.771   3559.5898  3560.4106 ... 10329.994  10332.376  10334.747 ],"[-1.4677775e-16 -7.4453528e-17 -2.1149406e-18 ...  1.0160465e-16
  1.5317721e-17 -1.1777956e-16]","[3.5403214e-17 0.0000000e+00 3.7167161e-17 ... 4.3449637e-17 6.0835865e-17
 7.6317761e-17]"
7828-57039-0133,[ 3562.8704  3563.69    3564.5117 ... 10327.612  10329.994  10332.376 ],"[ 1.00524798e-16  1.06114984e-16  1.11703423e-16 ...  4.80219440e-17
  4.14040193e-17 -6.08629701e-17]","[1.04708995e-16 0.00000000e+00 5.17374540e-17 ... 1.86832009e-17
 2.39846941e-17 3.98913442e-17]"
7833-57286-0822,[ 3613.266   3614.0994  3614.9307 ... 10382.458  10384.841  10387.236 ],"[ 1.4218022e-16 -1.7873659e-17  1.0837221e-17 ... -6.2576763e-17
  1.7527633e-16  2.0971883e-16]","[5.2376524e-17 3.7314885e-17 3.6335563e-17 ... 1.5852223e-16 1.4563122e-16
 7.3970037e-17]"
7841-56960-0572,[ 3604.9565  3605.786   3606.6172 ... 10389.631  10392.016  10394.412 ],"[ 4.26421325e-18  2.75620220e-17  6.47140716e-17 ...  1.07400615e-16
 -1.23431520e-16 -3.54280503e-16]","[4.5537639e-17 4.4806643e-17 4.3793201e-17 ... 3.6391536e-17 0.0000000e+00
 3.7545936e-17]"
7844-56982-0588,[ 3602.4678  3603.2964  3604.1252 ... 10380.064  10382.458  10384.841 ],"[-4.8562626e-17  1.8203375e-17  7.5124924e-18 ... -2.1178222e-16
  7.3095774e-17  4.5460487e-17]","[3.8698093e-17 3.2732443e-17 3.1633577e-17 ... 5.9418746e-17 4.5577910e-17
 4.4842933e-17]"
7845-56980-0171,[ 3559.5898  3560.4106  3561.2297 ... 10325.231  10327.612  10329.994 ],"[-1.5092028e-17  4.5661726e-17  1.0641214e-16 ... -3.5575658e-17
 -2.3226158e-17  1.8151316e-17]","[3.9102644e-17 0.0000000e+00 4.2464465e-17 ... 2.8914839e-17 2.4940900e-17
 2.4276922e-17]"
7845-56980-0693,[ 3603.2964  3604.1252  3604.9565 ... 10377.672  10380.064  10382.458 ],"[ 6.7433272e-17 -7.4710867e-17 -6.3150401e-18 ... -1.6002014e-17
 -2.9022300e-17 -4.2043092e-17]","[4.3726084e-17 4.1388439e-17 4.0033560e-17 ... 5.1131921e-17 0.0000000e+00
 4.8618864e-17]"
7849-56980-0873,[ 3602.4678  3603.2964  3604.1252 ... 10363.348  10365.737  10368.116 ],"[ 3.2135762e-17  2.0487633e-17 -2.6007976e-17 ...  4.8869979e-17
  1.3978224e-17  3.7142438e-17]","[1.7134883e-17 1.5636695e-17 1.5159241e-17 ... 2.4451868e-17 1.8188524e-17
 3.5703309e-17]"
7853-56988-0594,[ 3605.786   3606.6172  3607.447  ... 10389.631  10392.016  10394.412 ],"[ 8.3637846e-17  6.4203483e-17  2.7727468e-17 ...  5.6108204e-17
 -4.4651590e-17 -1.4541725e-16]","[3.6549128e-17 3.4603357e-17 3.3707914e-17 ... 3.1689951e-17 0.0000000e+00
 2.9085487e-17]"
7854-56989-0547,[ 3604.1252  3604.9565  3605.786  ... 10387.236  10389.631  10392.016 ],"[ 4.4494813e-17  6.1728664e-17  4.7589716e-17 ...  1.8122912e-16
 -4.2335451e-17 -2.6592210e-16]","[3.1990466e-17 3.1301557e-17 3.1410821e-17 ... 9.3442418e-17 0.0000000e+00
 5.0347218e-17]"
7855-57011-0235,[ 3561.2297  3562.0508  3562.8704 ... 10332.376  10334.747  10337.131 ],"[ 1.4353405e-16  1.1821566e-16  9.2863742e-17 ... -2.6829817e-17
 -2.7544221e-17  8.5564166e-18]","[4.3837916e-17 0.0000000e+00 3.9887384e-17 ... 2.5500565e-17 3.0722600e-17
 2.6407384e-17]"
7856-57260-0082,[ 3570.2617  3571.083   3571.9065 ... 10329.994  10332.376  10334.747 ],"[-2.0438287e-16  4.1041036e-17 -1.6950880e-17 ...  4.4354442e-18
 -1.2804404e-17 -7.3003460e-17]","[3.6013634e-17 3.0492534e-17 3.3317167e-17 ... 3.0949389e-17 3.5931555e-17
 4.3118758e-17]"
7859-57282-0911,[ 3613.266   3614.0994  3614.9307 ... 10384.841  10387.236  10389.631 ],"[-1.0698557e-16 -4.5343851e-17  4.1542810e-17 ...  2.5722280e-17
 -3.2134772e-17 -8.9991063e-17]","[3.3600305e-17 3.4933336e-17 3.9939903e-17 ... 2.7738792e-17 0.0000000e+00
 4.5771040e-17]"
7860-57006-0329,[ 3559.5898  3560.4106  3561.2297 ... 10334.747  10337.131  10339.515 ],"[ 1.7418972e-16  1.4482248e-16  1.1545972e-16 ... -5.6311106e-18
 -3.3333625e-17  4.7766795e-17]","[6.7571094e-17 0.0000000e+00 6.3899874e-17 ... 3.1891032e-17 3.0064601e-17
 3.1021741e-17]"
7860-57006-0403,[ 3559.5898  3560.4106  3561.2297 ... 10334.747  10337.131  10339.515 ],"[-3.5232367e-16 -4.9047883e-17  2.5418906e-16 ... -4.4447587e-17
 -4.3335274e-17 -1.4415791e-17]","[5.2578134e-17 0.0000000e+00 4.7494229e-17 ... 2.7819484e-17 3.0492974e-17
 2.7709727e-17]"
7863-56975-0220,[ 3562.0508  3562.8704  3563.69   ... 10334.747  10337.131  10339.515 ],"[ 4.7815662e-17  3.1978164e-17  1.6141968e-17 ... -6.2630675e-17
 -2.5671377e-17  2.1176879e-17]","[5.4135020e-17 0.0000000e+00 4.2933658e-17 ... 3.2362048e-17 3.0661842e-17
 2.5818678e-17]"
7865-56955-0520,[ 3604.1252  3604.9565  3605.786  ... 10382.458  10384.841  10387.236 ],"[-1.1684784e-18  1.6725288e-17  2.9312290e-17 ...  1.1330312e-16
  1.1910646e-16  1.2491007e-16]","[3.4790422e-17 2.3391463e-17 2.1820581e-17 ... 0.0000000e+00 0.0000000e+00
 1.3090332e-16]"
7867-57003-0306,[ 3562.0508  3562.8704  3563.69   ... 10327.612  10329.994  10332.376 ],"[ 2.6341760e-17  3.1922945e-17  3.7503585e-17 ...  6.8753400e-17
  8.2466684e-17 -1.6530631e-16]","[2.9700608e-17 0.0000000e+00 2.8136512e-17 ... 5.2765974e-17 6.0389664e-17
 1.1762118e-16]"
7868-57006-0722,[ 3603.2964  3604.1252  3604.9565 ... 10387.236  10389.631  10392.016 ],"[ 2.8865358e-17  1.5850475e-17 -2.6854650e-17 ...  6.2953236e-17
 -4.9571197e-18 -2.7136333e-17]","[3.9617296e-17 3.8621900e-17 3.5933123e-17 ... 4.6652646e-17 5.9535557e-17
 6.5511143e-17]"
7871-56902-0508,[ 3607.447   3608.2788  3609.109  ... 10382.458  10384.841  10387.236 ],"[-3.8888282e-17  6.6171256e-18  4.2803655e-17 ... -3.3847731e-17
  1.6281421e-16  7.4287648e-17]","[3.4939887e-17 3.5426117e-17 3.3611740e-17 ... 4.2637207e-17 3.9603571e-17
 4.5742817e-17]"
7880-57336-0210,[ 3570.2617  3571.083   3571.9065 ... 10322.862  10325.231  10327.612 ],"[ 1.8730306e-18 -1.1484984e-17  5.7346804e-17 ...  9.3533100e-18
 -5.2107804e-18 -7.8939500e-18]","[1.8622380e-17 1.8094091e-17 1.6911746e-17 ... 5.2939053e-17 5.4524179e-17
 5.3147344e-17]"
7885-57336-0480,[ 3567.7969  3568.6177  3569.4385 ... 10327.612  10329.994  10332.376 ],"[-4.7645715e-18  7.8326367e-17  7.7087555e-17 ... -5.5264479e-18
  3.6916746e-17 -2.0825901e-17]","[1.1894131e-16 8.6177800e-17 5.9558228e-17 ... 1.9871229e-17 1.9350509e-17
 2.3661209e-17]"
7885-57336-0995,[ 3609.9392  3610.7717  3611.6023 ... 10380.064  10382.458  10384.841 ],"[-1.8361454e-17  6.7477947e-17  3.8065770e-17 ... -3.4788085e-16
  2.2742411e-16  1.9189277e-16]","[5.3303294e-17 3.7342238e-17 3.8052813e-17 ... 7.8586208e-17 9.4695643e-17
 9.0321949e-17]"
7892-57333-0256,[ 3569.4385  3570.2617  3571.083  ... 10315.736  10318.104  10320.482 ],"[-1.5242993e-16 -1.4153293e-16 -1.3063215e-16 ... -1.3565393e-16
 -2.1218903e-17  2.5374553e-17]","[4.20396580e-17 0.00000000e+00 2.63836105e-17 ... 8.12426357e-17
 1.04199095e-16 1.07807071e-16]"
7892-57333-0336,[ 3569.4385  3570.2617  3571.083  ... 10315.736  10318.104  10320.482 ],"[-1.5605570e-17 -9.8852864e-18 -4.1626384e-18 ... -4.6946669e-17
 -6.9694870e-17  3.8837645e-17]","[5.6785605e-17 0.0000000e+00 4.9463104e-17 ... 3.0400376e-17 4.7839339e-17
 4.7100270e-17]"
7893-57286-0126,[ 3572.7283  3573.552   3574.374  ... 10329.994  10332.376  10334.747 ],"[ 1.31077124e-17  1.68481686e-17  2.05880324e-17 ...  1.00993571e-16
  2.01235077e-17 -1.40303292e-16]","[2.6052083e-17 0.0000000e+00 2.4767994e-17 ... 5.1454442e-17 6.0499375e-17
 6.8137044e-17]"
7895-57659-0078,[ 3572.7283  3573.552   3574.374  ... 10329.994  10332.376  10334.747 ],"[ 2.36152074e-17  4.08113006e-18 -1.54517735e-17 ...  2.94790031e-17
  2.32707066e-17 -1.06466566e-17]","[6.3296363e-17 0.0000000e+00 5.0562593e-17 ... 1.8245014e-17 2.4775952e-17
 3.4119073e-17]"
7902-57362-0960,[ 3609.9392  3610.7717  3611.6023 ... 10387.236  10389.631  10392.016 ],"[-2.1234772e-17  1.1821500e-16 -2.5329589e-17 ...  7.0257426e-17
  6.4119904e-17 -4.0411677e-16]","[3.8083402e-17 3.9234646e-17 3.7539607e-17 ... 6.1045651e-17 6.8520909e-17
 7.9850524e-17]"
7913-57333-0374,[ 3569.4385  3570.2617  3571.083  ... 10322.862  10325.231  10327.612 ],"[ 1.6158528e-17 -5.5369766e-17  2.4678392e-16 ...  2.9770217e-17
  2.4637396e-17 -1.1957337e-17]","[6.4851377e-17 4.2120328e-17 4.2528439e-17 ... 2.6525920e-17 3.4439900e-17
 3.1813813e-17]"
7913-57333-0922,[ 3609.109   3609.9392  3610.7717 ... 10351.419  10353.806  10356.193 ],"[ 7.3570125e-17 -1.1317561e-18  2.6377837e-17 ...  4.0720910e-17
  5.5609427e-17 -4.2782832e-18]","[3.2448628e-17 3.0913735e-17 3.0271121e-17 ... 6.5395847e-17 4.3426751e-17
 4.5910509e-17]"
7914-57331-0939,[ 3609.109   3609.9392  3610.7717 ... 10377.672  10380.064  10382.458 ],"[ 9.8289895e-17 -4.5062149e-17  3.0890372e-17 ... -4.8082344e-16
 -5.7874315e-16 -5.6860773e-17]","[6.5833134e-17 3.8568742e-17 3.9671347e-17 ... 0.0000000e+00 4.6758183e-16
 1.1177504e-16]"
8054-57194-0178,[ 3575.1963  3576.0208  3576.8435 ... 10334.747  10337.131  10339.515 ],"[ 1.7458456e-17 -3.9664829e-17 -2.3914500e-19 ...  9.5043983e-19
  3.3720206e-19  1.1708924e-17]","[6.7364987e-17 4.6979538e-17 4.8243708e-17 ... 3.0222337e-17 4.5474707e-17
 4.2405732e-17]"
8054-57194-0674,[ 3615.7625  3616.5962  3617.4282 ... 10392.016  10394.412  10396.809 ],"[-5.0428400e-18  1.2357926e-17  7.3939663e-17 ... -7.9096208e-17
  3.3086698e-17  1.4525517e-16]","[5.1563435e-17 4.9538656e-17 4.9521785e-17 ... 3.5542194e-17 0.0000000e+00
 9.4345527e-17]"
8054-57194-0842,[ 3615.7625  3616.5962  3617.4282 ... 10392.016  10394.412  10396.809 ],"[-6.8936557e-17  3.0388637e-17 -3.7216245e-18 ... -6.4662628e-17
  5.8790188e-17  1.8222831e-16]","[2.8684777e-17 2.8513488e-17 2.8241524e-17 ... 5.5236018e-17 0.0000000e+00
 7.3183865e-17]"
8055-57187-0157,[ 3573.552   3574.374   3575.1963 ... 10334.747  10337.131  10339.515 ],"[ 1.6830500e-17 -2.4693937e-17  8.1334380e-17 ... -4.0376271e-17
 -2.7641928e-17  2.2314436e-17]","[4.8179889e-17 4.7098251e-17 4.9960845e-17 ... 3.3033613e-17 3.5235366e-17
 3.5066519e-17]"
8055-57187-0474,[ 3573.552   3574.374   3575.1963 ... 10334.747  10337.131  10339.515 ],"[-2.05613966e-16  2.85814936e-16 -1.00758665e-16 ... -1.72047959e-17
 -3.34721480e-17  2.92338400e-17]","[7.8935378e-17 7.7648721e-17 7.2572406e-17 ... 2.4347760e-17 2.4228188e-17
 2.4095947e-17]"
8056-57186-0026,[ 3575.1963  3576.0208  3576.8435 ... 10334.747  10337.131  10339.515 ],"[ 2.3521258e-17  1.0844144e-17 -1.8215481e-18 ... -5.0402841e-17
 -1.8015605e-17 -4.0324079e-18]","[5.5462401e-17 0.0000000e+00 4.6441000e-17 ... 3.8634132e-17 4.3119264e-17
 4.0098864e-17]"
8058-57196-0192,[ 3573.552   3574.374   3575.1963 ... 10332.376  10334.747  10337.131 ],"[-1.5313808e-16  9.2593360e-17  1.4729649e-16 ...  1.6958890e-17
 -4.5698245e-17 -2.7786416e-17]","[9.0154567e-17 6.8733673e-17 6.8705608e-17 ... 2.3094557e-17 2.5462856e-17
 2.7457312e-17]"
8058-57196-0925,[ 3614.9307  3615.7625  3616.5962 ... 10387.236  10389.631  10392.016 ],"[ 6.3335386e-17  7.4241498e-17  6.2225337e-17 ...  6.7507527e-17
  5.5000920e-17 -1.4528226e-16]","[4.2625269e-17 4.4145676e-17 4.2054769e-17 ... 5.0896598e-17 4.1574739e-17
 5.1415790e-17]"
8059-57895-0317,[ 3582.6133  3583.4395  3584.264  ... 10329.994  10332.376  10334.747 ],"[ 8.1746693e-17  5.5487864e-17  4.5802112e-17 ...  3.1768891e-17
  3.9531255e-18 -5.8244295e-17]","[7.1533176e-17 6.8861542e-17 6.8108503e-17 ... 2.2850778e-17 2.5067159e-17
 2.5761523e-17]"
8059-57895-0836,[ 3616.5962  3617.4282  3618.2625 ... 10360.958  10363.348  10365.737 ],"[ 5.1965336e-17  1.9891571e-17  2.5823067e-17 ... -6.2266391e-17
 -1.3600281e-17  5.0715294e-17]","[5.4951110e-17 4.8263557e-17 4.9911916e-17 ... 5.2129978e-17 3.1537942e-17
 3.3150077e-17]"
8061-58253-0412,[ 3609.109   3609.9392  3610.7717 ... 10322.862  10325.231  10327.612 ],"[ 1.8543809e-18 -1.2369387e-17 -1.2123899e-17 ...  1.0779060e-18
 -2.1857204e-17  1.5057420e-17]","[3.7507294e-17 4.3046628e-17 3.8849097e-17 ... 2.3669330e-17 2.7551651e-17
 2.6851896e-17]"
8062-58251-0212,[ 3603.2964  3604.1252  3604.9565 ... 10325.231  10327.612  10329.994 ],"[ 2.0367570e-16 -1.2224544e-16  1.9982872e-16 ... -4.1213980e-18
  8.7633094e-18 -8.2589939e-18]","[5.0448799e-17 5.0877944e-17 4.8724224e-17 ... 3.2650612e-17 2.9268224e-17
 2.6157992e-17]"
8063-57576-0904,[ 3622.4302  3623.2634  3624.0989 ... 10384.841  10387.236  10389.631 ],"[-1.6553745e-17  2.0817640e-17 -4.2612537e-17 ...  7.8507480e-17
  7.6539154e-17 -4.2376218e-17]","[2.6009098e-17 2.5045661e-17 2.3563615e-17 ... 5.3085070e-17 1.3534945e-16
 6.8770916e-17]"
8064-58255-0090,[ 3609.109   3609.9392  3610.7717 ... 10320.482  10322.862  10325.231 ],"[ 4.5476517e-17  6.3825481e-17 -1.4135817e-17 ...  1.9227823e-17
  9.7253403e-18 -2.6554792e-17]","[5.1305755e-17 4.9681186e-17 4.7098076e-17 ... 2.0159225e-17 1.7840302e-17
 1.7729721e-17]"
8064-58255-0260,[ 3609.109   3609.9392  3610.7717 ... 10320.482  10322.862  10325.231 ],"[ 1.7541790e-16 -1.2390395e-16 -3.1296273e-18 ...  3.4040405e-17
  7.8389872e-18  1.7120059e-18]","[6.1753347e-17 5.7379157e-17 6.1186782e-17 ... 2.2338783e-17 1.8513290e-17
 2.0313046e-17]"
8064-58255-0701,[ 3600.8088  3601.6372  3602.4678 ... 10363.348  10365.737  10368.116 ],"[ 1.2284304e-16  5.3054537e-17 -1.6767978e-17 ...  6.2490517e-17
  4.3315204e-17  2.4139096e-17]","[3.4819493e-17 0.0000000e+00 2.6641178e-17 ... 4.9875199e-17 0.0000000e+00
 5.2878527e-17]"
8065-58248-0380,[ 3608.2788  3609.109   3609.9392 ... 10325.231  10327.612  10329.994 ],"[-4.98919942e-17  1.82666080e-17 -1.94431830e-17 ... -1.06189725e-17
 -1.00360252e-17 -4.29612257e-18]","[3.4633754e-17 3.8649240e-17 3.5936968e-17 ... 3.1973720e-17 3.3354404e-17
 3.4680444e-17]"
8065-58248-0470,[ 3609.109   3609.9392  3610.7717 ... 10325.231  10327.612  10329.994 ],"[ 5.3192819e-17 -9.1042658e-18  3.5279346e-17 ... -1.0742321e-17
 -2.5892239e-17 -1.4840348e-17]","[3.3921314e-17 3.2815694e-17 3.0234371e-17 ... 4.2283309e-17 4.4722943e-17
 4.8751607e-17]"
8123-56931-0743,[ 3604.9565  3605.786   3606.6172 ... 10387.236  10389.631  10392.016 ],"[ 6.9623329e-18 -2.6996505e-18 -5.4040034e-17 ... -1.1956672e-16
 -1.3149796e-16 -1.4342927e-16]","[3.8766987e-17 3.5500630e-17 3.4882680e-17 ... 0.0000000e+00 0.0000000e+00
 3.8219979e-17]"
8124-56954-0163,[ 3560.4106  3561.2297  3562.0508 ... 10334.747  10337.131  10339.515 ],"[ 8.5065046e-18  3.2152944e-17  5.5800658e-17 ... -1.3621277e-17
  1.1209993e-17  4.2683595e-17]","[5.4739058e-17 0.0000000e+00 5.4985640e-17 ... 3.5861178e-17 4.8354547e-17
 4.3699737e-17]"
8126-56956-0593,[ 3606.6172  3607.447   3608.2788 ... 10387.236  10389.631  10392.016 ],"[ 2.9391699e-19 -1.8886681e-17  2.4992543e-18 ...  1.4808037e-17
  1.0079648e-17 -2.1206881e-17]","[1.6233517e-17 1.4441961e-17 1.5664713e-17 ... 1.3661064e-17 1.1301546e-17
 8.9474845e-18]"
8130-56933-0168,[ 3559.5898  3560.4106  3561.2297 ... 10334.747  10337.131  10339.515 ],"[-9.2179201e-17 -5.1701327e-19  9.1117048e-17 ...  1.8985038e-18
 -6.4383003e-18 -6.9951869e-18]","[3.1961359e-17 0.0000000e+00 3.7617885e-17 ... 1.5698045e-17 1.3303205e-17
 1.2631685e-17]"
8159-57064-0451,[ 3568.6177  3569.4385  3570.2617 ... 10322.862  10325.231  10327.612 ],"[-1.9313205e-17  1.4027887e-16 -8.9711013e-17 ...  6.1576748e-18
  7.1632145e-18 -5.3003591e-18]","[3.9305585e-17 3.2473850e-17 2.8362739e-17 ... 1.9794320e-17 2.0777986e-17
 2.2677026e-17]"
8160-57071-0462,[ 3571.083   3571.9065  3572.7283 ... 10329.994  10332.376  10334.747 ],"[ 6.5505035e-17  1.6246350e-17  7.4478264e-17 ...  1.0213492e-17
 -6.2215113e-17 -8.8405715e-17]","[4.2632531e-17 4.1385153e-17 4.2812374e-17 ... 2.0239536e-17 2.4062088e-17
 3.0053159e-17]"
8161-57127-0316,[ 3567.7969  3568.6177  3569.4385 ... 10327.612  10329.994  10332.376 ],"[-1.7807906e-16 -1.2800437e-16 -7.7931822e-17 ...  1.8104421e-17
  1.7292151e-17  4.5070792e-17]","[8.0971201e-17 0.0000000e+00 7.7508326e-17 ... 2.0480147e-17 2.1947279e-17
 2.9420164e-17]"
8161-57127-0575,[ 3609.109   3609.9392  3610.7717 ... 10387.236  10389.631  10392.016 ],"[ 1.89786963e-17  5.34626252e-17 -2.38180966e-17 ...  5.57784762e-17
  2.65793293e-18 -1.00270443e-16]","[3.9832333e-17 3.8544238e-17 3.6971549e-17 ... 4.1854240e-17 3.8584065e-17
 4.2315791e-17]"
8164-57127-0198,[ 3568.6177  3569.4385  3570.2617 ... 10332.376  10334.747  10337.131 ],"[-2.2425409e-16 -1.5355686e-16 -8.2877952e-17 ... -6.1895877e-20
 -2.3086593e-17 -8.7037756e-18]","[4.3076853e-17 0.0000000e+00 4.3104795e-17 ... 2.9501416e-17 3.2947428e-17
 3.4998766e-17]"
8165-57374-0381,[ 3568.6177  3569.4385  3570.2617 ... 10322.862  10325.231  10327.612 ],"[ 1.0812046e-16  5.0112712e-17 -7.8773005e-18 ...  1.2944845e-17
 -3.3370366e-18  1.9360346e-18]","[9.5965226e-17 0.0000000e+00 5.0833713e-17 ... 2.5168715e-17 2.0987202e-17
 2.2396767e-17]"
8165-57374-0954,[ 3609.9392  3610.7717  3611.6023 ... 10384.841  10387.236  10389.631 ],"[ 4.3568940e-17  2.5214364e-17 -9.1043810e-19 ...  6.0966036e-18
  5.2599578e-17  9.9104794e-17]","[4.2547779e-17 4.0037868e-17 3.7166141e-17 ... 8.4732431e-17 0.0000000e+00
 6.4747510e-17]"
8169-57071-0250,[ 3570.2617  3571.083   3571.9065 ... 10327.612  10329.994  10332.376 ],"[ 1.1531957e-16  1.1291754e-16  1.1051514e-16 ...  8.0151030e-18
  1.4798569e-17 -2.4282592e-17]","[4.3508747e-17 0.0000000e+00 2.7723354e-17 ... 1.8877264e-17 2.1543163e-17
 2.3197413e-17]"
8169-57071-0298,[ 3570.2617  3571.083   3571.9065 ... 10329.994  10332.376  10334.747 ],"[-5.4424961e-17 -1.2601526e-18  5.1912121e-17 ...  7.5434676e-17
 -1.0160663e-19 -4.5192493e-17]","[6.1549563e-17 0.0000000e+00 4.0607008e-17 ... 2.6786944e-17 2.9353593e-17
 2.9317336e-17]"
8172-57423-0556,[ 3607.447   3608.2788  3609.109  ... 10382.458  10384.841  10387.236 ],"[ 2.4500994e-17 -2.7456429e-17 -2.7783557e-17 ...  7.4596868e-18
  3.1113363e-17 -8.3610316e-18]","[1.5545501e-17 1.4837857e-17 1.4107648e-17 ... 2.9489565e-17 2.2068835e-17
 2.6799158e-17]"
8172-57423-0842,[ 3606.6172  3607.447   3608.2788 ... 10382.458  10384.841  10387.236 ],"[-4.9405136e-18 -2.5633148e-19  2.1853994e-17 ... -2.8916338e-17
  6.8258117e-17  8.4179764e-18]","[1.8294497e-17 1.7692644e-17 1.7733245e-17 ... 4.5688626e-17 2.4746840e-17
 2.9287560e-17]"
8174-57374-0278,[ 3570.2617  3571.083   3571.9065 ... 10327.612  10329.994  10332.376 ],"[ 2.5282009e-16  1.5856744e-16  6.4286968e-17 ...  3.4696165e-18
 -5.8863359e-18 -1.2094445e-17]","[5.1126737e-17 0.0000000e+00 4.4788386e-17 ... 1.8033968e-17 1.7258346e-17
 2.3328933e-17]"
8174-57374-0754,[ 3612.435   3613.266   3614.0994 ... 10392.016  10394.412  10396.809 ],"[ 5.29588239e-16 -4.57109006e-16  1.03280746e-17 ... -7.99266410e-18
 -1.55646473e-17 -2.31367579e-17]","[5.3646319e-17 4.9921951e-17 5.0626117e-17 ... 3.1650504e-17 0.0000000e+00
 4.0383361e-17]"
8176-57131-0634,[ 3607.447   3608.2788  3609.109  ... 10384.841  10387.236  10389.631 ],"[-1.7871845e-16  2.8381798e-16 -1.0398741e-16 ...  6.6984689e-17
  8.0005279e-17  9.3026055e-17]","[5.7494777e-17 5.4432564e-17 4.8900899e-17 ... 0.0000000e+00 0.0000000e+00
 2.4837222e-16]"
8176-57131-0702,[ 3608.2788  3609.109   3609.9392 ... 10384.841  10387.236  10389.631 ],"[-2.6351051e-17  2.1907312e-16  2.9462674e-18 ...  4.2055434e-17
  8.7272650e-17  1.3249042e-16]","[4.9134250e-17 5.0077084e-17 4.5141721e-17 ... 0.0000000e+00 0.0000000e+00
 1.9341317e-16]"
8176-57131-0786,[ 3607.447   3608.2788  3609.109  ... 10384.841  10387.236  10389.631 ],"[-5.3932910e-17  6.2418599e-17 -1.2085189e-16 ...  2.4263314e-16
  2.6153021e-16  2.8042744e-16]","[5.0877156e-17 5.3171530e-17 4.7991669e-17 ... 0.0000000e+00 0.0000000e+00
 2.1902098e-16]"
8178-57428-0352,[ 3567.7969  3568.6177  3569.4385 ... 10325.231  10327.612  10329.994 ],"[ 4.3591786e-17  6.4254655e-17  8.4943018e-17 ... -1.4701941e-18
  7.9139091e-18  1.0628608e-17]","[4.7373474e-17 0.0000000e+00 4.1327416e-17 ... 1.3624947e-17 1.6258359e-17
 1.5439154e-17]"
8179-57429-0512,[ 3612.435   3613.266   3614.0994 ... 10389.631  10392.016  10394.412 ],"[ 4.6430037e-18 -5.7361018e-17 -9.0629026e-18 ...  3.2547860e-17
 -3.3324692e-17 -9.9197014e-17]","[3.8323688e-17 3.7015843e-17 3.8953986e-17 ... 2.9602468e-17 0.0000000e+00
 3.2904755e-17]"
8181-57073-0904,[ 3613.266   3614.0994  3614.9307 ... 10372.898  10375.279  10377.672 ],"[-6.9267238e-17 -2.2149174e-17  1.2875404e-16 ...  2.6731902e-17
  6.0512338e-17  8.6180143e-17]","[9.4424308e-17 9.0124928e-17 9.0662271e-17 ... 4.3138687e-17 7.4936932e-17
 6.8643874e-17]"
8182-56993-0540,[ 3604.9565  3605.786   3606.6172 ... 10370.507  10372.898  10375.279 ],"[ 4.2208036e-17  2.4021060e-16  4.2904224e-17 ... -3.3962160e-17
 -2.1365830e-17 -8.7700600e-18]","[5.17528991e-17 5.47305177e-17 5.25450503e-17 ... 2.90627096e-17
 0.00000000e+00 1.03827446e-16]"
8183-57375-0401,[ 3571.083   3571.9065  3572.7283 ... 10327.612  10329.994  10332.376 ],"[ 1.4074043e-16  1.5575058e-16  1.7076158e-16 ... -7.5159012e-18
  7.2428782e-19 -4.2696191e-19]","[6.9765061e-17 0.0000000e+00 6.9701878e-17 ... 2.5969411e-17 2.5960716e-17
 2.7673643e-17]"
8183-57375-0532,[ 3612.435   3613.266   3614.0994 ... 10384.841  10387.236  10389.631 ],"[ 1.1301925e-17 -6.6926131e-17  2.2139129e-18 ...  6.2386081e-17
  3.9327363e-17  1.6267630e-17]","[4.3941793e-17 4.1114390e-17 4.2685742e-17 ... 5.1026241e-17 0.0000000e+00
 2.4231538e-17]"
8183-57375-0632,[ 3612.435   3613.266   3614.0994 ... 10384.841  10387.236  10389.631 ],"[ 6.2188080e-17 -1.3776963e-17 -6.7706487e-17 ...  9.7223845e-17
  5.3803705e-17  1.0381074e-17]","[5.6736656e-17 5.1693825e-17 5.1017155e-17 ... 6.0372141e-17 0.0000000e+00
 3.6654219e-17]"
8183-57375-0793,[ 3612.435   3613.266   3614.0994 ... 10384.841  10387.236  10389.631 ],"[ 3.1088131e-17 -2.7104366e-17  2.8683282e-17 ... -2.5991799e-18
  6.7437931e-17  1.3747913e-16]","[6.0230561e-17 5.5693382e-17 5.8077939e-17 ... 6.4963781e-17 0.0000000e+00
 3.4690446e-17]"
8184-57426-0871,[ 3611.6023  3612.435   3613.266  ... 10384.841  10387.236  10389.631 ],"[ 4.3223456e-17 -2.8890077e-17  1.7061500e-18 ...  2.2896852e-16
  2.1909772e-16  7.6212789e-17]","[2.59918710e-17 2.42331875e-17 2.71480148e-17 ... 6.05863344e-16
 2.97754660e-16 1.05713914e-16]"
8185-57431-0777,[ 3610.7717  3611.6023  3612.435  ... 10387.236  10389.631  10392.016 ],"[ 1.2470232e-16 -5.3319549e-17  7.5343005e-17 ...  4.6837167e-17
 -2.8618586e-17 -1.0407343e-16]","[5.4645116e-17 5.3069767e-17 5.5012775e-17 ... 3.6619971e-17 0.0000000e+00
 3.5173867e-17]"
8187-57423-0931,[ 3607.447   3608.2788  3609.109  ... 10387.236  10389.631  10392.016 ],"[-8.8369366e-17  3.2247024e-18  3.8967546e-17 ...  2.9187241e-16
  8.8377512e-17 -1.1511948e-16]","[5.5492096e-17 5.5465785e-17 5.1169082e-17 ... 3.6124343e-16 0.0000000e+00
 3.4613346e-17]"
8189-57448-0435,[ 3572.7283  3573.552   3574.374  ... 10325.231  10327.612  10329.994 ],"[ 4.0422964e-18  2.1889537e-17  4.0278941e-17 ...  5.3995381e-18
 -2.8728373e-19 -1.2682851e-17]","[8.3025316e-17 4.9064830e-17 4.7792547e-17 ... 1.4750205e-17 1.6461564e-17
 1.7386643e-17]"
8189-57448-0684,[ 3614.9307  3615.7625  3616.5962 ... 10387.236  10389.631  10392.016 ],"[-6.1900652e-17 -5.2049288e-17 -6.2227567e-17 ...  6.1724244e-17
  5.5237282e-17 -8.9248837e-17]","[5.9751974e-17 5.5010637e-17 5.3748764e-17 ... 3.6499345e-17 3.0238302e-17
 2.8501620e-17]"
8195-57391-0086,[ 3568.6177  3569.4385  3570.2617 ... 10318.104  10320.482  10322.862 ],"[-1.19828639e-16  1.48113703e-16 -6.86145524e-17 ... -1.08058124e-16
 -1.13638908e-17  6.15449110e-17]","[3.8006094e-17 3.5619850e-17 3.1462566e-17 ... 6.2819682e-17 5.4024661e-17
 5.4305430e-17]"
8196-57346-0725,[ 3604.1252  3604.9565  3605.786  ... 10384.841  10387.236  10389.631 ],"[-9.0839062e-17 -2.9772695e-17  9.8113812e-17 ...  1.7461158e-16
  4.7354915e-17 -7.9905310e-17]","[4.6027185e-17 4.6024561e-17 4.7151379e-17 ... 6.1493202e-17 0.0000000e+00
 5.0716204e-17]"
8200-58174-0036,[ 3594.181   3595.0098  3595.8367 ... 10325.231  10327.612  10329.994 ],"[-7.5727240e-17 -3.5191688e-17 -6.1406666e-17 ... -2.3709370e-17
  3.0613258e-18 -1.8908869e-17]","[3.7575910e-17 3.6140666e-17 3.5370369e-17 ... 2.7892160e-17 2.9364462e-17
 3.3165300e-17]"
8201-58146-0008,[ 3591.6995  3592.526   3593.3542 ... 10322.862  10325.231  10327.612 ],"[ 1.0156009e-17  9.8480226e-17 -5.9957252e-18 ...  2.0502176e-17
 -2.2345442e-17 -3.1682778e-17]","[5.4804904e-17 5.6732242e-17 4.9971953e-17 ... 2.9867136e-17 3.0043015e-17
 2.9442376e-17]"
8201-58146-0292,[ 3591.6995  3592.526   3593.3542 ... 10322.862  10325.231  10327.612 ],"[ 1.4974996e-16  5.3448461e-17 -8.9758983e-17 ... -1.7026515e-17
 -1.9472391e-17 -1.2465527e-18]","[8.8015981e-17 8.1996852e-17 7.6275687e-17 ... 2.1248313e-17 2.1909652e-17
 2.4953771e-17]"
8201-58146-0802,[ 3583.4395  3584.264   3585.0903 ... 10360.958  10363.348  10365.737 ],"[ 1.1411244e-16  6.9716522e-17  2.5338096e-17 ... -5.6943643e-18
 -8.4426073e-18  2.4981395e-17]","[7.3733345e-17 0.0000000e+00 6.3491439e-17 ... 3.7481731e-17 3.3403462e-17
 2.6604909e-17]"
8201-58146-0824,[ 3582.6133  3583.4395  3584.264  ... 10360.958  10363.348  10365.737 ],"[-6.2377253e-17  8.8677170e-17  3.0142064e-17 ... -3.1381462e-17
 -1.4776814e-17  4.3266092e-17]","[4.7922285e-17 5.6350210e-17 4.0543851e-17 ... 4.6073461e-17 4.0708499e-17
 3.2816399e-17]"
8202-58158-0306,[ 3597.4934  3598.3208  3599.1506 ... 10329.994  10332.376  10334.747 ],"[-7.25298265e-18  1.68987440e-16  1.00425166e-16 ...  6.25154917e-17
  2.05030314e-17 -2.26134768e-17]","[6.5779957e-17 6.4702114e-17 5.6601673e-17 ... 2.4616376e-17 3.6474622e-17
 3.7351198e-17]"
8203-57428-0059,[ 3570.2617  3571.083   3571.9065 ... 10327.612  10329.994  10332.376 ],"[ 5.1753058e-17  4.6973013e-17  4.2191386e-17 ...  8.2724737e-18
  3.7009917e-17 -3.7432236e-17]","[4.3252884e-17 0.0000000e+00 4.1454289e-17 ... 2.9543133e-17 2.7498686e-17
 3.2947130e-17]"
8203-57428-0119,[ 3569.4385  3570.2617  3571.083  ... 10327.612  10329.994  10332.376 ],"[ 3.2096345e-17 -7.2019870e-17  5.8669572e-17 ...  2.0732461e-17
  4.5530261e-17  1.6891607e-17]","[6.4811130e-17 4.3186914e-17 4.5278798e-17 ... 2.6336612e-17 2.4892100e-17
 3.1032084e-17]"
8203-57428-0446,[ 3569.4385  3570.2617  3571.083  ... 10329.994  10332.376  10334.747 ],"[ 6.8370898e-17  6.4787691e-17 -5.8352265e-17 ...  2.4505067e-17
 -5.6414371e-18 -4.1904172e-17]","[2.1625565e-16 4.1268084e-17 3.9711092e-17 ... 2.0164265e-17 2.8327604e-17
 3.0102479e-17]"
8203-57428-0636,[ 3609.109   3609.9392  3610.7717 ... 10392.016  10394.412  10396.809 ],"[-1.1178122e-16  1.0174137e-16 -2.6306380e-17 ... -7.3595728e-17
  2.0964294e-17  1.1552651e-16]","[6.6563833e-17 4.4180613e-17 4.1086978e-17 ... 4.7610243e-17 0.0000000e+00
 4.9612655e-17]"
8203-57428-0728,[ 3609.9392  3610.7717  3611.6023 ... 10392.016  10394.412  10396.809 ],"[-1.3975162e-17 -8.6113730e-17 -3.8254513e-17 ... -3.0371958e-17
  1.0589002e-17  5.1551266e-17]","[5.3129645e-17 4.7799978e-17 4.6655058e-17 ... 4.1286662e-17 0.0000000e+00
 4.3935708e-17]"
8204-58146-0036,[ 3591.6995  3592.526   3593.3542 ... 10325.231  10327.612  10329.994 ],"[-1.00511854e-16  6.02990017e-18 -4.47387417e-18 ... -2.60182085e-17
 -1.66846168e-17  5.31808437e-18]","[6.3334242e-17 6.5244427e-17 6.2588614e-17 ... 2.6077585e-17 2.3211810e-17
 2.4985983e-17]"
8204-58146-0371,[ 3591.6995  3592.526   3593.3542 ... 10327.612  10329.994  10332.376 ],"[ 1.0112316e-16  5.1515869e-17  9.4415480e-17 ... -3.2566362e-17
 -8.4662961e-18  1.6388093e-18]","[8.7036301e-17 8.3526640e-17 7.6469301e-17 ... 1.7543485e-17 2.1036449e-17
 2.1000140e-17]"
8205-58143-0034,[ 3590.8735  3591.6995  3592.526  ... 10327.612  10329.994  10332.376 ],"[ 1.3351155e-17 -5.7382896e-17  3.8730740e-17 ... -6.3854502e-19
  8.2929780e-17 -9.7646567e-17]","[3.4199230e-17 3.3435246e-17 3.3824338e-17 ... 4.4639318e-17 2.9042354e-17
 3.7599750e-17]"
8205-58143-0710,[ 3584.264   3585.0903  3585.915  ... 10363.348  10365.737  10368.116 ],"[ 9.8323975e-17 -1.3877756e-19 -9.8558279e-17 ... -2.5881894e-18
 -2.7758421e-17 -5.2929620e-17]","[5.2778381e-17 0.0000000e+00 4.8907358e-17 ... 4.4681273e-17 0.0000000e+00
 4.6954957e-17]"
8206-57424-0026,[ 3568.6177  3569.4385  3570.2617 ... 10332.376  10334.747  10337.131 ],"[ 1.1462982e-16  1.3304861e-16  1.5146664e-16 ... -6.1299053e-17
 -1.4268355e-16  5.8364838e-17]","[3.9000381e-17 0.0000000e+00 4.1020780e-17 ... 3.3995555e-17 3.4195663e-17
 3.5918763e-17]"
8206-57424-0081,[ 3568.6177  3569.4385  3570.2617 ... 10327.612  10329.994  10332.376 ],"[-8.0608274e-17 -2.6589052e-17  2.7430934e-17 ... -3.7476228e-17
  1.1537228e-16  6.3185035e-18]","[4.4782979e-17 0.0000000e+00 4.8126050e-17 ... 3.2160087e-17 3.2261553e-17
 3.6026823e-17]"
8206-57424-0161,[ 3567.7969  3568.6177  3569.4385 ... 10329.994  10332.376  10334.747 ],"[ 9.1266424e-17  1.7050065e-17 -7.1120071e-18 ...  2.7103865e-17
 -1.9485096e-17 -9.1419068e-17]","[3.7075631e-17 3.6406843e-17 3.4739237e-17 ... 2.4679817e-17 2.6782184e-17
 2.7811013e-17]"
8206-57424-0291,[ 3568.6177  3569.4385  3570.2617 ... 10329.994  10332.376  10334.747 ],"[ 6.4817405e-18  2.3862255e-17  4.1242259e-17 ...  4.9964770e-17
  1.2936665e-17 -3.6330309e-17]","[3.6871536e-17 0.0000000e+00 3.7767204e-17 ... 2.0266405e-17 2.3275976e-17
 2.5334704e-17]"
8206-57424-0494,[ 3567.7969  3568.6177  3569.4385 ... 10329.994  10332.376  10334.747 ],"[ 2.8049898e-16 -1.6268045e-16  1.1341124e-16 ...  6.6571886e-17
  4.2025986e-17 -4.1257284e-17]","[4.2930419e-17 4.0256789e-17 3.9549765e-17 ... 2.6208220e-17 2.9894211e-17
 3.2931268e-17]"
8206-57424-0511,[ 3609.9392  3610.7717  3611.6023 ... 10392.016  10394.412  10396.809 ],"[-6.2336141e-18  1.6174900e-17  3.6458763e-17 ... -9.9593380e-17
 -6.3808142e-18  8.6830433e-17]","[2.1698824e-17 2.3072216e-17 2.3013387e-17 ... 5.1970570e-17 0.0000000e+00
 5.6336168e-17]"
8206-57424-0615,[ 3609.9392  3610.7717  3611.6023 ... 10392.016  10394.412  10396.809 ],"[ 9.3074588e-17  7.8832781e-17 -8.1187989e-17 ... -1.2433929e-16
 -2.9581438e-17  6.5175645e-17]","[2.5212278e-17 2.4822633e-17 2.4468333e-17 ... 4.9056244e-17 0.0000000e+00
 4.6794233e-17]"
8208-57430-0026,[ 3567.7969  3568.6177  3569.4385 ... 10325.231  10327.612  10329.994 ],"[ 7.4634217e-17  6.4330564e-17  2.9533408e-17 ...  4.5622642e-18
 -2.6536915e-17 -4.6036375e-19]","[5.7274184e-17 5.6775487e-17 3.1165833e-17 ... 2.6561937e-17 2.8715257e-17
 3.0805867e-17]"
8208-57430-0244,[ 3568.6177  3569.4385  3570.2617 ... 10325.231  10327.612  10329.994 ],"[-9.5938178e-18  7.4498368e-17  1.5867533e-16 ...  1.6080777e-17
  3.7852089e-17  6.6148500e-18]","[1.0600378e-16 0.0000000e+00 4.1013478e-17 ... 2.3403970e-17 2.6066377e-17
 2.6049355e-17]"
8208-57430-0398,[ 3568.6177  3569.4385  3570.2617 ... 10325.231  10327.612  10329.994 ],"[ 9.3372068e-17  5.1124162e-17  8.8054079e-18 ... -1.5558965e-17
 -8.2009275e-18  3.9320179e-18]","[5.8000819e-17 0.0000000e+00 1.9346360e-17 ... 2.0766207e-17 2.4137038e-17
 2.6034699e-17]"
8208-57430-0426,[ 3568.6177  3569.4385  3570.2617 ... 10325.231  10327.612  10329.994 ],"[-3.0917851e-17 -1.7241169e-17 -3.5427579e-18 ... -1.9374100e-17
 -3.8556440e-17 -1.8302390e-17]","[7.1978769e-17 0.0000000e+00 2.6186148e-17 ... 2.6021683e-17 2.8727662e-17
 2.9620878e-17]"
8208-57430-0896,[ 3609.9392  3610.7717  3611.6023 ... 10384.841  10387.236  10389.631 ],"[-4.9665109e-17  1.3169516e-17 -5.2131285e-17 ...  8.4523486e-17
  1.6167174e-17 -5.2190418e-17]","[3.3591908e-16 3.8200180e-16 4.9943038e-17 ... 4.6496295e-17 0.0000000e+00
 3.6049448e-17]"
8209-57427-0961,[ 3609.109   3609.9392  3610.7717 ... 10384.841  10387.236  10389.631 ],"[ 8.6854957e-18  3.3353931e-17 -1.5323425e-17 ...  1.6020743e-16
  2.0060314e-17 -1.2006758e-16]","[3.4739730e-17 2.3511952e-17 2.3407746e-17 ... 6.1879105e-17 0.0000000e+00
 3.3016659e-17]"
8210-57426-0120,[ 3570.2617  3571.083   3571.9065 ... 10327.612  10329.994  10332.376 ],"[-1.4430674e-16 -5.1475919e-17  4.1322191e-17 ...  7.8440553e-18
  1.6692609e-17 -4.1946101e-17]","[6.6109836e-17 0.0000000e+00 5.3293761e-17 ... 2.5864869e-17 2.1314510e-17
 2.3994197e-17]"
8210-57426-0161,[ 3570.2617  3571.083   3571.9065 ... 10327.612  10329.994  10332.376 ],"[ 2.8056186e-17 -1.5835254e-17 -5.9712468e-17 ... -2.4638860e-17
  4.6256612e-17 -6.5424997e-17]","[6.7896765e-17 0.0000000e+00 5.2413502e-17 ... 3.2440187e-17 2.7862312e-17
 3.2567987e-17]"
8211-57423-0216,[ 3567.7969  3568.6177  3569.4385 ... 10327.612  10329.994  10332.376 ],"[ 2.8421390e-17  5.5783224e-18 -1.6643585e-17 ...  2.4025352e-17
  9.0036409e-18 -2.1759740e-17]","[9.6946587e-17 4.9620954e-17 4.8072812e-17 ... 1.9365425e-17 1.7263736e-17
 2.0079417e-17]"
8211-57423-0880,[ 3604.1252  3604.9565  3605.786  ... 10380.064  10382.458  10384.841 ],"[-1.09074266e-16  1.42761282e-17  1.57436889e-16 ... -7.93847550e-17
 -3.84974820e-18  5.21143043e-17]","[6.3009127e-17 6.3304761e-17 6.2802953e-17 ... 4.7761064e-17 3.8231196e-17
 3.2279264e-17]"
8211-57423-0984,[ 3604.1252  3604.9565  3605.786  ... 10384.841  10387.236  10389.631 ],"[ 3.8473550e-17 -7.0432940e-17  1.4223046e-16 ...  4.1069253e-17
  1.6099066e-17 -8.8718826e-18]","[4.3680986e-17 4.6605444e-17 4.6067991e-17 ... 3.4504089e-17 0.0000000e+00
 4.0877628e-17]"
8211-57423-0989,[ 3604.1252  3604.9565  3605.786  ... 10384.841  10387.236  10389.631 ],"[ 7.7232544e-17  1.3759355e-18  7.1398831e-18 ...  6.7896798e-17
  8.1782884e-18 -5.1541895e-17]","[5.8609115e-17 5.3195489e-17 5.3077927e-17 ... 3.6143720e-17 0.0000000e+00
 4.3206165e-17]"
8212-58171-0134,[ 3596.666   3597.4934  3598.3208 ... 10322.862  10325.231  10327.612 ],"[-1.6011076e-16  1.3234732e-16  4.2335008e-17 ... -1.8640942e-17
 -1.6359829e-17 -1.7624719e-18]","[4.2014310e-17 4.4119650e-17 4.6778529e-17 ... 2.3129229e-17 2.7780897e-17
 3.2409330e-17]"
8212-58171-0965,[ 3589.22    3590.0457  3590.8735 ... 10360.958  10363.348  10365.737 ],"[-1.9300432e-17 -5.2613282e-18  7.4802016e-17 ... -1.0424879e-16
  5.0342182e-17  1.2154076e-16]","[5.3327381e-17 3.3555915e-17 3.9365075e-17 ... 8.0463326e-17 7.4066672e-17
 7.4451873e-17]"
8213-58193-0670,[ 3591.6995  3592.526   3593.3542 ... 10360.958  10363.348  10365.737 ],"[ 5.6816800e-17  3.7713600e-18 -4.9249857e-17 ...  1.6158454e-17
  5.2046227e-17  9.7409608e-18]","[9.9090209e-17 0.0000000e+00 7.3923199e-17 ... 4.9130783e-17 3.7440554e-17
 3.6676480e-17]"
8213-58487-0664,[ 3588.3923  3589.22    3590.0457 ... 10341.888  10344.272  10346.657 ],"[ 5.3729037e-17  3.1066085e-17  8.4150639e-18 ...  1.8534140e-17
 -1.9469441e-18 -2.3734202e-17]","[5.1263301e-17 0.0000000e+00 4.5966281e-17 ... 4.0032015e-17 4.0402598e-17
 3.5938920e-17]"
8214-57867-0328,[ 3581.7893  3582.6133  3583.4395 ... 10327.612  10329.994  10332.376 ],"[-1.5311808e-16 -7.0815753e-17  1.1448919e-17 ... -3.5537277e-17
 -2.9223798e-17  2.7626266e-17]","[5.0433645e-17 0.0000000e+00 5.2560125e-17 ... 2.2988711e-17 2.7687487e-17
 2.9780328e-17]"
8215-58197-0451,[ 3599.9788  3600.8088  3601.6372 ... 10327.612  10329.994  10332.376 ],"[-7.28468452e-17  1.27653755e-17  3.67013520e-17 ...  3.44482245e-17
  2.54517353e-17 -1.06372689e-17]","[7.2288293e-17 6.7512543e-17 5.9584155e-17 ... 2.2861813e-17 2.6810515e-17
 3.1474993e-17]"
8216-58172-0470,[ 3595.0098  3595.8367  3596.666  ... 10322.862  10325.231  10327.612 ],"[ 1.6593663e-16 -1.1960395e-16  8.6941778e-17 ...  2.7160335e-17
  3.1562979e-17  1.6565767e-17]","[7.1487609e-17 7.2218075e-17 7.4230156e-17 ... 2.5832733e-17 2.8754988e-17
 3.0339579e-17]"
8216-58172-0988,[ 3589.22    3590.0457  3590.8735 ... 10358.569  10360.958  10363.348 ],"[-2.9173935e-16 -1.4925853e-16 -6.8172198e-18 ... -1.0884496e-16
 -1.4068671e-16  8.8718290e-17]","[5.0747028e-17 0.0000000e+00 5.1407885e-17 ... 6.0257480e-17 6.4928205e-17
 6.6839833e-17]"
8218-57519-0251,[ 3575.1963  3576.0208  3576.8435 ... 10325.231  10327.612  10329.994 ],"[ 2.5504255e-17 -5.6940129e-17 -5.1363277e-17 ... -1.5505410e-17
 -1.0691799e-17  6.5139700e-18]","[4.5417926e-17 4.1420960e-17 4.6741296e-17 ... 1.7648226e-17 1.7269515e-17
 1.7544913e-17]"
8218-57519-0625,[ 3615.7625  3616.5962  3617.4282 ... 10384.841  10387.236  10389.631 ],"[ 2.2440664e-17  5.5752721e-17 -4.9618257e-17 ...  1.0541933e-16
  5.8464894e-17 -1.7115811e-17]","[3.3225476e-17 3.1109694e-17 2.9500798e-17 ... 9.4708355e-17 7.3964684e-17
 4.3366929e-17]"
8218-57519-0872,[ 3615.7625  3616.5962  3617.4282 ... 10384.841  10387.236  10389.631 ],"[ 1.2047045e-16  5.6447996e-17 -2.1268319e-17 ...  5.5216940e-17
  6.8639216e-17  5.0895477e-17]","[4.8060937e-17 4.5312133e-17 4.0888365e-17 ... 6.5963055e-17 5.6628884e-17
 3.6458263e-17]"
8219-57429-0353,[ 3570.2617  3571.083   3571.9065 ... 10329.994  10332.376  10334.747 ],"[ 5.7842398e-17  2.1939541e-17  2.8649185e-17 ...  2.9140365e-17
  2.1591454e-17 -7.1562909e-17]","[1.0843558e-16 4.3644521e-17 3.8450948e-17 ... 1.9911132e-17 2.3953936e-17
 2.6275538e-17]"
8220-57432-0639,[ 3610.7717  3611.6023  3612.435  ... 10382.458  10384.841  10387.236 ],"[-3.4210883e-17  2.5325388e-17 -2.2314064e-17 ...  2.9324037e-18
  1.5866787e-16  7.3281108e-17]","[4.1499000e-17 4.5203776e-17 4.4774668e-17 ... 6.6677553e-17 6.8508521e-17
 4.4974769e-17]"
8220-57432-0897,[ 3611.6023  3612.435   3613.266  ... 10382.458  10384.841  10387.236 ],"[ 9.9596665e-18  8.2667947e-17  7.9983427e-18 ... -4.2638236e-17
  1.0326960e-16 -2.5888050e-17]","[3.4858576e-17 3.8063262e-17 3.3670810e-17 ... 6.0933214e-17 5.7409326e-17
 5.2026269e-17]"
8221-58198-0106,[ 3599.1506  3599.9788  3600.8088 ... 10325.231  10327.612  10329.994 ],"[ 1.9925287e-17  4.1906809e-17 -9.7383626e-18 ... -1.6792094e-17
 -3.7204917e-18  2.6496762e-18]","[3.7263117e-17 3.6464447e-17 3.5210885e-17 ... 2.8069292e-17 2.7765406e-17
 2.8081472e-17]"
8221-58198-0415,[ 3599.1506  3599.9788  3600.8088 ... 10325.231  10327.612  10329.994 ],"[-3.2838996e-18  2.8670672e-17  5.5458344e-17 ...  3.0025111e-17
  3.2182716e-17  3.3783552e-17]","[5.0625869e-17 5.1360726e-17 5.1035945e-17 ... 2.6657781e-17 2.9426897e-17
 3.2081598e-17]"
8221-58198-0656,[ 3593.3542  3594.181   3595.0098 ... 10358.569  10360.958  10363.348 ],"[ 3.8558922e-17  5.3537078e-17  6.8522345e-17 ...  1.1318073e-16
 -3.5703789e-17  2.9463350e-17]","[3.5403926e-17 0.0000000e+00 3.4519329e-17 ... 5.8163959e-17 6.4626410e-17
 5.0503132e-17]"
8221-58198-0673,[ 3593.3542  3594.181   3595.0098 ... 10358.569  10360.958  10363.348 ],"[1.6772691e-16 9.5052879e-17 2.2363136e-17 ... 6.4471132e-17 3.6379380e-17
 4.1516149e-18]","[5.6030912e-17 0.0000000e+00 4.6955344e-17 ... 6.4559104e-17 6.7086809e-17
 4.6284200e-17]"
8221-58198-0888,[ 3593.3542  3594.181   3595.0098 ... 10363.348  10365.737  10368.116 ],"[ 2.08283301e-17  2.65760028e-17  3.23275650e-17 ...  3.00190429e-17
 -3.95671159e-17 -1.09156534e-16]","[3.5251916e-17 0.0000000e+00 3.3700529e-17 ... 4.9146721e-17 0.0000000e+00
 5.1287974e-17]"
8222-57431-0504,[ 3612.435   3613.266   3614.0994 ... 10387.236  10389.631  10392.016 ],"[ 3.1030966e-17 -2.6253705e-17  6.1677657e-17 ...  8.1247764e-17
  9.8078534e-17  1.4028269e-17]","[3.2903044e-17 3.2990530e-17 3.4152229e-17 ... 4.6100278e-17 4.5773340e-17
 4.3707621e-17]"
8222-57431-0890,[ 3612.435   3613.266   3614.0994 ... 10387.236  10389.631  10392.016 ],"[ 8.4484770e-18  8.5091434e-17  5.8748432e-17 ...  6.0233122e-17
  7.3411889e-17 -1.1095443e-17]","[4.7385862e-17 4.7967787e-17 4.5144523e-17 ... 5.2828204e-17 3.9705311e-17
 3.0873027e-17]"
8223-57429-0163,[ 3569.4385  3570.2617  3571.083  ... 10318.104  10320.482  10322.862 ],"[ 1.8344335e-17 -1.3952246e-17 -1.1168366e-16 ... -2.0942568e-16
  2.2030103e-17  6.6431318e-17]","[5.5992200e-17 5.5237692e-17 5.8865865e-17 ... 9.3497058e-17 6.9152650e-17
 3.9341643e-17]"
8223-57429-0215,[ 3569.4385  3570.2617  3571.083  ... 10318.104  10320.482  10322.862 ],"[-2.7765978e-16  2.7835414e-16 -1.3082788e-16 ... -9.6364781e-17
  8.9334401e-17  1.0709936e-16]","[5.0187599e-17 5.0686276e-17 4.9148094e-17 ... 8.8240207e-17 6.5444512e-17
 3.7291810e-17]"
8223-57429-0722,[ 3610.7717  3611.6023  3612.435  ... 10389.631  10392.016  10394.412 ],"[ 6.2154980e-17  3.1660285e-17  4.5681423e-17 ... -1.0126206e-16
 -1.1522813e-16 -1.2919461e-16]","[4.3954042e-17 4.4074168e-17 4.3281878e-17 ... 0.0000000e+00 0.0000000e+00
 2.9322203e-17]"
8223-57429-0882,[ 3610.7717  3611.6023  3612.435  ... 10389.631  10392.016  10394.412 ],"[ 1.0868229e-16 -9.4728517e-18  4.8872140e-17 ... -1.3571501e-16
 -1.5078420e-16 -1.6585379e-16]","[4.2625011e-17 4.0805888e-17 4.3186491e-17 ... 0.0000000e+00 0.0000000e+00
 2.6050788e-17]"
8224-57378-0154,[ 3568.6177  3569.4385  3570.2617 ... 10327.612  10329.994  10332.376 ],"[ 8.6232805e-17 -3.9007575e-17  5.1609698e-17 ...  2.8335753e-17
 -1.7949503e-18 -9.8687180e-18]","[5.6695912e-17 5.4151878e-17 4.7974391e-17 ... 2.2271701e-17 2.0228490e-17
 2.6476931e-17]"
8224-57378-0175,[ 3568.6177  3569.4385  3570.2617 ... 10327.612  10329.994  10332.376 ],"[ 7.3221234e-17 -1.2448965e-16  1.1089811e-16 ... -9.4687332e-18
  3.7247966e-17 -1.5326793e-17]","[4.8817334e-17 4.7265501e-17 4.3336111e-17 ... 2.1528408e-17 2.0519218e-17
 2.5241658e-17]"
8224-57378-0224,[ 3568.6177  3569.4385  3570.2617 ... 10327.612  10329.994  10332.376 ],"[ 4.9292243e-18  1.2618245e-16  1.9073286e-17 ... -5.4016090e-20
  3.8061958e-17 -2.6554344e-17]","[7.4060928e-17 5.8130759e-17 5.4108670e-17 ... 2.1095281e-17 2.0496819e-17
 2.4665565e-17]"
8225-57375-0016,[ 3567.7969  3568.6177  3569.4385 ... 10329.994  10332.376  10334.747 ],"[-3.2163926e-17 -1.8063868e-17 -3.9648653e-18 ...  5.8469506e-17
  2.2331853e-17 -4.2926806e-17]","[4.3661908e-17 0.0000000e+00 2.8625336e-17 ... 2.2229758e-17 2.8104927e-17
 3.0296373e-17]"
8225-57375-0164,[ 3567.7969  3568.6177  3569.4385 ... 10329.994  10332.376  10334.747 ],"[ 5.7900228e-17  2.9000575e-17  1.0408321e-19 ...  1.4619739e-17
 -1.0580482e-17 -6.2389357e-17]","[4.5478079e-17 0.0000000e+00 4.0904753e-17 ... 1.7918727e-17 2.6157471e-17
 2.5621355e-17]"
8225-57375-0238,[ 3566.9744  3567.7969  3568.6177 ... 10329.994  10332.376  10334.747 ],"[-5.7631837e-17  1.1205747e-16  1.3860424e-16 ...  3.6159817e-17
  4.1108866e-18 -5.8425626e-17]","[4.6290897e-17 5.9373661e-17 5.6612823e-17 ... 1.5975930e-17 1.9807619e-17
 2.1528143e-17]"
8225-57375-0447,[ 3566.9744  3567.7969  3568.6177 ... 10329.994  10332.376  10334.747 ],"[-4.4892677e-17 -5.1445592e-17  1.9545146e-17 ...  6.5196649e-17
  2.5878238e-17 -6.3110764e-17]","[4.1710500e-17 3.7480162e-17 4.2495114e-17 ... 1.9453445e-17 2.4204375e-17
 2.5601217e-17]"
8226-57423-0907,[ 3609.9392  3610.7717  3611.6023 ... 10353.806  10356.193  10358.569 ],"[-1.7833870e-16  8.2835183e-17  2.2538413e-17 ... -5.5901686e-17
 -2.5375413e-18 -1.9296562e-17]","[3.3012649e-17 3.1989099e-17 3.4312398e-17 ... 5.0074596e-17 5.8205920e-17
 4.2146288e-17]"
8226-57423-0943,[ 3609.109   3609.9392  3610.7717 ... 10358.569  10360.958  10363.348 ],"[-8.5167456e-17 -5.1902890e-17  2.2494247e-17 ... -3.2597871e-17
 -4.1282827e-18  2.4341401e-17]","[4.3544888e-17 4.1532034e-17 4.1686065e-17 ... 4.2117079e-17 0.0000000e+00
 6.8834735e-17]"
8226-57423-0997,[ 3609.9392  3610.7717  3611.6023 ... 10358.569  10360.958  10363.348 ],"[-5.6012026e-17 -8.3311878e-18  1.0807408e-16 ... -3.2841552e-19
  3.7192636e-19  1.0722543e-18]","[3.5635871e-17 3.7243182e-17 3.6693593e-17 ... 3.5392683e-17 0.0000000e+00
 4.8508846e-17]"
8227-57427-0579,[ 3610.7717  3611.6023  3612.435  ... 10384.841  10387.236  10389.631 ],"[ 1.1790581e-16 -1.8125166e-16  1.6697809e-16 ...  4.4578629e-17
 -6.8739995e-18 -5.8326543e-17]","[4.0648612e-17 3.8400159e-17 3.8029953e-17 ... 5.6599734e-17 0.0000000e+00
 5.7105029e-17]"
8227-57427-0862,[ 3610.7717  3611.6023  3612.435  ... 10384.841  10387.236  10389.631 ],"[ 3.4875721e-17 -1.6780654e-18 -2.2868480e-17 ...  1.5425641e-16
  4.1210330e-17 -7.1841338e-17]","[3.7919415e-17 3.3970382e-17 3.2165808e-17 ... 7.4369916e-17 0.0000000e+00
 5.0711241e-17]"
8228-57423-0070,[ 3565.3318  3566.1538  3566.9744 ... 10318.104  10320.482  10322.862 ],"[ 4.6980937e-17 -1.8936621e-17 -1.7636316e-18 ... -7.8749758e-17
  3.8169823e-17  3.1541684e-17]","[5.7968288e-17 5.2766377e-17 5.5332292e-17 ... 3.0221186e-17 2.2011599e-17
 2.0553094e-17]"
8229-57430-0020,[ 3569.4385  3570.2617  3571.083  ... 10315.736  10318.104  10320.482 ],"[ 3.95926228e-17  1.15889443e-17  1.04353036e-16 ... -3.89693952e-17
 -1.07063734e-16  2.20152900e-18]","[7.9167140e-17 5.2422843e-17 5.4307193e-17 ... 3.3344385e-17 3.5224292e-17
 3.7597142e-17]"
8229-57430-0080,[ 3569.4385  3570.2617  3571.083  ... 10315.736  10318.104  10320.482 ],"[ 1.2023484e-16  4.7085036e-17  9.9324854e-18 ... -5.1515703e-17
 -5.6787458e-17  8.8816988e-18]","[9.6246210e-17 5.3885748e-17 5.3899860e-17 ... 2.8963948e-17 3.2067642e-17
 3.3120805e-17]"
8229-57430-0327,[ 3569.4385  3570.2617  3571.083  ... 10318.104  10320.482  10322.862 ],"[ 7.9931085e-17 -3.3780680e-17 -5.4283238e-17 ... -3.1125172e-17
  3.6323579e-17  5.7077447e-17]","[9.5157097e-17 4.2002805e-17 3.8789794e-17 ... 2.8574838e-17 2.6261615e-17
 2.1598758e-17]"
8229-57430-0741,[ 3610.7717  3611.6023  3612.435  ... 10389.631  10392.016  10394.412 ],"[ 1.1906673e-16  1.3837893e-17 -2.2230214e-17 ...  1.1235529e-16
  1.8504893e-18 -1.0865733e-16]","[4.9857488e-17 4.3096633e-17 4.2308608e-17 ... 6.6118399e-17 0.0000000e+00
 4.7408914e-17]"
8230-57430-0257,[ 3570.2617  3571.083   3571.9065 ... 10322.862  10325.231  10327.612 ],"[ 1.0595195e-17  7.0227684e-18 -2.8771046e-17 ... -1.7962876e-17
  1.7644787e-17  1.9419519e-17]","[1.2515002e-16 5.5777589e-17 5.2296704e-17 ... 1.8304260e-17 2.4858230e-17
 2.1301563e-17]"
8230-57430-0656,[ 3611.6023  3612.435   3613.266  ... 10382.458  10384.841  10387.236 ],"[ 1.0196139e-16  2.9080911e-17  5.2002602e-17 ... -1.3997084e-16
 -3.9654509e-17  6.0663348e-17]","[5.0879066e-17 4.8541126e-17 4.8380917e-17 ... 1.1669681e-16 0.0000000e+00
 2.8624827e-17]"
8230-57430-0698,[ 3611.6023  3612.435   3613.266  ... 10382.458  10384.841  10387.236 ],"[-3.7862816e-17 -1.8807084e-17 -6.3902945e-17 ... -1.0381263e-16
  3.0862886e-17  1.6554121e-16]","[4.13920881e-17 4.04148271e-17 3.91693942e-17 ... 1.10853094e-16
 0.00000000e+00 3.86057567e-17]"
8231-58199-0185,[ 3599.9788  3600.8088  3601.6372 ... 10327.612  10329.994  10332.376 ],"[ 7.7478540e-17  9.4469737e-17  2.6385333e-17 ...  4.7836695e-17
  2.8279018e-18 -3.8392764e-17]","[6.6823356e-17 6.9404364e-17 6.3622782e-17 ... 2.0477255e-17 2.1888931e-17
 2.1672187e-17]"
8231-58199-0308,[ 3599.9788  3600.8088  3601.6372 ... 10325.231  10327.612  10329.994 ],"[ 2.3278188e-17 -5.1258930e-17  5.7005867e-17 ...  4.2335389e-18
 -2.3374066e-17  4.8488788e-20]","[6.2179332e-17 6.5481927e-17 6.4192504e-17 ... 2.6844205e-17 2.3275006e-17
 2.9106381e-17]"
8232-58135-0688,[ 3585.915   3586.74    3587.5671 ... 10363.348  10365.737  10368.116 ],"[ 4.7218613e-17  1.5567248e-17 -1.6072407e-17 ... -1.6975134e-17
  3.6338140e-17  8.9654785e-17]","[3.8441584e-17 0.0000000e+00 3.6829171e-17 ... 6.3522879e-17 0.0000000e+00
 7.1495682e-17]"
8232-58135-0714,[ 3585.915   3586.74    3587.5671 ... 10358.569  10360.958  10363.348 ],"[-3.2114030e-17 -8.3804406e-18  1.5339768e-17 ...  9.5760489e-17
 -9.5343381e-19  3.5612441e-17]","[4.4680091e-17 0.0000000e+00 4.1780790e-17 ... 3.0384703e-17 3.0952486e-17
 3.5252965e-17]"
8233-57887-0701,[ 3616.5962  3617.4282  3618.2625 ... 10363.348  10365.737  10368.116 ],"[ 9.3986908e-17  6.6859900e-18  5.3399145e-18 ...  6.7676424e-17
  1.1674371e-17 -4.4328513e-17]","[2.8151047e-17 2.8792840e-17 2.6073075e-17 ... 4.0609115e-17 0.0000000e+00
 4.5190267e-17]"
8234-57450-0322,[ 3575.1963  3576.0208  3576.8435 ... 10327.612  10329.994  10332.376 ],"[-4.8453107e-17 -5.3574222e-18  3.7719737e-17 ... -1.9392591e-17
  4.2908538e-17 -1.7017706e-17]","[5.0333547e-17 0.0000000e+00 4.7757044e-17 ... 1.6897439e-17 1.9423233e-17
 1.9024277e-17]"
8234-57450-0352,[ 3575.1963  3576.0208  3576.8435 ... 10327.612  10329.994  10332.376 ],"[ 2.0752368e-17  1.8414081e-17  1.6076975e-17 ... -2.2127222e-18
  4.3481990e-17  6.5389752e-18]","[5.1646984e-17 0.0000000e+00 4.8487892e-17 ... 1.6393747e-17 1.9251595e-17
 1.9646929e-17]"
8234-57450-0869,[ 3614.0994  3614.9307  3615.7625 ... 10377.672  10380.064  10382.458 ],"[ 7.0406623e-17 -1.3996793e-16  1.3582369e-16 ...  4.2635996e-16
 -3.6757103e-16 -1.4382033e-16]","[4.2251562e-17 3.7198868e-17 3.7256370e-17 ... 2.8439729e-16 1.8305960e-16
 1.4783451e-16]"
8235-58191-0149,[ 3600.8088  3601.6372  3602.4678 ... 10327.612  10329.994  10332.376 ],"[-5.3644899e-17 -8.8405226e-18  1.4302060e-16 ...  1.2111326e-17
  4.1605997e-17 -3.1134168e-17]","[5.7249951e-17 5.7469002e-17 5.9427256e-17 ... 2.1843444e-17 2.0288189e-17
 2.7405235e-17]"
8235-58191-0839,[ 3593.3542  3594.181   3595.0098 ... 10365.737  10368.116  10370.507 ],"[-1.4687432e-18  8.0239742e-17  6.4842113e-17 ...  1.9914975e-16
 -2.1994610e-17 -2.4313792e-16]","[3.0992214e-17 3.8416157e-17 2.7921760e-17 ... 6.3587604e-17 0.0000000e+00
 5.0400260e-17]"
8236-58197-0040,[ 3597.4934  3598.3208  3599.1506 ... 10325.231  10327.612  10329.994 ],"[-6.8224567e-17 -1.2926896e-17  7.5231898e-17 ... -1.0285004e-17
 -3.1336278e-17 -1.9880575e-18]","[8.9944265e-17 6.7186409e-17 6.6870313e-17 ... 3.3247989e-17 3.0463977e-17
 3.6471694e-17]"
8236-58197-0846,[ 3591.6995  3592.526   3593.3542 ... 10363.348  10365.737  10368.116 ],"[-2.6734217e-18  2.1578540e-17  4.5827828e-17 ...  9.3474943e-17
  4.4892898e-17 -3.6893992e-18]","[1.0348982e-16 0.0000000e+00 4.3451182e-17 ... 4.5743174e-17 0.0000000e+00
 4.7792027e-17]"
8236-58197-0907,[ 3591.6995  3592.526   3593.3542 ... 10363.348  10365.737  10368.116 ],"[-1.7682819e-17 -2.4712322e-17 -3.1741114e-17 ... -1.3933803e-18
  2.3104021e-18  6.0142081e-18]","[1.0788791e-16 0.0000000e+00 3.7488342e-17 ... 4.8499942e-17 0.0000000e+00
 5.1910669e-17]"
8236-58500-0846,[ 3585.915   3586.74    3587.5671 ... 10346.657  10349.043  10351.419 ],"[ 2.8582108e-17  3.8902013e-17 -2.6126357e-17 ... -3.1078668e-17
 -4.6704583e-17 -2.7495492e-17]","[4.5628619e-17 4.7402144e-17 3.4356351e-17 ... 4.1458028e-17 6.2644585e-17
 6.9291080e-17]"
8237-58162-0398,[ 3596.666   3597.4934  3598.3208 ... 10325.231  10327.612  10329.994 ],"[-8.5049645e-17  1.1604215e-16  3.0492461e-17 ... -2.7154444e-17
  9.1607995e-18  5.0792771e-17]","[6.4053201e-17 6.2594669e-17 6.0387176e-17 ... 2.7209358e-17 2.5514757e-17
 2.9441926e-17]"
8237-58162-0572,[ 3590.8735  3591.6995  3592.526  ... 10344.272  10346.657  10349.043 ],"[ 5.7774145e-17  2.4924303e-17 -7.9065860e-18 ... -1.3812252e-17
 -5.4980813e-17 -3.1981433e-18]","[6.7462071e-17 0.0000000e+00 4.5734836e-17 ... 4.1249141e-17 4.7795055e-17
 6.9549703e-17]"
8238-58171-0520,[ 3590.8735  3591.6995  3592.526  ... 10358.569  10360.958  10363.348 ],"[ 9.5505457e-19  4.8431683e-17  4.0750788e-17 ...  8.9488667e-17
 -4.2417302e-17 -5.3333833e-17]","[2.7122198e-17 2.7652347e-17 2.8775241e-17 ... 4.8595054e-17 4.7055761e-17
 4.5420398e-17]"
8238-58171-0746,[ 3590.8735  3591.6995  3592.526  ... 10360.958  10363.348  10365.737 ],"[6.2065803e-17 3.1171428e-17 2.8854099e-18 ... 2.8392472e-17 1.4783376e-16
 1.5045068e-16]","[3.3776603e-17 2.7294603e-17 2.7094728e-17 ... 4.9608271e-17 4.6267600e-17
 4.2127167e-17]"
8278-56990-0638,[ 3604.9565  3605.786   3606.6172 ... 10375.279  10377.672  10380.064 ],"[ 2.2101030e-17  5.0994067e-17  1.3117893e-17 ...  1.8631457e-17
  3.5881437e-17 -2.3253035e-17]","[4.3129363e-17 3.7468052e-17 3.5679096e-17 ... 1.6953743e-16 3.0727430e-16
 1.2439834e-16]"
8280-57061-0392,[ 3561.2297  3562.0508  3562.8704 ... 10327.612  10329.994  10332.376 ],"[ 4.4806211e-16 -2.6209351e-16  3.0739397e-16 ...  3.3705770e-17
  3.0113431e-17 -1.8819041e-17]","[1.0185949e-16 9.8910889e-17 7.7381271e-17 ... 1.8379440e-17 1.8286172e-17
 2.2756837e-17]"
8282-57041-0268,[ 3562.8704  3563.69    3564.5117 ... 10327.612  10329.994  10332.376 ],"[ 2.1608259e-16 -8.1953184e-17  2.3790983e-17 ...  1.7008835e-17
  4.4582775e-17 -4.5853828e-17]","[9.4347268e-17 6.9616923e-17 6.8360601e-17 ... 2.6663054e-17 2.3093103e-17
 2.9287058e-17]"
8283-57064-0212,[ 3566.9744  3567.7969  3568.6177 ... 10332.376  10334.747  10337.131 ],"[-1.33545944e-17  1.85970782e-17  1.14864656e-16 ...  1.32067276e-17
 -3.99625223e-18 -6.89164369e-18]","[4.5548654e-17 4.7492509e-17 4.7090410e-17 ... 2.4403157e-17 2.6087677e-17
 2.3779510e-17]"
8286-57062-0192,[ 3567.7969  3568.6177  3569.4385 ... 10332.376  10334.747  10337.131 ],"[ 1.1626651e-16  5.5868103e-17 -4.5354590e-18 ...  4.4243138e-17
 -6.1570024e-17 -7.2456323e-17]","[4.7315945e-17 0.0000000e+00 4.3493501e-17 ... 5.2545421e-17 7.0875833e-17
 6.9375956e-17]"
8288-57419-0150,[ 3567.7969  3568.6177  3569.4385 ... 10325.231  10327.612  10329.994 ],"[-5.5831978e-17 -1.1574866e-17  3.2679266e-17 ...  7.4861516e-18
  8.4213754e-19 -3.7467969e-18]","[5.9536404e-17 0.0000000e+00 4.8991648e-17 ... 2.3130865e-17 2.1833661e-17
 2.1234166e-17]"
8291-57391-0411,[ 3566.9744  3567.7969  3568.6177 ... 10325.231  10327.612  10329.994 ],"[-5.5974518e-17 -3.6315770e-17 -7.8900904e-18 ... -1.6553418e-17
  6.8326330e-18  3.4376067e-18]","[4.7750675e-17 2.9821052e-17 3.0093281e-17 ... 2.2850173e-17 2.4956742e-17
 2.8265135e-17]"
8291-57391-0701,[ 3609.109   3609.9392  3610.7717 ... 10380.064  10382.458  10384.841 ],"[-9.2159746e-17  3.5510903e-17  1.2870646e-16 ... -3.4898284e-17
  7.2679637e-18  1.9469207e-16]","[1.05306544e-16 1.11418092e-16 1.12362944e-16 ... 2.98370956e-16
 1.42707859e-16 6.45652452e-17]"
8293-57361-0129,[ 3569.4385  3570.2617  3571.083  ... 10325.231  10327.612  10329.994 ],"[ 6.08347467e-17  1.03224133e-16 -1.61502449e-17 ...  5.53169135e-18
  1.86702460e-18 -9.16909112e-18]","[6.9734072e-17 4.8461405e-17 3.9440041e-17 ... 1.7557258e-17 2.0071460e-17
 2.2144040e-17]"
8293-57361-0200,[ 3570.2617  3571.083   3571.9065 ... 10325.231  10327.612  10329.994 ],"[ 9.2114979e-17 -3.8214764e-18 -9.9774618e-17 ... -3.5712590e-17
 -2.3665042e-17 -4.2289493e-18]","[5.5975689e-17 0.0000000e+00 4.3951180e-17 ... 1.5651246e-17 1.7621733e-17
 1.9780630e-17]"
8296-57375-0128,[ 3570.2617  3571.083   3571.9065 ... 10327.612  10329.994  10332.376 ],"[1.03702581e-16 7.37631628e-17 4.38329657e-17 ... 1.37163635e-17
 3.11716264e-17 3.30424509e-17]","[6.5955015e-17 0.0000000e+00 5.7378184e-17 ... 2.8473724e-17 2.5378909e-17
 2.8361876e-17]"
8297-57416-0784,[ 3608.2788  3609.109   3609.9392 ... 10380.064  10382.458  10384.841 ],"[-7.9471437e-17  9.3385667e-17 -1.1571386e-16 ... -2.5249618e-16
 -7.2804242e-17  9.6245058e-17]","[9.3097232e-17 9.7088028e-17 9.5769231e-17 ... 1.9652209e-16 1.1560386e-16
 3.3093111e-17]"
8298-57390-0288,[ 3568.6177  3569.4385  3570.2617 ... 10327.612  10329.994  10332.376 ],"[ 3.0849339e-18  1.2935904e-16 -2.2490006e-16 ... -1.6683230e-17
 -2.7255411e-17 -2.0459861e-17]","[1.1724863e-16 1.1509959e-16 6.0083084e-17 ... 1.9636558e-17 2.0637169e-17
 2.0671890e-17]"
8298-57390-0466,[ 3569.4385  3570.2617  3571.083  ... 10327.612  10329.994  10332.376 ],"[-7.97948116e-17 -3.26890297e-17  1.44290971e-17 ... -2.98382659e-18
  1.30144354e-17 -8.81189468e-18]","[3.1585885e-17 0.0000000e+00 2.9512405e-17 ... 3.2358955e-17 3.2932714e-17
 3.4152044e-17]"
8298-57390-0527,[3609.9392 3610.7717 3611.6023 ... 8068.6343 8070.49   8072.3516],"[ 7.8532415e-17  1.6677369e-16 -1.6611559e-16 ... -2.8336333e-18
  3.9442676e-18  6.5458416e-19]","[4.1574706e-17 4.3965500e-17 4.0496328e-17 ... 2.3053236e-18 1.9848085e-18
 2.0336287e-18]"
8299-57346-0110,[ 3569.4385  3570.2617  3571.083  ... 10327.612  10329.994  10332.376 ],"[ 4.8820489e-18  5.9983254e-17  5.8442064e-17 ... -2.4157557e-17
 -8.5044143e-18 -6.7858593e-18]","[1.0317803e-16 4.6290940e-17 4.6913380e-17 ... 2.0327236e-17 1.7177719e-17
 2.0588277e-17]"
8299-57346-0576,[ 3609.9392  3610.7717  3611.6023 ... 10382.458  10384.841  10387.236 ],"[ 6.4620137e-17  6.3690644e-17  1.2782271e-17 ... -1.2084647e-16
  8.9050493e-17  7.7949590e-17]","[4.2351700e-17 4.4300462e-17 4.3779983e-17 ... 8.1613477e-17 6.3584553e-17
 5.7106551e-17]"
8301-57390-0089,[ 3570.2617  3571.083   3571.9065 ... 10320.482  10322.862  10325.231 ],"[ 2.1384831e-17  6.6271798e-17  1.1113644e-16 ... -5.8160508e-18
  3.8169535e-17  1.4148675e-17]","[6.0939732e-17 0.0000000e+00 6.0213236e-17 ... 2.9453890e-17 2.1684876e-17
 1.9508595e-17]"
8301-57390-0294,[ 3569.4385  3570.2617  3571.083  ... 10320.482  10322.862  10325.231 ],"[-2.4019094e-16  6.1594793e-17  1.5642371e-16 ...  6.9168930e-18
  3.1064430e-17  7.7413658e-18]","[4.2878343e-17 4.2348918e-17 3.8907406e-17 ... 4.9773777e-17 3.2701447e-17
 2.7420508e-17]"
8301-57390-0312,[ 3569.4385  3570.2617  3571.083  ... 10322.862  10325.231  10327.612 ],"[ 7.0932021e-17  2.9888611e-16 -2.9585016e-16 ...  2.8409210e-17
  2.7492256e-17  5.5420493e-18]","[8.4497360e-17 7.0300174e-17 6.8865208e-17 ... 2.3642858e-17 1.9800902e-17
 2.2062742e-17]"
8302-57389-0121,[ 3569.4385  3570.2617  3571.083  ... 10322.862  10325.231  10327.612 ],"[-4.3991235e-17 -7.2745367e-17 -1.0149858e-16 ... -1.7270814e-18
 -7.6674669e-19 -5.7719559e-18]","[6.4649108e-17 0.0000000e+00 4.3043518e-17 ... 2.1690441e-17 1.9137632e-17
 2.0117542e-17]"
8306-57419-0922,[ 3611.6023  3612.435   3613.266  ... 10377.672  10380.064  10382.458 ],"[-5.0073785e-17  5.8190707e-17  5.6923658e-17 ...  4.2325678e-18
 -5.7302533e-17 -1.1883944e-16]","[4.2733090e-17 4.5415915e-17 4.5670488e-17 ... 5.1933714e-17 0.0000000e+00
 1.2580074e-16]"
8308-57417-0241,[ 3565.3318  3566.1538  3566.9744 ... 10327.612  10329.994  10332.376 ],"[-4.6921711e-17 -3.4979979e-17 -2.3034330e-17 ...  6.7411508e-17
  3.4569069e-17 -1.1802206e-16]","[6.9582122e-17 0.0000000e+00 2.7892775e-17 ... 4.6366676e-17 4.7591006e-17
 4.3979062e-17]"
8357-58157-0461,[ 3596.666   3597.4934  3598.3208 ... 10325.231  10327.612  10329.994 ],"[ 7.6473218e-17  3.5003885e-17  9.1231907e-17 ... -3.6899822e-17
  2.2909060e-17  2.5018076e-17]","[6.6152598e-17 6.7189089e-17 6.3940287e-17 ... 3.4775778e-17 3.5612250e-17
 3.9390056e-17]"
8358-57451-0762,[ 3615.7625  3616.5962  3617.4282 ... 10387.236  10389.631  10392.016 ],"[ 8.4414225e-17 -1.1383105e-17 -2.6196350e-17 ...  4.8403417e-17
  4.1980872e-17  1.7291495e-18]","[5.0140684e-17 4.5334907e-17 4.3068535e-17 ... 3.1791304e-17 2.9230257e-17
 2.9399270e-17]"
8360-57452-0118,[ 3573.552   3574.374   3575.1963 ... 10325.231  10327.612  10329.994 ],"[-3.00700501e-18  5.28032597e-17  3.42426469e-17 ... -1.30313719e-17
  1.22557545e-17  3.55156489e-18]","[2.7268973e-17 2.8114059e-17 2.7415962e-17 ... 2.0244723e-17 2.2783699e-17
 2.5296369e-17]"
8360-57452-0234,[ 3573.552   3574.374   3575.1963 ... 10325.231  10327.612  10329.994 ],"[ 2.1498072e-17  2.0593548e-17  2.8640811e-17 ...  4.7828964e-18
 -7.0410855e-18 -2.5685351e-17]","[2.7654071e-17 2.6109903e-17 2.5607125e-17 ... 1.7970811e-17 1.8322593e-17
 2.0896912e-17]"
8360-57452-0348,[ 3573.552   3574.374   3575.1963 ... 10325.231  10327.612  10329.994 ],"[ 3.2296010e-17 -2.2534554e-17  2.7152185e-17 ... -9.1931191e-18
  6.8170560e-19 -5.7630552e-19]","[3.7314415e-17 2.6561221e-17 2.8526425e-17 ... 1.4836575e-17 1.6216252e-17
 1.7048305e-17]"
8362-57732-0028,[ 3576.0208  3576.8435  3577.6682 ... 10327.612  10329.994  10332.376 ],"[ 1.3378020e-16  1.4977865e-17  4.8657761e-17 ... -2.9077811e-17
  1.1951467e-17 -3.7228428e-17]","[9.5555990e-17 6.7203171e-17 6.4513364e-17 ... 3.4592114e-17 2.9286842e-17
 3.2576937e-17]"
8362-57732-0060,[ 3576.8435  3577.6682  3578.4915 ... 10327.612  10329.994  10332.376 ],"[ 4.3746824e-16  2.9852448e-16  1.5957705e-16 ... -2.4757866e-17
  8.2191371e-18 -7.8938752e-17]","[4.2255191e-17 0.0000000e+00 4.1801116e-17 ... 3.2810715e-17 2.8995529e-17
 3.1415909e-17]"
8364-58138-0306,[ 3595.0098  3595.8367  3596.666  ... 10327.612  10329.994  10332.376 ],"[ 4.8664756e-17 -4.3171754e-17 -5.6860412e-18 ...  2.4772010e-17
  2.9530103e-17 -1.3752367e-17]","[5.0348088e-17 4.6894226e-17 4.8148963e-17 ... 2.4631283e-17 3.3539034e-17
 3.6767831e-17]"
8364-58138-0960,[ 3586.74    3587.5671  3588.3923 ... 10346.657  10349.043  10351.419 ],"[ 4.9257472e-18  6.6876289e-17  1.9295616e-17 ...  6.5456820e-18
 -4.0112188e-17  1.9286472e-17]","[5.0567093e-17 4.3080125e-17 3.2565068e-17 ... 3.6580494e-17 5.6086928e-17
 9.2662579e-17]"
8368-57431-0454,[ 3573.552   3574.374   3575.1963 ... 10325.231  10327.612  10329.994 ],"[ 1.6414842e-17  8.6564312e-17 -2.0448667e-17 ... -1.2562600e-18
  4.1327234e-18  5.5665434e-18]","[3.9033171e-17 3.8128139e-17 3.5278704e-17 ... 1.7561301e-17 1.8501057e-17
 1.9162115e-17]"
8369-57451-0718,[ 3614.9307  3615.7625  3616.5962 ... 10384.841  10387.236  10389.631 ],"[ 1.1872805e-16  7.4683682e-17  1.4931945e-17 ...  4.5946435e-17
  1.9853784e-17 -3.1835158e-17]","[4.5901483e-17 4.5357254e-17 3.9388336e-17 ... 3.9316053e-17 3.5925923e-17
 3.7918416e-17]"
8369-57451-0800,[ 3614.9307  3615.7625  3616.5962 ... 10384.841  10387.236  10389.631 ],"[ 7.3627826e-18  5.7475215e-17  1.7278372e-17 ...  3.0876316e-17
 -1.6991100e-17 -5.7778711e-17]","[4.0505063e-17 4.2626721e-17 3.7355103e-17 ... 4.4386942e-17 3.8539509e-17
 3.7346626e-17]"
8371-57751-0524,[ 3609.9392  3610.7717  3611.6023 ... 10358.569  10360.958  10363.348 ],"[-5.7871825e-17 -2.8860980e-17 -6.9618597e-17 ...  2.2623599e-16
  9.2428586e-17 -5.1373428e-17]","[7.1689937e-17 6.4464660e-17 5.7212304e-17 ... 1.2131979e-16 7.3211109e-17
 5.6286808e-17]"
8371-57786-0524,[ 3611.6023  3612.435   3613.266  ... 10356.193  10358.569  10360.958 ],"[-2.3589525e-17 -6.1020981e-17  8.9708307e-17 ... -7.4721362e-17
  6.3724108e-17 -5.3663187e-17]","[5.9605126e-17 6.0392721e-17 7.0668045e-17 ... 7.8054675e-17 4.7028030e-17
 4.1703191e-17]"
8372-57787-0100,[ 3576.8435  3577.6682  3578.4915 ... 10332.376  10334.747  10337.131 ],"[-2.3752266e-17 -1.4657166e-17  7.2982774e-18 ... -4.5058311e-18
 -4.4688373e-17 -3.7209585e-17]","[8.1711018e-17 4.2874545e-17 4.3382410e-17 ... 2.3978993e-17 2.5431895e-17
 2.8400459e-17]"
8376-57786-0133,[ 3578.4915  3579.3167  3580.14   ... 10329.994  10332.376  10334.747 ],"[-5.6559096e-17 -6.5249125e-17 -7.3941390e-17 ... -4.9693361e-19
 -5.1875577e-18 -5.7133084e-18]","[4.6479007e-17 0.0000000e+00 4.2869529e-17 ... 1.7485038e-17 1.9951940e-17
 2.5247089e-17]"
8377-57783-0085,[ 3577.6682  3578.4915  3579.3167 ... 10329.994  10332.376  10334.747 ],"[-9.5244990e-17 -6.0806113e-17 -2.6329703e-17 ...  2.3373211e-17
  1.5568379e-18 -3.0546175e-17]","[2.3850739e-17 0.0000000e+00 2.2149769e-17 ... 2.6043026e-17 2.6855851e-17
 3.0044924e-17]"
8378-57785-0528,[ 3609.9392  3610.7717  3611.6023 ... 10356.193  10358.569  10360.958 ],"[ 3.7991101e-16 -1.0243070e-16 -4.8906187e-17 ... -2.6886660e-18
  2.8368235e-17  3.8687763e-17]","[1.00826256e-16 8.89978113e-17 5.03922069e-17 ... 4.71949917e-17
 2.95452702e-17 3.23010026e-17]"
8379-57787-0522,[ 3610.7717  3611.6023  3612.435  ... 10337.131  10339.515  10341.888 ],"[-1.1958570e-17 -1.8191801e-17 -3.9713560e-17 ...  1.9170796e-18
  2.6566330e-18 -1.7111778e-17]","[3.1475003e-17 3.2636831e-17 3.0062811e-17 ... 2.0934562e-17 2.4147346e-17
 3.1676438e-17]"
8381-57512-0497,[ 3572.7283  3573.552   3574.374  ... 10329.994  10332.376  10334.747 ],"[ 8.1318465e-17  6.0375668e-17  3.9442073e-17 ...  1.6713636e-17
 -2.3506309e-17 -3.2309218e-17]","[7.0964096e-17 0.0000000e+00 5.5917773e-17 ... 2.4189957e-17 3.1241569e-17
 3.4504939e-17]"
8383-57518-0525,[ 3617.4282  3618.2625  3619.0947 ... 10387.236  10389.631  10392.016 ],"[ 3.41359340e-17  1.17696700e-17  3.83038820e-17 ...  2.08088321e-16
  5.26820645e-17 -1.02729837e-16]","[4.7673082e-17 4.4320211e-17 4.2274230e-17 ... 1.7658837e-16 0.0000000e+00
 4.1046892e-17]"
8384-57513-0088,[ 3575.1963  3576.0208  3576.8435 ... 10327.612  10329.994  10332.376 ],"[ 9.4797102e-17  7.2081339e-17  4.9376287e-17 ...  1.8829193e-17
  1.5494714e-17 -1.8279829e-18]","[5.6569016e-17 0.0000000e+00 4.3787822e-17 ... 2.3950905e-17 2.3766595e-17
 2.4261389e-17]"
8385-57511-0141,[ 3571.083   3571.9065  3572.7283 ... 10325.231  10327.612  10329.994 ],"[1.6540726e-16 2.0987514e-16 5.3047738e-17 ... 5.0047599e-18 3.3229807e-17
 3.8809253e-17]","[9.5620226e-17 4.7556698e-17 4.5339324e-17 ... 2.5684272e-17 2.3197296e-17
 2.4943148e-17]"
8386-57518-0583,[ 3615.7625  3616.5962  3617.4282 ... 10387.236  10389.631  10392.016 ],"[ 2.9549661e-17 -1.3354127e-16  3.6368981e-17 ...  3.0652673e-17
 -5.2209873e-17 -1.3507474e-16]","[4.1453687e-17 3.8770336e-17 4.4929188e-17 ... 8.2960591e-17 0.0000000e+00
 3.8140415e-17]"
8387-57483-0306,[ 3570.2617  3571.083   3571.9065 ... 10327.612  10329.994  10332.376 ],"[ 1.3900255e-16 -7.2000606e-17 -6.8393551e-18 ...  6.3982342e-18
 -1.0492935e-17 -1.7753438e-17]","[6.8298073e-17 5.4881693e-17 5.1649128e-17 ... 1.7694035e-17 1.8883296e-17
 2.0188797e-17]"
8387-57483-0400,[ 3570.2617  3571.083   3571.9065 ... 10327.612  10329.994  10332.376 ],"[ 1.11003734e-16  9.49779235e-17  3.43573471e-17 ...  2.97489287e-17
  4.88618359e-18 -3.80060838e-17]","[7.1757250e-17 5.8238875e-17 5.3699851e-17 ... 2.2773445e-17 2.0020823e-17
 2.0967655e-17]"
8387-57483-0614,[ 3612.435   3613.266   3614.0994 ... 10387.236  10389.631  10392.016 ],"[ 1.4349318e-16 -2.6768269e-17  2.2334034e-17 ...  3.0008323e-16
  2.5831355e-16 -3.9722328e-17]","[5.2932393e-17 5.1765347e-17 4.8465065e-17 ... 2.8138151e-16 1.1650233e-16
 4.4260611e-17]"
8389-57488-0024,[ 3572.7283  3573.552   3574.374  ... 10327.612  10329.994  10332.376 ],"[ 1.9717566e-16 -5.6948560e-17  6.7340317e-17 ...  3.6607457e-17
  3.5130715e-17 -1.7521555e-18]","[3.9325407e-17 4.1146042e-17 3.9092364e-17 ... 2.3765581e-17 2.2187485e-17
 3.0461002e-17]"
8390-57485-0330,[ 3572.7283  3573.552   3574.374  ... 10329.994  10332.376  10334.747 ],"[ 7.5329568e-18  4.8550602e-17  8.9545067e-17 ...  2.8495360e-17
  6.5724016e-18 -6.2162090e-18]","[6.9125128e-17 0.0000000e+00 6.6749485e-17 ... 1.7593395e-17 2.2958413e-17
 2.5502703e-17]"
8390-57485-0759,[ 3610.7717  3611.6023  3612.435  ... 10384.841  10387.236  10389.631 ],"[-2.8995595e-17 -1.0584075e-16 -1.4681212e-17 ...  7.8757415e-17
  3.4610811e-18 -7.1838638e-17]","[1.0464082e-16 5.9252244e-17 6.0467459e-17 ... 4.0860886e-17 0.0000000e+00
 3.6100114e-17]"
8391-57511-0714,[ 3612.435   3613.266   3614.0994 ... 10363.348  10365.737  10368.116 ],"[ 5.2462954e-17 -1.4195616e-16  6.3587816e-17 ...  5.4191166e-18
 -1.7185478e-17 -5.2032665e-17]","[4.7198539e-17 4.4529796e-17 4.5321295e-17 ... 3.2560757e-17 2.6534404e-17
 5.8854040e-17]"
8391-57511-0898,[ 3613.266   3614.0994  3614.9307 ... 10363.348  10365.737  10368.116 ],"[ 1.4906769e-17 -1.5267208e-17  5.3256763e-17 ... -9.3893999e-18
  3.5506041e-18 -1.3680741e-16]","[3.9467775e-17 3.6700971e-17 3.9264950e-17 ... 2.0458519e-17 2.6530553e-17
 1.4009089e-16]"
8394-57865-0562,[ 3614.9307  3615.7625  3616.5962 ... 10360.958  10363.348  10365.737 ],"[ 5.7535845e-17  4.8669494e-17  9.0290370e-17 ... -1.3410985e-16
  9.5869247e-17  9.6341091e-17]","[5.8353092e-17 4.8983512e-17 5.0348922e-17 ... 5.1042927e-17 7.4262767e-17
 6.8035407e-17]"
8394-57865-0962,[ 3615.7625  3616.5962  3617.4282 ... 10365.737  10368.116  10370.507 ],"[-3.8577021e-19  2.4678977e-17 -9.1019625e-19 ...  2.2475773e-16
  2.4084882e-17 -1.7659835e-16]","[2.9290131e-17 3.3597750e-17 3.4168174e-17 ... 1.0144521e-16 0.0000000e+00
 9.6199821e-17]"
8395-57834-0448,[ 3580.14    3580.9636  3581.7893 ... 10325.231  10327.612  10329.994 ],"[-9.33594007e-18 -1.01979185e-17 -2.38059801e-17 ... -2.68141059e-18
  5.72719962e-18 -1.20232489e-17]","[1.1124587e-16 4.2416538e-17 3.9632794e-17 ... 2.2608952e-17 2.4896284e-17
 2.2800941e-17]"
8396-57837-0112,[ 3580.9636  3581.7893  3582.6133 ... 10327.612  10329.994  10332.376 ],"[ 2.5426796e-17  3.9236995e-17  5.3046093e-17 ...  5.9493502e-19
  2.4500620e-17 -1.2782095e-17]","[4.0812178e-17 0.0000000e+00 4.2086893e-17 ... 2.0193944e-17 2.2013008e-17
 2.2126396e-17]"
8396-57837-0728,[ 3614.9307  3615.7625  3616.5962 ... 10356.193  10358.569  10360.958 ],"[ 3.0392161e-17  2.5713751e-17 -1.8097316e-17 ...  9.1103760e-19
  9.5514506e-17  1.9012110e-16]","[4.0647966e-17 4.0868966e-17 4.2274726e-17 ... 1.0728792e-16 0.0000000e+00
 8.4447425e-17]"
8397-57482-0212,[ 3572.7283  3573.552   3574.374  ... 10329.994  10332.376  10334.747 ],"[ 1.3302394e-16  5.8473212e-17 -1.6082239e-17 ...  2.5510260e-17
 -2.6121044e-17 -3.5315831e-17]","[3.6224274e-17 0.0000000e+00 3.3030731e-17 ... 1.7231166e-17 2.4639260e-17
 3.6792706e-17]"
8397-57482-0244,[ 3571.9065  3572.7283  3573.552  ... 10329.994  10332.376  10334.747 ],"[-5.3218435e-17  2.7567232e-17  7.2124101e-17 ...  5.2056501e-17
  7.9087235e-18 -7.5137235e-17]","[2.5959363e-17 2.7203891e-17 2.5926580e-17 ... 1.6158642e-17 2.4683763e-17
 2.8131814e-17]"
8397-57482-0695,[ 3612.435   3613.266   3614.0994 ... 10387.236  10389.631  10392.016 ],"[ 1.0797214e-17 -2.3526110e-17  2.6735161e-17 ...  3.9687504e-16
  1.2436042e-16 -1.4815862e-16]","[2.4043361e-17 2.3348139e-17 2.3403697e-17 ... 4.0696722e-16 0.0000000e+00
 6.5370469e-17]"
8400-57837-0808,[ 3612.435   3613.266   3614.0994 ... 10353.806  10356.193  10358.569 ],"[ 7.8500309e-18 -8.4889840e-17  6.8448190e-17 ... -1.2101490e-16
 -6.2479982e-17 -3.9427287e-18]","[4.1224498e-17 3.4899561e-17 4.0733427e-17 ... 6.2673999e-17 0.0000000e+00
 9.2164457e-17]"
8401-57482-0310,[ 3571.9065  3572.7283  3573.552  ... 10329.994  10332.376  10334.747 ],"[ 1.9089175e-17  2.9352931e-17  3.9620386e-17 ...  9.0925662e-18
 -1.8161308e-17 -4.2047232e-17]","[4.6798759e-17 0.0000000e+00 4.2385853e-17 ... 1.9726079e-17 2.2977746e-17
 2.5669709e-17]"
8406-57513-0852,[ 3613.266   3614.0994  3614.9307 ... 10389.631  10392.016  10394.412 ],"[ 3.1213773e-17  3.9323170e-18  1.6775565e-17 ...  8.9538331e-18
 -6.7523005e-17 -1.4399782e-16]","[4.3978937e-17 3.0961949e-17 3.1119458e-17 ... 3.5801158e-17 0.0000000e+00
 3.9428649e-17]"
8407-57839-0760,[ 3613.266   3614.0994  3614.9307 ... 10360.958  10363.348  10365.737 ],"[-5.1629004e-17  5.7264629e-17  6.6360320e-17 ... -3.1570840e-17
 -3.5674318e-17 -3.9777915e-17]","[5.7145740e-17 5.3106236e-17 5.3726459e-17 ... 4.9834462e-17 0.0000000e+00
 3.1374987e-17]"
8409-57867-0375,[ 3581.7893  3582.6133  3583.4395 ... 10327.612  10329.994  10332.376 ],"[ 1.0301918e-16  1.1913655e-16  1.3525441e-16 ...  2.4339983e-17
 -3.5028059e-18 -5.2860408e-17]","[4.4563681e-17 0.0000000e+00 4.4509497e-17 ... 2.1446227e-17 2.0550419e-17
 2.5203277e-17]"
8410-57481-0852,[ 3611.6023  3612.435   3613.266  ... 10387.236  10389.631  10392.016 ],"[ 4.1168150e-17 -3.2515004e-17 -7.2278432e-19 ...  1.4215340e-16
  1.4289749e-18 -1.3929894e-16]","[3.6334752e-17 3.7054111e-17 3.6733486e-17 ... 1.6607913e-16 0.0000000e+00
 3.5350000e-17]"
8411-57875-0572,[ 3615.7625  3616.5962  3617.4282 ... 10358.569  10360.958  10363.348 ],"[ 4.2207513e-17 -4.4788528e-17  3.7204126e-17 ...  1.1133876e-17
  3.2993449e-17  5.4853215e-17]","[4.1931797e-17 4.1091358e-17 4.2784518e-17 ... 6.8365909e-17 0.0000000e+00
 3.2466657e-17]"
8412-58172-0420,[ 3595.8367  3596.666   3597.4934 ... 10325.231  10327.612  10329.994 ],"[ 3.0228558e-17  1.9913989e-17 -1.0396399e-16 ... -3.7395640e-18
 -1.3464853e-17 -2.3015723e-17]","[8.4135075e-17 4.4787995e-17 4.3777429e-17 ... 1.8846362e-17 1.9416472e-17
 2.1381671e-17]"
8412-58172-1000,[ 3590.0457  3590.8735  3591.6995 ... 10349.043  10351.419  10353.806 ],"[ 4.95863593e-18  6.27921538e-17  1.20612582e-16 ... -9.15610191e-17
 -1.07149345e-17  7.01359427e-17]","[4.3239685e-17 0.0000000e+00 4.3824558e-17 ... 6.0037364e-17 0.0000000e+00
 5.3136167e-17]"
8414-57846-0378,[ 3579.3167  3580.14    3580.9636 ... 10329.994  10332.376  10334.747 ],"[ 6.7051439e-17  6.7299997e-17  6.7548449e-17 ...  2.9374199e-17
 -5.0472359e-19 -3.2912057e-17]","[1.1386575e-16 0.0000000e+00 5.4217993e-17 ... 1.7546463e-17 2.1280042e-17
 2.4397310e-17]"
8415-57893-0744,[ 3615.7625  3616.5962  3617.4282 ... 10356.193  10358.569  10360.958 ],"[ 9.5923809e-18 -9.2370280e-17  1.2027176e-16 ...  1.3828604e-16
  1.2925827e-16 -4.6187019e-17]","[4.5851591e-17 4.7433504e-17 4.9674763e-17 ... 6.9068833e-17 4.9844021e-17
 5.6225432e-17]"
8417-58175-0079,[ 3594.181   3595.0098  3595.8367 ... 10322.862  10325.231  10327.612 ],"[ 1.3392625e-16  2.4383150e-18 -1.5360273e-16 ... -1.0802095e-18
 -2.5368738e-18 -2.6861287e-17]","[6.6277436e-17 6.0372068e-17 6.4877886e-17 ... 1.9430880e-17 2.3331706e-17
 2.1198465e-17]"
8417-58175-0201,[ 3594.181   3595.0098  3595.8367 ... 10322.862  10325.231  10327.612 ],"[-2.0902339e-18 -1.5501121e-17 -9.9612789e-17 ...  1.5720672e-17
  1.4708954e-18 -1.5022202e-17]","[6.3465962e-17 6.3100917e-17 6.4654250e-17 ... 2.0353148e-17 2.4022632e-17
 2.8660127e-17]"
8419-58249-0311,[ 3609.109   3609.9392  3610.7717 ... 10322.862  10325.231  10327.612 ],"[ 7.7828815e-17 -4.5136159e-17  3.2468417e-17 ...  1.3886735e-17
  1.2062521e-18  8.1416633e-18]","[3.6329789e-17 3.3622152e-17 3.2152176e-17 ... 2.1954581e-17 2.3717232e-17
 2.5638643e-17]"
8420-58197-0153,[ 3599.9788  3600.8088  3601.6372 ... 10325.231  10327.612  10329.994 ],"[1.2756855e-16 5.7072120e-17 6.9395404e-17 ... 3.7003532e-18 2.1520131e-18
 2.5306704e-18]","[5.2948529e-17 5.4923251e-17 5.1646960e-17 ... 1.9634581e-17 2.1178237e-17
 2.2535775e-17]"
8421-58223-0717,[ 3597.4934  3598.3208  3599.1506 ... 10358.569  10360.958  10363.348 ],"[-4.73473782e-17  4.31011309e-18  5.59871308e-17 ...  1.31320401e-16
  1.98831947e-18 -1.13444066e-17]","[2.8123059e-17 0.0000000e+00 2.7922752e-17 ... 5.9483928e-17 5.5267166e-17
 4.9737020e-17]"
8422-58219-0992,[ 3592.526   3593.3542  3594.181  ... 10363.348  10365.737  10368.116 ],"[-4.4257792e-17 -2.2525898e-17 -7.2152649e-19 ...  3.5946761e-17
  1.7564454e-17 -8.1816078e-19]","[1.1024790e-17 0.0000000e+00 8.1428545e-18 ... 4.9289764e-17 0.0000000e+00
 4.7039647e-17]"
8424-58248-0202,[ 3608.2788  3609.109   3609.9392 ... 10325.231  10327.612  10329.994 ],"[8.1460700e-17 3.4273375e-17 8.1567764e-17 ... 1.4328102e-17 3.0738932e-17
 2.4155163e-17]","[4.5458978e-17 4.2869396e-17 4.4031889e-17 ... 2.8371881e-17 2.5980216e-17
 2.8783758e-17]"
8424-58248-0336,[ 3609.109   3609.9392  3610.7717 ... 10325.231  10327.612  10329.994 ],"[ 2.6696985e-18  1.2078204e-16  6.9504480e-18 ... -1.7112673e-17
 -7.0993529e-18 -2.8893641e-19]","[4.0625864e-17 4.0785606e-17 3.7465491e-17 ... 2.0537098e-17 1.9416377e-17
 2.0282819e-17]"
8424-58248-0616,[ 3602.4678  3603.2964  3604.1252 ... 10363.348  10365.737  10368.116 ],"[-7.9561222e-17  5.9641931e-18  7.7886036e-17 ...  3.9465244e-17
  4.2687102e-17 -2.4604573e-17]","[3.7704944e-17 3.9460446e-17 4.1644785e-17 ... 5.3504361e-17 6.7335162e-17
 6.8422759e-17]"
8425-58226-0072,[ 3602.4678  3603.2964  3604.1252 ... 10327.612  10329.994  10332.376 ],"[ 1.8091616e-17  2.7733756e-17 -1.6591805e-17 ...  2.6964338e-17
  3.0894233e-17 -1.2694454e-17]","[3.3639014e-17 3.3437628e-17 3.1630768e-17 ... 2.6973025e-17 3.0814231e-17
 3.3292451e-17]"
8425-58226-0608,[ 3599.1506  3599.9788  3600.8088 ... 10349.043  10351.419  10353.806 ],"[ 2.2674794e-16 -4.2909888e-17  1.0173430e-16 ... -4.4317239e-18
  3.5697204e-17  2.5452280e-17]","[7.1450617e-17 7.3246909e-17 6.8702796e-17 ... 8.6231210e-17 6.7739839e-17
 4.2569388e-17]"
8425-58226-0842,[ 3599.1506  3599.9788  3600.8088 ... 10349.043  10351.419  10353.806 ],"[-6.7803962e-17  3.6835273e-17  3.1778936e-17 ...  7.1400086e-17
  3.9827731e-17  1.5276402e-16]","[6.2861141e-17 5.1712424e-17 4.8948787e-17 ... 8.6187052e-17 7.7309200e-17
 6.7395189e-17]"
8429-57893-0216,[ 3580.9636  3581.7893  3582.6133 ... 10322.862  10325.231  10327.612 ],"[ 5.3757170e-19 -5.2339185e-17  3.9960098e-19 ... -2.7337093e-17
  1.5309401e-17 -5.2695607e-18]","[9.0830870e-17 3.8009968e-17 3.8474629e-17 ... 2.4109228e-17 2.8208345e-17
 3.0830666e-17]"
8433-57488-0826,[ 3613.266   3614.0994  3614.9307 ... 10384.841  10387.236  10389.631 ],"[-1.0823610e-16  2.8089862e-17 -3.9364622e-17 ...  1.2370632e-16
  1.4606122e-16  1.6841671e-16]","[3.7977824e-17 3.9652888e-17 4.0095889e-17 ... 0.0000000e+00 0.0000000e+00
 1.4013980e-16]"
8434-57484-0013,[ 3572.7283  3573.552   3574.374  ... 10325.231  10327.612  10329.994 ],"[ 3.2713913e-16  2.0039754e-16  7.3662015e-17 ... -1.2258008e-17
  1.4400087e-16  1.1842746e-16]","[5.5665410e-17 0.0000000e+00 5.1661238e-17 ... 3.8057346e-17 3.8170471e-17
 5.0093691e-17]"
8434-57484-0584,[ 3611.6023  3612.435   3613.266  ... 10382.458  10384.841  10387.236 ],"[-2.2987751e-17 -2.2341404e-17  1.3054109e-17 ...  1.6972171e-16
  3.0869555e-16  1.0957364e-16]","[4.3210830e-17 4.4957362e-17 4.0998383e-17 ... 0.0000000e+00 3.8574849e-16
 8.5754456e-17]"
8434-57484-0775,[ 3612.435   3613.266   3614.0994 ... 10382.458  10384.841  10387.236 ],"[ 4.7836980e-17  3.2437150e-17 -5.1548493e-17 ... -1.2901819e-17
  1.4214473e-16  6.8371930e-17]","[5.4278791e-17 5.6886885e-17 5.4934596e-17 ... 1.4717792e-16 9.7888335e-17
 4.4543362e-17]"
8436-57895-0150,[ 3583.4395  3584.264   3585.0903 ... 10329.994  10332.376  10334.747 ],"[-6.6899860e-17 -5.3458162e-17 -4.0020464e-17 ...  4.1776717e-17
  1.4218570e-18 -2.3775014e-17]","[5.5292081e-17 0.0000000e+00 5.3595040e-17 ... 2.4258066e-17 2.8366290e-17
 3.4413334e-17]"
8490-57104-0973,[ 3613.266   3614.0994  3614.9307 ... 10377.672  10380.064  10382.458 ],"[ 3.4157262e-17  2.6200365e-17  3.5399869e-17 ...  5.5252551e-18
 -4.7481941e-18 -7.6373890e-17]","[3.5289265e-17 3.4989343e-17 3.6166193e-17 ... 6.8902755e-17 5.0047775e-17
 4.7091928e-17]"
8491-57488-0749,[ 3613.266   3614.0994  3614.9307 ... 10384.841  10387.236  10389.631 ],"[ 1.0765771e-17  8.1346794e-17  8.4283391e-17 ...  6.0012781e-17
  3.6527250e-17 -5.5122803e-18]","[4.5369887e-17 4.5900394e-17 5.6808759e-17 ... 4.5865077e-17 3.5919405e-17
 2.5048007e-17]"
8492-58171-0562,[ 3590.0457  3590.8735  3591.6995 ... 10349.043  10351.419  10353.806 ],"[ 8.9337194e-17  4.7555394e-17  6.3355920e-17 ...  6.9488750e-17
  2.1032834e-17 -2.7424014e-17]","[7.1271860e-17 4.9511951e-17 4.2810759e-17 ... 5.2754082e-17 0.0000000e+00
 3.4907737e-17]"
8493-58162-0929,[ 3589.22    3590.0457  3590.8735 ... 10360.958  10363.348  10365.737 ],"[-1.05675185e-17  3.50628362e-17  7.41588132e-17 ... -1.30460875e-16
  2.31071779e-17  1.23685220e-16]","[4.5144202e-17 4.2839244e-17 4.1105109e-17 ... 7.6923760e-17 7.1318473e-17
 6.7320756e-17]"
8496-58159-0350,[ 3595.8367  3596.666   3597.4934 ... 10322.862  10325.231  10327.612 ],"[-1.4355820e-17  7.9920642e-17  1.9413151e-17 ...  5.5152797e-18
 -1.4203207e-18 -1.3195974e-17]","[7.3165389e-17 6.5476004e-17 5.9229328e-17 ... 2.4468800e-17 2.4261810e-17
 2.5289361e-17]"
8496-58159-0422,[ 3596.666   3597.4934  3598.3208 ... 10322.862  10325.231  10327.612 ],"[ 3.59884745e-17 -3.00212233e-17 -1.24311564e-17 ...  4.17896092e-19
 -2.32969513e-17 -2.85878186e-17]","[5.6005686e-17 4.9678347e-17 4.6215160e-17 ... 2.4114021e-17 2.4287321e-17
 2.5946967e-17]"
8496-58159-0450,[ 3595.8367  3596.666   3597.4934 ... 10322.862  10325.231  10327.612 ],"[-4.1152143e-17 -1.4752333e-17 -5.8931997e-19 ...  3.8157455e-17
 -1.3464042e-17 -2.3036920e-18]","[6.9985409e-17 7.0752318e-17 6.4478974e-17 ... 3.0563265e-17 3.0133650e-17
 3.5416820e-17]"
8496-58159-0966,[ 3589.22    3590.0457  3590.8735 ... 10344.272  10346.657  10349.043 ],"[-1.4669797e-17 -3.5020700e-17 -5.5376463e-17 ... -1.3430268e-17
  1.1974810e-17  3.1607097e-17]","[4.7590410e-17 0.0000000e+00 2.8254283e-17 ... 2.8392895e-17 3.0988184e-17
 5.4192109e-17]"
8498-57105-0110,[ 3572.7283  3573.552   3574.374  ... 10332.376  10334.747  10337.131 ],"[8.6945371e-17 5.6342322e-17 2.5727049e-17 ... 2.3684292e-17 1.2658273e-17
 5.0548573e-19]","[3.8596337e-17 0.0000000e+00 3.3562920e-17 ... 2.6706007e-17 2.5836034e-17
 3.0583349e-17]"
8499-57431-0487,[ 3569.4385  3570.2617  3571.083  ... 10327.612  10329.994  10332.376 ],"[ 2.7732949e-17 -1.4854313e-17 -1.7477342e-17 ... -2.9743211e-17
 -3.8687957e-18  1.3630556e-17]","[2.3086876e-17 1.7169727e-17 1.7485708e-17 ... 1.9477681e-17 1.9857796e-17
 2.1225145e-17]"
8499-57431-0630,[ 3610.7717  3611.6023  3612.435  ... 10382.458  10384.841  10387.236 ],"[-6.8437193e-18  2.2057909e-17  3.9296893e-17 ... -4.0200718e-16
  6.5018233e-16  8.8660811e-17]","[3.7940469e-17 3.6485878e-17 3.6490183e-17 ... 5.7417494e-16 3.2943062e-16
 1.0337645e-16]"
8500-57432-0087,[ 3570.2617  3571.083   3571.9065 ... 10325.231  10327.612  10329.994 ],"[ 1.9404863e-16  1.0156566e-16  4.0523515e-17 ... -2.1127670e-17
  1.4494126e-18  2.2320003e-17]","[9.1465973e-17 5.5006856e-17 5.4059687e-17 ... 3.0113629e-17 2.8580665e-17
 2.8705358e-17]"
8500-57432-0828,[ 3612.435   3613.266   3614.0994 ... 10392.016  10394.412  10396.809 ],"[-1.0866204e-16  2.0926208e-16 -1.7051084e-17 ...  2.3469743e-17
  8.3660352e-18 -6.7380218e-18]","[4.6467040e-17 4.5019149e-17 4.3486566e-17 ... 5.9860480e-17 0.0000000e+00
 5.1671465e-17]"
8503-57519-0810,[ 3617.4282  3618.2625  3619.0947 ... 10387.236  10389.631  10392.016 ],"[-2.1498113e-16  1.7039338e-16  5.1922058e-17 ...  5.2044391e-17
  1.4660208e-17 -3.2408715e-17]","[4.0823855e-17 4.0049610e-17 4.0391732e-17 ... 2.9725811e-17 3.5439478e-17
 5.1382124e-17]"
8507-57878-0888,[ 3614.9307  3615.7625  3616.5962 ... 10358.569  10360.958  10363.348 ],"[ 8.7122002e-19  1.1474869e-17  3.5881136e-17 ... -7.8853598e-18
  9.3894471e-18  2.6664743e-17]","[4.1526892e-17 4.2700790e-17 4.6484877e-17 ... 5.0316110e-17 0.0000000e+00
 5.0873954e-17]"
8509-57843-0130,[ 3579.3167  3580.14    3580.9636 ... 10332.376  10334.747  10337.131 ],"[ 2.1331848e-17  1.9166226e-17  1.0461844e-16 ...  1.3933707e-17
 -1.8394983e-17 -2.1283973e-17]","[5.6650973e-17 4.6406437e-17 4.7300236e-17 ... 2.5043773e-17 2.8332389e-17
 3.0432014e-17]"
8509-57843-0230,[ 3579.3167  3580.14    3580.9636 ... 10332.376  10334.747  10337.131 ],"[-3.59083488e-18  2.66319699e-17  7.85856919e-17 ...  4.85659542e-17
 -1.22351295e-17 -6.23071728e-19]","[6.8791205e-17 6.8675082e-17 7.0635844e-17 ... 2.5367915e-17 2.9423645e-17
 3.0221040e-17]"
8512-57903-0640,[ 3614.9307  3615.7625  3616.5962 ... 10358.569  10360.958  10363.348 ],"[-6.8174625e-17 -4.2123197e-17  7.8768115e-17 ...  7.7303775e-18
  6.2352382e-18  4.7400059e-18]","[6.4438223e-17 5.6210628e-17 5.8693831e-17 ... 6.1646866e-17 0.0000000e+00
 5.0417542e-17]"
8513-57842-0898,[ 3614.9307  3615.7625  3616.5962 ... 10363.348  10365.737  10368.116 ],"[-3.0152100e-17  1.8660812e-17  1.0368678e-17 ... -9.7061009e-18
 -2.2796512e-17 -3.5887542e-17]","[3.3673265e-17 3.4884003e-17 3.4385541e-17 ... 2.5656640e-17 0.0000000e+00
 3.0066497e-17]"
8514-58174-0882,[ 3587.5671  3588.3923  3589.22   ... 10363.348  10365.737  10368.116 ],"[-8.1332699e-17 -2.9361497e-17  2.2606886e-17 ...  6.5176796e-17
  7.7555607e-17  8.9935053e-17]","[3.8441988e-17 0.0000000e+00 3.8033411e-17 ... 9.0356829e-17 0.0000000e+00
 1.0798683e-16]"
8515-58192-0319,[ 3600.8088  3601.6372  3602.4678 ... 10325.231  10327.612  10329.994 ],"[-9.6940001e-18  3.3170218e-18 -1.0017288e-17 ...  6.7037736e-18
 -1.8644679e-17  1.8932268e-17]","[3.8052939e-17 3.7425559e-17 3.8043651e-17 ... 2.2213566e-17 2.1319708e-17
 2.3396072e-17]"
8515-58192-0524,[ 3593.3542  3594.181   3595.0098 ... 10360.958  10363.348  10365.737 ],"[-8.3370111e-17  9.3175179e-17 -1.0388005e-16 ... -1.7934629e-17
 -3.5301197e-17 -3.4624428e-18]","[7.4188526e-17 8.1142514e-17 7.9044281e-17 ... 7.3931603e-17 4.0299803e-17
 3.6634962e-17]"
8520-58191-0695,[ 3593.3542  3594.181   3595.0098 ... 10351.419  10353.806  10356.193 ],"[-7.4380122e-18 -1.6667330e-17 -1.2118348e-18 ...  1.3347238e-17
 -2.3149493e-17  8.9088543e-17]","[8.8958676e-17 6.5491238e-17 6.2857375e-17 ... 4.7080751e-17 3.9690650e-17
 3.6040213e-17]"
8523-58174-0477,[ 3594.181   3595.0098  3595.8367 ... 10325.231  10327.612  10329.994 ],"[ 1.9933572e-17 -4.3993078e-17  5.0144026e-17 ... -9.7608876e-18
  2.7026886e-17  8.0977885e-17]","[7.3090122e-17 6.7601991e-17 7.2665077e-17 ... 3.3434250e-17 3.9613425e-17
 4.8711789e-17]"
8523-58174-0804,[ 3587.5671  3588.3923  3589.22   ... 10363.348  10365.737  10368.116 ],"[ 4.4731711e-17 -1.2526518e-17 -6.9792888e-17 ... -1.5397613e-18
  1.2367647e-16  1.3833074e-16]","[5.6681731e-17 0.0000000e+00 6.1772525e-17 ... 6.8655561e-17 6.8574590e-17
 8.3216838e-17]"
8525-57900-0185,[ 3582.6133  3583.4395  3584.264  ... 10325.231  10327.612  10329.994 ],"[ 3.5491718e-16  2.4381290e-16  1.3271996e-16 ... -1.0170995e-17
 -1.7183792e-17 -1.1233738e-17]","[5.1124609e-17 0.0000000e+00 4.8201237e-17 ... 2.6888335e-17 2.4265702e-17
 2.8850002e-17]"
8527-57897-0508,[ 3616.5962  3617.4282  3618.2625 ... 10349.043  10351.419  10353.806 ],"[ 7.5083270e-17  7.1183445e-17  4.6567315e-18 ... -1.2780789e-16
 -6.7423452e-17 -7.0402847e-18]","[5.3837179e-17 5.2179708e-17 5.5023121e-17 ... 8.2565463e-17 0.0000000e+00
 1.1866805e-16]"
8528-57896-0242,[ 3582.6133  3583.4395  3584.264  ... 10327.612  10329.994  10332.376 ],"[ 4.5588531e-17  8.0277964e-17  5.0673412e-17 ...  6.0723668e-18
  2.5662852e-17 -6.3474176e-18]","[1.07265175e-16 7.00263049e-17 6.57217430e-17 ... 2.23487476e-17
 2.83787900e-17 3.35888500e-17]"
8528-57896-0358,[ 3583.4395  3584.264   3585.0903 ... 10327.612  10329.994  10332.376 ],"[-4.3098579e-18  2.2729189e-17  4.9755357e-17 ...  6.4409835e-17
  4.0691790e-17 -9.5648410e-17]","[5.6761769e-17 0.0000000e+00 4.3340459e-17 ... 3.7569954e-17 4.3563900e-17
 4.6039645e-17]"
8529-58013-0651,[ 3589.22    3590.0457  3590.8735 ... 10356.193  10358.569  10360.958 ],"[ 4.9613423e-17  6.8412552e-18 -3.5905813e-17 ...  1.2151908e-16
  1.8010255e-16 -3.2248017e-17]","[3.6623554e-17 0.0000000e+00 3.3349093e-17 ... 7.7427725e-17 6.1257376e-17
 7.2068309e-17]"
8529-58013-0840,[ 3589.22    3590.0457  3590.8735 ... 10356.193  10358.569  10360.958 ],"[-1.0282442e-17  1.0060251e-17  3.0391800e-17 ... -9.2145439e-18
  7.1487655e-17  2.6307675e-17]","[4.2047414e-17 0.0000000e+00 4.3451970e-17 ... 2.9684137e-17 2.7000080e-17
 3.7039702e-17]"
8532-58022-0661,[ 3585.915   3586.74    3587.5671 ... 10353.806  10356.193  10358.569 ],"[-4.1594205e-17 -3.2596832e-17 -2.3602431e-17 ... -3.3451083e-16
  5.3446144e-17 -1.1728736e-17]","[3.5329000e-17 0.0000000e+00 3.5095126e-17 ... 1.2565106e-16 9.5149190e-17
 6.8727201e-17]"
8533-58017-0138,[ 3593.3542  3594.181   3595.0098 ... 10332.376  10334.747  10337.131 ],"[-5.6437084e-17 -7.6467739e-17  1.0014476e-16 ...  7.1317180e-18
 -1.7461412e-17 -1.4325479e-17]","[3.6930193e-17 3.9362600e-17 4.0453784e-17 ... 1.9895737e-17 1.7930872e-17
 1.9973394e-17]"
8533-58017-0316,[ 3593.3542  3594.181   3595.0098 ... 10332.376  10334.747  10337.131 ],"[ 6.5314942e-17 -7.5045114e-17  1.2174926e-16 ... -2.5622465e-17
 -4.6387885e-17 -2.7999703e-17]","[3.2998534e-17 3.3719640e-17 3.3245176e-17 ... 4.0949533e-17 4.1246915e-17
 4.6972579e-17]"
8533-58017-0685,[ 3586.74    3587.5671  3588.3923 ... 10356.193  10358.569  10360.958 ],"[-5.7133108e-18  1.6303712e-17  3.1797422e-17 ... -1.2727293e-16
  7.5079928e-17 -1.0508493e-16]","[2.7675043e-17 2.6148440e-17 2.5243051e-17 ... 8.4382719e-17 5.6635667e-17
 4.8889458e-17]"
8534-57905-0138,[ 3584.264   3585.0903  3585.915  ... 10327.612  10329.994  10332.376 ],"[ 2.2111599e-16  1.0411617e-16 -1.2877859e-17 ...  6.1728630e-18
  8.4530025e-18 -8.4582248e-17]","[4.0686295e-17 0.0000000e+00 3.8715570e-17 ... 2.2579232e-17 2.1614569e-17
 2.5030240e-17]"
8538-57549-0901,[ 3616.5962  3617.4282  3618.2625 ... 10392.016  10394.412  10396.809 ],"[-5.8567361e-18 -4.6641267e-17  1.0632984e-17 ... -6.1197654e-17
 -3.3522844e-17 -5.8494288e-18]","[7.3175223e-17 6.3696302e-17 4.6552477e-17 ... 4.3367852e-17 0.0000000e+00
 3.7255993e-17]"
8540-58287-0576,[ 3600.8088  3601.6372  3602.4678 ... 10360.958  10363.348  10365.737 ],"[-2.6509630e-17  3.3073318e-17  9.2637135e-17 ... -5.5931875e-17
 -3.8836204e-18  6.4986565e-17]","[6.3383105e-17 0.0000000e+00 3.3898311e-17 ... 7.7992795e-17 5.6250604e-17
 5.4372031e-17]"
8729-57399-0756,[ 3606.6172  3607.447   3608.2788 ... 10382.458  10384.841  10387.236 ],"[7.3777119e-17 4.3306492e-17 1.5825627e-16 ... 8.1216265e-18 1.1854909e-17
 1.5588204e-17]","[1.8358744e-16 7.0753238e-17 6.9083974e-17 ... 4.6967027e-17 0.0000000e+00
 2.0551340e-17]"
8730-57672-0213,[ 3576.8435  3577.6682  3578.4915 ... 10332.376  10334.747  10337.131 ],"[ 1.8831660e-17  8.6571226e-18 -4.1761504e-18 ...  1.1643254e-17
 -8.8415106e-17 -8.3118258e-17]","[2.7662098e-17 2.3600222e-17 2.2581235e-17 ... 3.7558377e-17 4.4021791e-17
 4.8137766e-17]"
8730-57672-0306,[ 3577.6682  3578.4915  3579.3167 ... 10332.376  10334.747  10337.131 ],"[-4.8821173e-17 -3.2645897e-17 -1.6471130e-17 ...  1.4018905e-17
 -5.8929578e-17 -6.1769520e-17]","[2.8756325e-17 0.0000000e+00 2.8029594e-17 ... 2.6585431e-17 3.2678908e-17
 3.4652945e-17]"
8732-57418-0310,[ 3568.6177  3569.4385  3570.2617 ... 10327.612  10329.994  10332.376 ],"[ 9.71299563e-17  8.75601119e-17  5.31057530e-17 ...  1.01287134e-16
  2.33687920e-17 -7.17549668e-17]","[5.0062900e-17 4.2154616e-17 3.9228644e-17 ... 2.7611901e-17 3.6669780e-17
 3.6323082e-17]"
8733-58396-0011,[ 3597.4934  3598.3208  3599.1506 ... 10327.612  10329.994  10332.376 ],"[-2.9543371e-17  2.5618343e-17  6.9939494e-18 ...  3.0170381e-17
  6.6243244e-17 -4.3861507e-17]","[2.5155821e-17 2.7740753e-17 2.6287145e-17 ... 5.9043874e-17 4.9736547e-17
 5.1716440e-17]"
8734-57642-0600,[ 3608.2788  3609.109   3609.9392 ... 10363.348  10365.737  10368.116 ],"[ 5.4888959e-17 -6.8991250e-17  5.9625448e-17 ...  4.2240104e-17
  1.3877715e-16  6.6942006e-18]","[2.83724439e-17 2.76502424e-17 2.79267491e-17 ... 1.00124694e-16
 8.42511578e-17 8.00487097e-17]"
8739-57645-0580,[ 3608.2788  3609.109   3609.9392 ... 10360.958  10363.348  10365.737 ],"[ 5.9739301e-17  1.6556452e-17  4.5502577e-17 ... -9.0374180e-17
 -6.1955092e-18  2.0916977e-16]","[5.2909026e-17 5.1745660e-17 5.2943166e-17 ... 7.1466810e-17 5.8173680e-17
 9.2745846e-17]"
8741-57390-0415,[ 3567.7969  3568.6177  3569.4385 ... 10318.104  10320.482  10322.862 ],"[ 5.5793974e-17  5.7565888e-17  5.9338311e-17 ... -3.3169711e-17
  4.4342694e-17  6.7391913e-17]","[3.5709202e-17 0.0000000e+00 3.2056600e-17 ... 3.9922933e-17 3.3908009e-17
 3.0456165e-17]"
8742-57364-0308,[ 3567.7969  3568.6177  3569.4385 ... 10327.612  10329.994  10332.376 ],"[ 2.0009635e-17  1.5997350e-17  1.1978377e-17 ...  5.1518734e-17
  9.7177931e-18 -8.4846093e-17]","[1.3479900e-17 0.0000000e+00 1.3151653e-17 ... 3.1362897e-17 3.9280862e-17
 6.1647620e-17]"
8743-57663-0578,[ 3605.786   3606.6172  3607.447  ... 10358.569  10360.958  10363.348 ],"[-4.0137110e-17  9.8850449e-18  2.2938693e-17 ...  1.6534798e-17
  4.3728138e-18 -7.7893092e-18]","[3.1936001e-17 1.9174007e-17 1.9647055e-17 ... 5.4683792e-17 0.0000000e+00
 5.3258808e-17]"
8743-57663-0972,[ 3605.786   3606.6172  3607.447  ... 10358.569  10360.958  10363.348 ],"[ 2.1468070e-17  3.5964506e-17  1.9429602e-17 ... -5.8581158e-19
  5.0899583e-18  1.0765652e-17]","[3.0718881e-17 2.1724562e-17 1.9497660e-17 ... 3.3370484e-17 0.0000000e+00
 2.5930858e-17]"
8746-58396-0014,[ 3598.3208  3599.1506  3599.9788 ... 10329.994  10332.376  10334.747 ],"[ 4.0575522e-17  8.3897753e-17  1.0582973e-17 ...  1.0515625e-16
  4.7707576e-17 -8.3015689e-18]","[3.5812579e-17 3.9121818e-17 3.6752055e-17 ... 4.2847271e-17 5.1369723e-17
 4.8258772e-17]"
8748-58396-0536,[ 3590.0457  3590.8735  3591.6995 ... 10360.958  10363.348  10365.737 ],"[ 6.9604453e-18 -5.8734853e-18 -1.8730272e-17 ... -2.4526908e-17
 -1.7600476e-17 -1.0674757e-17]","[2.2315399e-17 0.0000000e+00 2.1977833e-17 ... 5.3169052e-17 0.0000000e+00
 5.1675664e-17]"
8749-57684-0234,[ 3577.6682  3578.4915  3579.3167 ... 10327.612  10329.994  10332.376 ],"[-2.3574317e-17  2.6429847e-17 -1.7818875e-17 ...  2.8633897e-18
  3.6865130e-17 -4.1671940e-17]","[5.6296159e-17 3.9677892e-17 3.8118597e-17 ... 2.3313761e-17 2.1659999e-17
 2.6195834e-17]"
8750-58401-0196,[ 3595.8367  3596.666   3597.4934 ... 10325.231  10327.612  10329.994 ],"[ 7.7035079e-17  6.2405966e-17  8.3878424e-17 ... -1.9155696e-17
 -2.6169753e-17 -1.0423477e-17]","[3.5999317e-17 3.6002176e-17 3.5727936e-17 ... 3.7586630e-17 2.1592575e-17
 2.3305708e-17]"
8751-57685-0268,[ 3577.6682  3578.4915  3579.3167 ... 10329.994  10332.376  10334.747 ],"[ 1.3210660e-17 -5.8327814e-17  5.7112123e-17 ...  5.7620316e-17
 -2.1519310e-17 -7.7313356e-17]","[4.1026471e-17 2.9933708e-17 1.9773303e-17 ... 3.5456475e-17 4.5756690e-17
 4.8868319e-17]"
8752-58402-0496,[ 3598.3208  3599.1506  3599.9788 ... 10332.376  10334.747  10337.131 ],"[-3.7266282e-18  9.8975510e-18 -1.0787645e-17 ...  1.3666657e-16
 -5.3320850e-17  2.9620477e-18]","[2.1445619e-17 1.9858300e-17 1.8392341e-17 ... 1.0470779e-16 1.1892118e-16
 1.2712460e-16]"
8753-57373-0210,[ 3568.6177  3569.4385  3570.2617 ... 10329.994  10332.376  10334.747 ],"[-1.4506792e-16 -6.8722721e-17  7.6002662e-18 ...  1.8624132e-17
 -2.1591374e-17 -2.8019694e-17]","[3.9282582e-17 0.0000000e+00 3.6893853e-17 ... 1.7549014e-17 2.3143580e-17
 2.2338228e-17]"
8753-57373-0263,[ 3568.6177  3569.4385  3570.2617 ... 10329.994  10332.376  10334.747 ],"[ 1.4850387e-16  9.9649145e-17  5.0785584e-17 ...  8.5918043e-18
 -1.8100298e-17 -1.1820572e-17]","[2.9828841e-17 0.0000000e+00 2.5510599e-17 ... 1.9431692e-17 2.5946262e-17
 2.5379114e-17]"
8754-58425-0506,[ 3585.915   3586.74    3587.5671 ... 10358.569  10360.958  10363.348 ],"[ 1.8977020e-17  3.9859164e-17  5.4488739e-17 ...  9.4250064e-17
 -1.8334237e-18  5.4307527e-17]","[2.7541165e-17 2.3348796e-17 2.1565358e-17 ... 6.3654169e-17 5.8705716e-17
 5.5190741e-17]"
8754-58425-0662,[ 3585.915   3586.74    3587.5671 ... 10358.569  10360.958  10363.348 ],"[ 1.07919715e-17 -6.21092782e-18 -8.43273163e-18 ...  4.18623932e-17
 -2.89178140e-17 -1.27627789e-17]","[2.2403816e-17 1.7204219e-17 1.5990913e-17 ... 1.8261769e-17 1.5793138e-17
 1.3398397e-17]"
8755-58138-0872,[ 3582.6133  3583.4395  3584.264  ... 10358.569  10360.958  10363.348 ],"[ 3.0975826e-17  2.0075996e-17 -1.7018657e-17 ...  3.0682812e-17
 -8.6261728e-18  4.6275289e-17]","[4.5431780e-17 3.4972935e-17 2.9842748e-17 ... 5.3580419e-17 4.4596811e-17
 2.8688824e-17]"
8755-58138-0914,[ 3582.6133  3583.4395  3584.264  ... 10358.569  10360.958  10363.348 ],"[ 6.5492779e-17  8.7091114e-17  3.0430863e-17 ...  1.6585415e-17
 -1.7217937e-17  1.2477596e-16]","[8.1866700e-17 4.3207273e-17 4.0135687e-17 ... 5.6510716e-17 4.7257034e-17
 3.3873503e-17]"
8759-57700-0992,[ 3611.6023  3612.435   3613.266  ... 10346.657  10349.043  10351.419 ],"[-5.6275936e-17 -1.9847957e-17 -2.0469090e-17 ... -1.8282301e-17
  3.2558375e-17  8.3392637e-17]","[3.0636388e-17 3.0081902e-17 3.0314906e-17 ... 5.3200071e-17 0.0000000e+00
 6.9087223e-17]"
8762-57693-0308,[ 3578.4915  3579.3167  3580.14   ... 10334.747  10337.131  10339.515 ],"[ 1.7379048e-17  2.0006706e-17  2.2633998e-17 ... -3.5912493e-17
 -3.1000542e-17  3.5872466e-18]","[3.0418948e-17 0.0000000e+00 2.8736178e-17 ... 3.8577087e-17 4.0690417e-17
 3.8964680e-17]"
8764-57332-0456,[ 3568.6177  3569.4385  3570.2617 ... 10315.736  10318.104  10320.482 ],"[ 1.9578372e-16  7.4780661e-17 -4.6117721e-17 ... -1.7065845e-16
 -2.6861080e-16  4.2022913e-17]","[9.1551172e-17 0.0000000e+00 4.5459984e-17 ... 4.4673068e-16 3.8516555e-16
 3.4063864e-16]"
8788-57360-0316,[ 3565.3318  3566.1538  3566.9744 ... 10315.736  10318.104  10320.482 ],"[ 1.6683085e-16  7.3460395e-17  3.7847765e-17 ... -7.5552566e-17
 -1.9867216e-17  4.8110912e-17]","[5.1545816e-17 5.0024591e-17 4.8731500e-17 ... 2.6165933e-17 2.9337681e-17
 2.8167561e-17]"
8789-57358-0215,[ 3567.7969  3568.6177  3569.4385 ... 10329.994  10332.376  10334.747 ],"[ 3.2029135e-17  2.7536618e-17  2.3030912e-17 ...  2.6045267e-17
 -1.7507000e-17 -4.0309332e-17]","[2.5140067e-17 0.0000000e+00 1.5198896e-17 ... 1.0973870e-17 1.2576519e-17
 1.4032269e-17]"
8789-57358-0335,[ 3566.9744  3567.7969  3568.6177 ... 10329.994  10332.376  10334.747 ],"[-6.4980695e-18 -3.2091409e-18  8.4117899e-18 ...  1.3977918e-17
 -2.2194344e-17 -5.1914825e-17]","[2.1167767e-17 1.9759102e-17 1.3919321e-17 ... 1.0917882e-17 1.3066636e-17
 1.4841771e-17]"
8789-57358-0811,[ 3608.2788  3609.109   3609.9392 ... 10384.841  10387.236  10389.631 ],"[ 5.5653976e-17 -6.0681487e-17  5.6619202e-18 ...  1.7004247e-16
  8.6779862e-17  8.2309318e-18]","[4.4756966e-17 3.9557140e-17 3.8030436e-17 ... 9.1867129e-17 4.6288097e-17
 2.6047845e-17]"
8791-57373-0585,[ 3607.447   3608.2788  3609.109  ... 10356.193  10358.569  10360.958 ],"[-3.4409771e-16 -4.9155162e-17  4.0017264e-17 ... -1.5339265e-17
 -1.0284082e-17 -5.2288080e-18]","[1.3697151e-16 1.4545836e-16 3.7653119e-17 ... 2.5547475e-17 0.0000000e+00
 2.2433244e-17]"
8791-57373-0626,[ 3607.447   3608.2788  3609.109  ... 10356.193  10358.569  10360.958 ],"[ 1.04192613e-17  4.71238740e-17  2.03489591e-17 ... -3.86954131e-17
 -1.31303127e-17  1.24354636e-17]","[6.1447542e-17 7.1137797e-17 2.8470296e-17 ... 2.0330615e-17 0.0000000e+00
 1.8523833e-17]"
8791-57373-0721,[ 3606.6172  3607.447   3608.2788 ... 10356.193  10358.569  10360.958 ],"[ 7.3171563e-17 -5.2036281e-17 -2.0674269e-16 ... -1.6888194e-17
  3.0792886e-18  2.3046142e-17]","[1.09365056e-16 1.02313130e-16 9.98947314e-17 ... 2.33064887e-17
 0.00000000e+00 1.94285701e-17]"
8792-57364-0112,[ 3566.9744  3567.7969  3568.6177 ... 10327.612  10329.994  10332.376 ],"[-1.5244012e-17 -1.3097963e-17 -2.6369534e-17 ...  3.7470951e-17
  6.4365981e-17 -4.2591136e-17]","[4.8234516e-17 2.9031343e-17 2.7872979e-17 ... 1.7640578e-17 2.5947829e-17
 3.8340758e-17]"
8793-57391-0197,[ 3566.1538  3566.9744  3567.7969 ... 10327.612  10329.994  10332.376 ],"[-9.8376981e-17 -5.4884195e-17 -1.1383537e-17 ...  1.8660677e-17
 -2.9174468e-18 -3.6342174e-17]","[4.06331035e-17 0.00000000e+00 3.42089410e-17 ... 1.29707785e-17
 1.58137743e-17 1.76194897e-17]"
8793-57391-0404,[ 3566.1538  3566.9744  3567.7969 ... 10325.231  10327.612  10329.994 ],"[-1.4132308e-17  7.3896180e-18  2.8913222e-17 ... -1.5243827e-17
  3.8646350e-18 -1.6849983e-17]","[4.5528722e-17 0.0000000e+00 4.8358650e-17 ... 2.1912478e-17 1.9177044e-17
 2.3779805e-17]"
8793-57391-0496,[ 3566.1538  3566.9744  3567.7969 ... 10327.612  10329.994  10332.376 ],"[ 9.5027111e-17  7.9987022e-17  6.4942115e-17 ...  4.6094650e-17
  2.5798412e-21 -5.9875674e-17]","[3.6037576e-17 0.0000000e+00 3.2279013e-17 ... 2.1442465e-17 2.9312363e-17
 3.0182097e-17]"
8819-57450-0773,[ 3614.9307  3615.7625  3616.5962 ... 10392.016  10394.412  10396.809 ],"[-7.2694634e-18 -9.4417360e-17 -2.2328120e-20 ... -7.4722368e-17
  1.4280036e-17  1.0328466e-16]","[4.0395941e-17 3.9196880e-17 4.0464451e-17 ... 5.2557524e-17 0.0000000e+00
 4.7801735e-17]"
8821-57731-0344,[ 3576.8435  3577.6682  3578.4915 ... 10327.612  10329.994  10332.376 ],"[ 1.87449814e-17 -7.91384372e-18 -3.45725563e-17 ...  1.80009738e-17
  2.16330924e-17 -1.35988724e-17]","[4.5463107e-17 0.0000000e+00 4.2490700e-17 ... 2.1438679e-17 2.3573872e-17
 2.3419470e-17]"
8822-58167-0266,[ 3595.0098  3595.8367  3596.666  ... 10322.862  10325.231  10327.612 ],"[ 1.9925884e-17 -6.5923851e-18 -1.8381717e-18 ...  6.8040279e-18
  8.0554653e-18  4.3872018e-18]","[2.38992513e-17 2.30916766e-17 2.34771427e-17 ... 1.20765665e-17
 1.03582931e-17 1.27722924e-17]"
8822-58167-0494,[ 3595.0098  3595.8367  3596.666  ... 10320.482  10322.862  10325.231 ],"[3.7524546e-17 3.5493761e-17 6.6684502e-17 ... 2.4831254e-17 1.9323330e-17
 2.9162590e-17]","[1.8714559e-17 1.8744258e-17 1.9653466e-17 ... 1.9509898e-17 1.6368293e-17
 1.4935752e-17]"
8826-57452-0128,[ 3573.552   3574.374   3575.1963 ... 10322.862  10325.231  10327.612 ],"[ 9.8326529e-17  5.6687607e-17  1.5018735e-17 ... -1.3647234e-17
 -2.4421579e-17 -2.0982086e-17]","[3.7716183e-17 0.0000000e+00 3.5246728e-17 ... 2.1555576e-17 2.7461753e-17
 3.9382529e-17]"
8826-57452-0132,[ 3573.552   3574.374   3575.1963 ... 10322.862  10325.231  10327.612 ],"[ 5.3173622e-17  7.9034123e-17  1.0491020e-16 ...  4.2175603e-18
 -4.3952768e-17 -4.0402601e-17]","[3.8904041e-17 0.0000000e+00 3.7461005e-17 ... 3.2946203e-17 4.1344522e-17
 5.4472288e-17]"
8826-57452-0701,[ 3614.9307  3615.7625  3616.5962 ... 10384.841  10387.236  10389.631 ],"[-4.5086293e-17  7.6230371e-17  2.5613763e-17 ...  4.4653086e-17
  3.5315355e-17  2.5977526e-17]","[4.5731613e-17 4.5171106e-17 4.4014585e-17 ... 0.0000000e+00 0.0000000e+00
 7.7114164e-17]"
8826-57452-0852,[ 3615.7625  3616.5962  3617.4282 ... 10384.841  10387.236  10389.631 ],"[-1.2114775e-16  2.4681296e-16 -1.0416285e-16 ...  5.9148713e-16
  2.4436284e-16 -1.0276258e-16]","[4.0471479e-17 4.0483129e-17 3.5677984e-17 ... 0.0000000e+00 0.0000000e+00
 1.5271449e-16]"
8827-57444-0540,[ 3613.266   3614.0994  3614.9307 ... 10384.841  10387.236  10389.631 ],"[ 8.4561159e-17  6.7941075e-17  1.6427385e-17 ...  2.0234364e-16
  2.2929902e-16 -7.6710191e-18]","[7.0801400e-17 6.5873468e-17 6.6268695e-17 ... 4.3625204e-16 1.9607281e-16
 6.0948388e-17]"
8830-57447-0318,[ 3569.4385  3570.2617  3571.083  ... 10327.612  10329.994  10332.376 ],"[ 3.6929958e-17  5.5491832e-17  3.6236559e-17 ...  3.1051937e-17
  4.6486809e-17 -1.7035507e-18]","[3.2870708e-17 3.2167939e-17 3.1385853e-17 ... 2.1645762e-17 2.4971021e-17
 2.8272474e-17]"
8833-57779-0077,[ 3575.1963  3576.0208  3576.8435 ... 10327.612  10329.994  10332.376 ],"[5.5355464e-18 4.2251549e-17 7.8957923e-17 ... 1.6656200e-17 6.1940777e-18
 1.7579064e-17]","[6.6920903e-17 0.0000000e+00 6.5897939e-17 ... 2.3512367e-17 2.5506144e-17
 2.9669413e-17]"
8833-57779-0396,[ 3575.1963  3576.0208  3576.8435 ... 10327.612  10329.994  10332.376 ],"[ 6.2022076e-16  4.8541341e-16  3.5061574e-16 ...  7.0547720e-18
  1.3421009e-17 -3.1594137e-17]","[6.6352247e-17 0.0000000e+00 5.1440215e-17 ... 2.4325722e-17 2.4866932e-17
 2.8458325e-17]"
8834-57458-0576,[ 3613.266   3614.0994  3614.9307 ... 10382.458  10384.841  10387.236 ],"[-1.2212237e-17  1.1956386e-17  5.3277922e-17 ... -6.1278929e-17
  2.6023510e-16  8.2477987e-17]","[5.9727668e-17 5.8166103e-17 5.6371452e-17 ... 1.4935138e-16 8.3564426e-17
 6.0452741e-17]"
8835-57427-0270,[ 3568.6177  3569.4385  3570.2617 ... 10325.231  10327.612  10329.994 ],"[-2.35037482e-16 -1.54405636e-16 -7.38141171e-17 ... -1.14597974e-17
 -2.37717580e-17  6.56935758e-18]","[4.2728812e-17 0.0000000e+00 3.7808934e-17 ... 1.6473390e-17 1.9064885e-17
 2.0169327e-17]"
8836-57424-0952,[ 3610.7717  3611.6023  3612.435  ... 10382.458  10384.841  10387.236 ],"[ 4.6651048e-17 -3.0002714e-17  3.3645082e-17 ... -2.1592253e-16
 -7.8505488e-17  5.8915913e-17]","[4.6154938e-17 4.5294319e-17 4.5072661e-17 ... 2.7303231e-16 0.0000000e+00
 1.4992225e-16]"
8837-57867-0648,[ 3615.7625  3616.5962  3617.4282 ... 10358.569  10360.958  10363.348 ],"[ 1.02185764e-16 -7.58913810e-19 -7.04084805e-18 ...  9.76052344e-17
  1.17916524e-17  4.12982659e-17]","[5.6543995e-17 4.8355986e-17 4.9586040e-17 ... 4.0715951e-17 3.4811205e-17
 2.6797254e-17]"
8838-57870-0129,[ 3580.14    3580.9636  3581.7893 ... 10329.994  10332.376  10334.747 ],"[ 3.8270130e-17 -6.8051103e-17 -1.0416691e-17 ...  3.4204292e-17
 -3.1934641e-17 -7.5820156e-17]","[9.1502534e-17 3.8071458e-17 3.7494085e-17 ... 2.3658697e-17 2.7152053e-17
 3.1431808e-17]"
8840-57425-0475,[ 3569.4385  3570.2617  3571.083  ... 10325.231  10327.612  10329.994 ],"[-3.2198971e-17  2.3778435e-17 -1.6794222e-17 ... -1.9256358e-17
 -3.7998804e-18  3.7562602e-17]","[6.4184517e-17 4.6910564e-17 4.8768551e-17 ... 2.9278025e-17 3.0578022e-17
 2.2749556e-17]"
8841-57425-0554,[ 3609.9392  3610.7717  3611.6023 ... 10389.631  10392.016  10394.412 ],"[-5.5206805e-17 -1.3437408e-17  6.0036458e-17 ... -1.4450250e-16
 -1.2528164e-16 -1.0606068e-16]","[3.1811725e-17 3.1039287e-17 3.1986671e-17 ... 0.0000000e+00 0.0000000e+00
 4.5217133e-17]"
8841-57425-0589,[ 3610.7717  3611.6023  3612.435  ... 10389.631  10392.016  10394.412 ],"[ 9.3899856e-17  7.0465300e-17  9.8673178e-17 ...  1.7132631e-16
 -2.3255116e-17 -2.1783705e-16]","[4.4139767e-17 4.4204962e-17 4.4488559e-17 ... 1.9706214e-16 0.0000000e+00
 3.5591176e-17]"
8845-58159-0068,[ 3596.666   3597.4934  3598.3208 ... 10322.862  10325.231  10327.612 ],"[-1.1430933e-16  2.1545396e-16 -1.4865093e-16 ...  3.5150660e-18
  9.4719393e-18  2.4156708e-17]","[3.1892359e-17 3.3927600e-17 3.4030641e-17 ... 3.2404307e-17 3.4807472e-17
 3.9088109e-17]"
8845-58159-0205,[ 3596.666   3597.4934  3598.3208 ... 10325.231  10327.612  10329.994 ],"[ 1.6535097e-17 -4.7759119e-17  6.5350749e-17 ... -2.4965234e-19
  1.1097760e-17  2.4838548e-17]","[2.7804591e-17 2.8001930e-17 2.7494873e-17 ... 2.8407434e-17 3.1427391e-17
 3.1270848e-17]"
8845-58159-0276,[ 3596.666   3597.4934  3598.3208 ... 10325.231  10327.612  10329.994 ],"[-3.8512563e-17  4.7218026e-16 -6.4283681e-16 ...  5.0465110e-18
  1.8192329e-17  3.2892291e-17]","[3.8931007e-17 3.8089225e-17 4.0331977e-17 ... 2.5411276e-17 2.7673256e-17
 2.7830730e-17]"
8845-58159-0407,[ 3596.666   3597.4934  3598.3208 ... 10325.231  10327.612  10329.994 ],"[-1.3678417e-17  2.5329038e-17  3.4325441e-17 ... -3.8127319e-17
 -1.2635455e-17  1.8479533e-17]","[3.3133533e-17 3.1482130e-17 3.2974668e-17 ... 4.4811970e-17 4.9820764e-17
 4.9040647e-17]"
8845-58159-0980,[ 3588.3923  3589.22    3590.0457 ... 10360.958  10363.348  10365.737 ],"[ 5.5646174e-17 -3.7974886e-18 -6.3199021e-17 ... -6.6920890e-17
 -3.6465999e-17  6.2174879e-17]","[6.3876343e-17 0.0000000e+00 6.4780398e-17 ... 6.4898811e-17 4.1486853e-17
 2.5433731e-17]"
8848-57875-0047,[ 3580.9636  3581.7893  3582.6133 ... 10320.482  10322.862  10325.231 ],"[ 2.5301954e-16 -4.2472571e-17 -9.5120688e-17 ...  4.5022643e-18
  3.8925329e-18 -1.1191678e-17]","[3.7983836e-17 3.4896133e-17 3.5223620e-17 ... 2.4463139e-17 1.9796328e-17
 2.2316929e-17]"
8850-57782-0193,[ 3574.374   3575.1963  3576.0208 ... 10322.862  10325.231  10327.612 ],"[ 5.2405396e-17  6.0516712e-17  1.8792063e-16 ...  5.7903834e-17
  9.7789036e-18 -7.2563807e-18]","[9.9292239e-17 9.6614279e-17 1.0017330e-16 ... 2.2036022e-17 2.1408587e-17
 2.2194042e-17]"
8850-57782-0660,[ 3608.2788  3609.109   3609.9392 ... 10363.348  10365.737  10368.116 ],"[ 6.5714980e-17 -4.3702506e-17  6.6475549e-17 ... -2.6389910e-17
 -2.5139169e-17 -2.3888364e-17]","[9.1815579e-17 5.6377282e-17 4.1824790e-17 ... 3.1158239e-17 0.0000000e+00
 2.6369868e-17]"
8852-57449-0555,[ 3614.0994  3614.9307  3615.7625 ... 10382.458  10384.841  10387.236 ],"[ 5.1710875e-17 -5.7374789e-17  7.5398446e-17 ...  1.7104615e-16
  2.0764629e-16  2.4424894e-16]","[4.3174834e-17 3.8199237e-17 4.0814782e-17 ... 0.0000000e+00 0.0000000e+00
 1.2916595e-16]"
8854-57450-0839,[ 3614.0994  3614.9307  3615.7625 ... 10382.458  10384.841  10387.236 ],"[-5.2643333e-17  3.5316648e-17  3.2193264e-18 ...  3.4095545e-18
  8.6643192e-17  3.7098912e-17]","[3.7606910e-17 3.7887397e-17 3.6534831e-17 ... 1.0117313e-16 9.7365901e-17
 6.8014932e-17]"
8856-57453-0400,[ 3571.083   3571.9065  3572.7283 ... 10320.482  10322.862  10325.231 ],"[1.1928007e-16 5.4861864e-17 8.6424446e-17 ... 5.5060839e-18 1.4121622e-17
 1.8707831e-17]","[7.4200503e-17 4.0605453e-17 4.0810729e-17 ... 2.2993275e-17 1.7864446e-17
 2.1503334e-17]"
8857-57449-0935,[ 3614.0994  3614.9307  3615.7625 ... 10387.236  10389.631  10392.016 ],"[ 7.6924747e-19  3.0275641e-17  6.4437482e-17 ...  3.9612280e-17
  9.9163358e-17 -8.7240053e-17]","[3.2311203e-17 3.2946650e-17 3.3239012e-17 ... 3.4360355e-17 3.6333270e-17
 4.4247410e-17]"
8863-57724-0702,[ 3614.0994  3614.9307  3615.7625 ... 10363.348  10365.737  10368.116 ],"[ 7.5212549e-17  3.3744648e-17 -3.9941832e-17 ...  2.5203414e-17
  3.5484576e-17  4.5766183e-17]","[6.9957841e-17 6.1151140e-17 5.8916164e-17 ... 4.1437110e-17 0.0000000e+00
 3.7277917e-17]"
8864-57428-0589,[ 3612.435   3613.266   3614.0994 ... 10389.631  10392.016  10394.412 ],"[ 7.0790898e-17  1.1102347e-16  6.8872070e-17 ...  9.0701479e-18
 -9.4222588e-17 -1.1103419e-16]","[5.6156412e-17 5.5100403e-17 5.3121486e-17 ... 5.0325291e-17 6.4897302e-17
 7.0190199e-17]"
8864-57428-0684,[ 3612.435   3613.266   3614.0994 ... 10389.631  10392.016  10394.412 ],"[ 6.8046690e-17 -3.4899217e-17 -6.1498291e-17 ...  7.4603082e-17
 -7.1545928e-17 -1.7405426e-16]","[5.7220728e-17 5.1854712e-17 5.1362539e-17 ... 5.8213147e-17 7.0948711e-17
 7.4481420e-17]"
8868-57781-0811,[ 3610.7717  3611.6023  3612.435  ... 10363.348  10365.737  10368.116 ],"[-7.5284010e-17 -3.2668962e-17  4.7974944e-17 ... -1.4675771e-17
 -9.7613698e-18 -4.8468756e-18]","[5.0427971e-17 4.9466148e-17 5.3953656e-17 ... 2.2137052e-17 0.0000000e+00
 2.1757795e-17]"
8870-57779-0144,[ 3574.374   3575.1963  3576.0208 ... 10327.612  10329.994  10332.376 ],"[-1.9309391e-16 -5.7798617e-17  7.7400494e-17 ...  1.9933747e-17
  5.5213790e-17 -6.6939715e-18]","[2.4042149e-16 0.0000000e+00 7.1014144e-17 ... 2.5871151e-17 2.5694098e-17
 2.9442634e-17]"
8871-57519-0943,[ 3615.7625  3616.5962  3617.4282 ... 10387.236  10389.631  10392.016 ],"[-1.5694810e-18 -5.0545010e-17 -6.1436067e-17 ...  1.0727971e-16
  2.5638231e-17 -5.6005593e-17]","[3.6784500e-17 3.9185008e-17 3.9052490e-17 ... 5.4438794e-17 0.0000000e+00
 4.3655274e-17]"
8873-57427-0394,[ 3567.7969  3568.6177  3569.4385 ... 10318.104  10320.482  10322.862 ],"[ 9.77428127e-18  2.58502081e-17  1.16927125e-17 ... -4.29183918e-17
  2.14570303e-17  1.91959586e-17]","[3.8567597e-17 1.7460678e-17 1.7067082e-17 ... 3.4253910e-17 2.8930814e-17
 3.2829131e-17]"
8874-57426-0453,[ 3568.6177  3569.4385  3570.2617 ... 10315.736  10318.104  10320.482 ],"[ 2.2109411e-17 -1.9269048e-17  8.4830209e-18 ... -5.6225041e-17
 -5.9978840e-17  1.5537628e-17]","[1.10044575e-16 5.20396496e-17 4.98429523e-17 ... 3.95683368e-17
 8.17514180e-17 5.00876026e-17]"
8875-57779-0107,[ 3574.374   3575.1963  3576.0208 ... 10322.862  10325.231  10327.612 ],"[-6.5557935e-17 -1.8832577e-17  2.7885456e-17 ...  2.2177526e-17
  1.7722613e-17  2.3195817e-17]","[4.3926483e-17 0.0000000e+00 4.3534360e-17 ... 2.8787341e-17 2.3964129e-17
 2.2640911e-17]"
8875-57779-0276,[ 3573.552   3574.374   3575.1963 ... 10322.862  10325.231  10327.612 ],"[ 1.1239107e-16 -2.5202751e-17 -8.1126342e-18 ...  2.2258269e-17
  3.1718515e-17  1.7614139e-17]","[8.0732987e-17 4.4945355e-17 4.2741236e-17 ... 1.9473790e-17 1.8649528e-17
 1.8579243e-17]"
8875-57779-0921,[ 3608.2788  3609.109   3609.9392 ... 10363.348  10365.737  10368.116 ],"[ 7.16611909e-17  2.26105122e-17 -1.21803975e-17 ... -9.46383096e-17
 -5.57705617e-17 -1.69029974e-17]","[3.6484174e-17 3.7342989e-17 3.6092372e-17 ... 4.4610099e-17 0.0000000e+00
 3.7721329e-17]"
8876-57783-0079,[ 3576.0208  3576.8435  3577.6682 ... 10325.231  10327.612  10329.994 ],"[ 8.7925607e-17  9.3435113e-17 -5.5745720e-17 ... -1.0403490e-17
  6.3662500e-17  3.8168158e-17]","[4.1296281e-17 4.1959213e-17 4.0152611e-17 ... 3.3730371e-17 3.7776614e-17
 3.5676829e-17]"
8876-57783-0254,[ 3576.8435  3577.6682  3578.4915 ... 10327.612  10329.994  10332.376 ],"[-2.5517876e-16 -2.4281417e-16 -2.3045260e-16 ...  3.6109151e-18
  4.6654335e-18 -1.0358324e-17]","[4.6601281e-17 0.0000000e+00 4.5499728e-17 ... 2.2648804e-17 2.1708803e-17
 2.5051042e-17]"
8876-57783-0570,[ 3610.7717  3611.6023  3612.435  ... 10339.515  10341.888  10344.272 ],"[ 1.0320781e-16 -3.7468281e-17  2.1233414e-17 ...  7.7597992e-17
  3.2787726e-17 -1.2023822e-17]","[4.8599468e-17 4.8021587e-17 5.3316261e-17 ... 4.0731277e-17 0.0000000e+00
 5.1873621e-17]"
8877-57782-0354,[ 3576.0208  3576.8435  3577.6682 ... 10327.612  10329.994  10332.376 ],"[ 5.0353855e-17  3.6089354e-17  2.1829745e-17 ...  3.0565131e-17
 -2.6822013e-17  1.0015867e-17]","[6.6078291e-17 0.0000000e+00 6.2885235e-17 ... 2.4184824e-17 2.0367465e-17
 2.7385043e-17]"
8877-57782-0529,[3609.9392 3610.7717 3611.6023 ... 8042.666  8044.516  8046.371 ],"[-2.7178349e-18  1.4484705e-17  1.8602579e-17 ...  9.1498790e-19
  4.4545914e-18  3.8233421e-18]","[8.3092311e-17 7.1533818e-17 6.9032788e-17 ... 2.0939684e-18 2.1223004e-18
 2.0705991e-18]"
8877-57782-0555,[ 3610.7717  3611.6023  3612.435  ... 10353.806  10356.193  10358.569 ],"[-6.98220243e-17 -3.90223083e-17 -1.21628571e-16 ... -1.05576926e-16
 -1.73402917e-16  6.39637062e-17]","[6.7039084e-17 6.2589276e-17 5.8591645e-17 ... 7.5006660e-17 6.3413049e-17
 4.9860942e-17]"
8955-57451-0671,[ 3614.9307  3615.7625  3616.5962 ... 10377.672  10380.064  10382.458 ],"[ 1.5840262e-17 -2.1210246e-17  2.3332738e-17 ... -6.8883287e-17
 -2.9300914e-17  1.0283672e-17]","[3.1541154e-17 2.9788951e-17 3.0434880e-17 ... 6.5639740e-17 0.0000000e+00
 5.8005716e-17]"
9139-58038-0182,[ 3599.1506  3599.9788  3600.8088 ... 10325.231  10327.612  10329.994 ],"[ 3.3290059e-17 -2.7455193e-17  4.6025329e-17 ... -3.2683458e-17
  8.6502768e-18 -5.5599408e-18]","[4.1226119e-17 4.1704474e-17 4.3912828e-17 ... 2.2271724e-17 2.2010608e-17
 2.3030411e-17]"
9140-58039-0456,[ 3600.8088  3601.6372  3602.4678 ... 10322.862  10325.231  10327.612 ],"[-2.0206916e-17  6.5845919e-17 -5.4675720e-18 ... -1.6619030e-17
 -6.5798638e-17 -2.0981358e-17]","[2.6775383e-17 2.7888434e-17 2.7192583e-17 ... 3.8558098e-17 5.1023438e-17
 5.3161068e-17]"
9142-57664-0516,[ 3606.6172  3607.447   3608.2788 ... 10334.747  10337.131  10339.515 ],"[-1.7736344e-17 -1.7370687e-17  1.6040026e-17 ... -3.9653751e-17
 -4.5272265e-18  3.0602242e-17]","[3.4090241e-17 3.3770876e-17 3.3399330e-17 ... 3.2783659e-17 0.0000000e+00
 7.4181637e-17]"
9143-57665-0908,[ 3608.2788  3609.109   3609.9392 ... 10339.515  10341.888  10344.272 ],"[ 1.5551131e-17 -1.6488555e-17  6.0150715e-17 ...  6.3821127e-17
 -3.9397729e-17 -1.4261997e-16]","[3.1806190e-17 3.1376946e-17 2.9796723e-17 ... 2.7840716e-17 0.0000000e+00
 6.3366588e-17]"
9145-58041-0225,[ 3599.9788  3600.8088  3601.6372 ... 10329.994  10332.376  10334.747 ],"[ 7.8198823e-17  2.5011102e-16  1.5018008e-17 ...  4.2016401e-17
 -1.7283785e-17 -2.1968092e-17]","[7.5016811e-17 7.5394025e-17 6.6979852e-17 ... 2.1474300e-17 2.5388479e-17
 3.3058369e-17]"
9146-58042-0760,[ 3590.8735  3591.6995  3592.526  ... 10358.569  10360.958  10363.348 ],"[ 1.5848393e-17  3.9179264e-17  4.1032215e-17 ...  1.5119591e-17
 -6.2986952e-17  7.0409738e-18]","[4.4656328e-17 3.3253997e-17 3.3129169e-17 ... 2.7136583e-17 3.1043324e-17
 3.4956911e-17]"
9149-58039-0400,[ 3601.6372  3602.4678  3603.2964 ... 10325.231  10327.612  10329.994 ],"[-4.5079451e-17  2.5811018e-17  7.4315018e-17 ... -2.3091754e-17
  3.4132855e-18  2.1563450e-17]","[2.0732607e-17 1.9238547e-17 2.1718409e-17 ... 2.1996592e-17 2.8020694e-17
 2.4369388e-17]"
9149-58039-0721,[ 3592.526   3593.3542  3594.181  ... 10353.806  10356.193  10358.569 ],"[ 2.07466758e-17  2.53097911e-17  2.98742366e-17 ... -1.86114804e-16
 -1.49797098e-17  1.22321624e-17]","[4.2596903e-17 0.0000000e+00 3.6843438e-17 ... 8.8459562e-17 7.2313109e-17
 5.9098276e-17]"
9151-58067-0686,[ 3593.3542  3594.181   3595.0098 ... 10358.569  10360.958  10363.348 ],"[-5.3613563e-18 -1.3780651e-17 -2.2199061e-17 ...  1.5659912e-17
 -2.0504443e-17  1.0359582e-17]","[7.0226370e-17 0.0000000e+00 3.3256525e-17 ... 3.2616655e-17 2.8425847e-17
 1.3505500e-17]"
9153-58022-0368,[ 3595.8367  3596.666   3597.4934 ... 10322.862  10325.231  10327.612 ],"[ 3.2476537e-17 -3.7884121e-17 -1.1297479e-16 ...  4.4234592e-18
 -6.1194153e-17 -3.0430774e-17]","[3.5382489e-17 3.1982965e-17 2.9819715e-17 ... 2.7060310e-17 3.1054309e-17
 2.9108555e-17]"
9153-58022-0458,[ 3595.8367  3596.666   3597.4934 ... 10325.231  10327.612  10329.994 ],"[ 4.3984542e-17  1.7835043e-17 -1.2449610e-16 ... -3.0883308e-17
  9.8805930e-18  3.9833064e-17]","[2.5147606e-17 2.2732227e-17 2.2867780e-17 ... 3.2563986e-17 2.9272622e-17
 3.1153571e-17]"
9153-58022-0985,[ 3585.915   3586.74    3587.5671 ... 10356.193  10358.569  10360.958 ],"[8.5729330e-17 3.3579496e-17 1.7580606e-17 ... 6.8369409e-17 1.3449025e-16
 2.5022327e-18]","[6.3208318e-17 3.8239819e-17 3.4034376e-17 ... 4.0700145e-17 5.3837017e-17
 4.9233446e-17]"
9154-58013-0675,[ 3590.0457  3590.8735  3591.6995 ... 10363.348  10365.737  10368.116 ],"[-6.5996010e-17 -2.6586129e-17  1.2837426e-17 ...  5.2571954e-17
  1.1539719e-16 -4.8742130e-18]","[3.6164293e-17 0.0000000e+00 3.6853911e-17 ... 6.3324732e-17 1.0822453e-16
 9.7801389e-17]"
9154-58013-0916,[ 3590.0457  3590.8735  3591.6995 ... 10363.348  10365.737  10368.116 ],"[8.9030409e-17 5.7616908e-17 2.6214785e-17 ... 1.1257614e-17 6.0400735e-17
 9.3869793e-17]","[4.4671978e-17 0.0000000e+00 4.2745418e-17 ... 6.3707062e-17 9.8500125e-17
 1.0150711e-16]"
9155-58043-0018,[ 3600.8088  3601.6372  3602.4678 ... 10327.612  10329.994  10332.376 ],"[ 1.9628313e-17  3.8480134e-17 -2.4113468e-17 ...  8.1849965e-17
  2.9981763e-17 -9.1312977e-17]","[3.3680257e-17 3.5658724e-17 3.4974014e-17 ... 3.4502276e-17 3.5852939e-17
 4.6230205e-17]"
9156-58039-0345,[ 3599.1506  3599.9788  3600.8088 ... 10329.994  10332.376  10334.747 ],"[-2.6821126e-16  2.1853799e-16  3.0215313e-17 ...  6.4438316e-17
  9.2746791e-18 -5.4046152e-17]","[4.4353659e-17 4.1221596e-17 4.1139116e-17 ... 3.2846426e-17 4.3570587e-17
 4.0953431e-17]"
9161-57691-0171,[ 3576.8435  3577.6682  3578.4915 ... 10322.862  10325.231  10327.612 ],"[ 5.2077974e-17 -4.2658151e-18 -4.1133926e-18 ... -1.6532816e-17
 -3.9483786e-17 -4.6940706e-17]","[4.2935012e-17 3.0706801e-17 2.9481270e-17 ... 3.4073505e-17 3.6708181e-17
 3.7031073e-17]"
9162-58040-0096,[ 3600.8088  3601.6372  3602.4678 ... 10325.231  10327.612  10329.994 ],"[ 3.1535119e-17  5.9761874e-17 -2.5085961e-17 ... -2.6591499e-17
  2.0106560e-17  5.7125788e-17]","[5.3876437e-17 5.1944875e-17 4.6604937e-17 ... 2.1621444e-17 2.2122107e-17
 2.4079209e-17]"
9162-58040-0917,[ 3594.181   3595.0098  3595.8367 ... 10356.193  10358.569  10360.958 ],"[ 1.5747975e-17 -3.6417837e-17 -8.8555706e-17 ...  3.0152295e-17
  2.1503491e-17 -4.3307345e-17]","[5.2165881e-17 0.0000000e+00 4.0282829e-17 ... 2.4705766e-17 2.8269248e-17
 2.9284907e-17]"
9162-58040-0989,[ 3593.3542  3594.181   3595.0098 ... 10356.193  10358.569  10360.958 ],"[-1.3292614e-17  1.5928281e-17 -2.2313544e-18 ...  3.8404973e-17
  4.3857550e-17 -1.0667262e-17]","[9.4781902e-17 5.3563128e-17 4.9217822e-17 ... 2.5693603e-17 2.9332804e-17
 3.1551994e-17]"
9163-58043-0392,[ 3595.8367  3596.666   3597.4934 ... 10327.612  10329.994  10332.376 ],"[ 1.5181710e-16 -8.1061199e-17 -2.9369345e-17 ...  8.6780246e-18
  5.1790724e-17 -5.8840273e-18]","[3.5469217e-17 3.3298248e-17 3.1718303e-17 ... 2.7419952e-17 2.2798307e-17
 3.5682461e-17]"
9163-58043-0530,[ 3590.8735  3591.6995  3592.526  ... 10356.193  10358.569  10360.958 ],"[-1.0960419e-17  5.9269926e-17  3.7048546e-17 ...  6.2236321e-18
  2.5465996e-17 -1.1495261e-17]","[4.5792110e-17 4.5187080e-17 3.8848273e-17 ... 2.9645988e-17 2.9040455e-17
 2.9790390e-17]"
9166-58051-0633,[ 3591.6995  3592.526   3593.3542 ... 10356.193  10358.569  10360.958 ],"[ 6.37768743e-18  2.28115767e-17  9.26089907e-18 ...  1.48725751e-16
  1.25550731e-16 -1.01215706e-16]","[5.2695081e-17 4.6508392e-17 4.4219994e-17 ... 3.5949336e-17 4.0424207e-17
 4.2731343e-17]"
9173-58069-0912,[ 3590.8735  3591.6995  3592.526  ... 10356.193  10358.569  10360.958 ],"[ 5.2192559e-17  1.8018553e-17  3.5921072e-17 ...  9.8762222e-17
  6.0122908e-17 -5.7894411e-17]","[6.6697452e-17 3.3376314e-17 3.0760954e-17 ... 3.7943370e-17 3.1960892e-17
 3.1406082e-17]"
9175-58049-0211,[ 3598.3208  3599.1506  3599.9788 ... 10327.612  10329.994  10332.376 ],"[-6.7759605e-17 -3.8609108e-17  7.7626930e-18 ...  7.0389834e-17
  5.4698641e-17 -6.4960148e-17]","[3.7121560e-17 3.5801743e-17 3.7020276e-17 ... 2.5534938e-17 2.3006598e-17
 3.8313381e-17]"
9175-58049-0356,[ 3598.3208  3599.1506  3599.9788 ... 10327.612  10329.994  10332.376 ],"[-4.82332886e-17  8.15802644e-17  1.04667564e-16 ...  8.04213910e-17
  3.33832030e-17 -6.60032292e-17]","[3.0183129e-17 3.0521410e-17 2.9199393e-17 ... 2.4180799e-17 2.2517621e-17
 3.8078098e-17]"
9175-58049-0556,[ 3591.6995  3592.526   3593.3542 ... 10356.193  10358.569  10360.958 ],"[ 1.2046358e-16  4.9453830e-17 -2.1546480e-17 ...  8.1478726e-17
  3.4026935e-17  2.2435908e-17]","[3.5167011e-17 0.0000000e+00 3.3080584e-17 ... 8.4475132e-17 3.5197627e-17
 2.4191747e-17]"
9177-58044-0837,[ 3593.3542  3594.181   3595.0098 ... 10360.958  10363.348  10365.737 ],"[ 1.2609005e-16  4.9509304e-17 -2.7107756e-17 ...  9.1832442e-18
  1.1064143e-17  1.2945076e-17]","[5.3880471e-17 0.0000000e+00 4.3544554e-17 ... 2.5553260e-17 0.0000000e+00
 1.9820061e-17]"
9178-58081-0508,[ 3592.526   3593.3542  3594.181  ... 10358.569  10360.958  10363.348 ],"[-3.7349372e-17  8.2202901e-18  1.6153492e-17 ... -4.8256803e-18
 -5.7336540e-17 -2.7490769e-17]","[4.1232346e-17 3.9264943e-17 3.7265605e-17 ... 3.5235803e-17 3.0295682e-17
 3.1399128e-17]"
9178-58081-0959,[ 3592.526   3593.3542  3594.181  ... 10358.569  10360.958  10363.348 ],"[-4.3253651e-17  8.5787603e-17 -7.0432040e-17 ...  8.4128318e-17
 -1.0864710e-17  5.5782804e-17]","[7.1897189e-17 4.5503215e-17 4.3650506e-17 ... 5.7895794e-17 5.0094256e-17
 3.8226352e-17]"
9179-57682-0664,[ 3606.6172  3607.447   3608.2788 ... 10360.958  10363.348  10365.737 ],"[-2.4722705e-17  8.7523147e-17 -7.6128859e-19 ...  1.3589734e-17
 -1.1139878e-17 -3.5869920e-17]","[3.6093874e-17 3.7452015e-17 3.9609815e-17 ... 4.4086126e-17 0.0000000e+00
 4.6934724e-17]"
9180-57693-0557,[ 3610.7717  3611.6023  3612.435  ... 10329.994  10332.376  10334.747 ],"[ 4.7798145e-17  1.5665247e-17 -5.0908404e-17 ... -1.9587915e-17
  1.4429349e-17  7.4343809e-18]","[2.7714971e-17 2.4899589e-17 2.0108648e-17 ... 2.0606191e-17 2.1684105e-17
 2.0138963e-17]"
9212-57715-0651,[ 3609.109   3609.9392  3610.7717 ... 10332.376  10334.747  10337.131 ],"[-6.7388942e-17  9.2923807e-18  9.4355303e-19 ...  2.1274377e-17
  2.0693309e-17  2.0112240e-17]","[3.3772391e-17 3.1947049e-17 3.3756387e-17 ... 2.4992849e-17 0.0000000e+00
 2.5677476e-17]"
9213-57712-0989,[ 3609.109   3609.9392  3610.7717 ... 10356.193  10358.569  10360.958 ],"[ 7.2207077e-17  5.3706210e-17 -3.8070041e-17 ...  7.6617505e-17
  4.0501449e-17  4.3870839e-18]","[7.1412653e-17 7.1276856e-17 6.7881882e-17 ... 2.9547087e-17 0.0000000e+00
 1.5355620e-17]"
9234-58037-0680,[ 3590.0457  3590.8735  3591.6995 ... 10356.193  10358.569  10360.958 ],"[ 1.7819413e-17  1.3529828e-17 -3.3827059e-18 ...  4.7815068e-18
  1.8906378e-17 -3.2678299e-18]","[5.3001740e-17 2.3205918e-17 2.5859964e-17 ... 1.3576626e-17 1.2079067e-17
 1.0612234e-17]"
9312-57784-0161,[ 3576.0208  3576.8435  3577.6682 ... 10329.994  10332.376  10334.747 ],"[ 7.3957332e-17  3.7802296e-17  1.6180208e-18 ...  7.9026963e-17
  6.6880448e-19 -7.7689875e-17]","[4.8782920e-17 0.0000000e+00 3.7970098e-17 ... 2.9235723e-17 0.0000000e+00
 3.7558662e-17]"
9322-57742-0328,[ 3573.552   3574.374   3575.1963 ... 10332.376  10334.747  10337.131 ],"[-3.3285915e-16 -2.4162282e-16 -1.5035812e-16 ...  1.2107087e-17
  1.3618442e-18 -9.3831332e-18]","[8.2099257e-17 0.0000000e+00 7.3958172e-17 ... 2.6749511e-17 0.0000000e+00
 2.6947566e-17]"
9352-57805-0086,[ 3575.1963  3576.0208  3576.8435 ... 10320.482  10322.862  10325.231 ],"[ 6.8614427e-17  5.6110189e-17  4.3610024e-17 ...  8.1240369e-18
 -2.5279786e-17 -8.4807371e-18]","[2.6523624e-17 0.0000000e+00 2.8577644e-17 ... 2.7487847e-17 2.4520332e-17
 2.3878095e-17]"
9356-57809-0909,[ 3608.2788  3609.109   3609.9392 ... 10353.806  10356.193  10358.569 ],"[ 1.1215632e-18  1.2023456e-17  2.2973138e-18 ... -3.0862244e-16
 -3.8806292e-17  7.1598305e-18]","[4.6444190e-17 4.4738308e-17 4.5237783e-17 ... 7.6074444e-17 6.1135622e-17
 5.4479071e-17]"
9357-57807-0868,[ 3610.7717  3611.6023  3612.435  ... 10356.193  10358.569  10360.958 ],"[-7.3114461e-17 -3.5809334e-17 -2.4392751e-17 ... -2.4931013e-18
  3.5005020e-17  7.2504002e-17]","[4.34785651e-17 4.03948160e-17 3.86773376e-17 ... 1.08599504e-16
 0.00000000e+00 3.66294336e-17]"
9358-57749-0258,[ 3574.374   3575.1963  3576.0208 ... 10329.994  10332.376  10334.747 ],"[ 3.9400042e-16 -2.2772338e-16  8.7723675e-17 ...  1.2893116e-17
  1.7186077e-17 -4.6126048e-18]","[4.3491228e-17 4.3026719e-17 4.2312343e-17 ... 1.9091110e-17 1.9517274e-17
 2.4783709e-17]"
9358-57749-0444,[ 3575.1963  3576.0208  3576.8435 ... 10329.994  10332.376  10334.747 ],"[ 4.6478862e-17  4.6592444e-17  4.6705969e-17 ...  2.7165887e-17
  4.3899597e-19 -5.0734041e-17]","[4.3026620e-17 0.0000000e+00 4.4082251e-17 ... 2.4286994e-17 2.6850198e-17
 3.2055442e-17]"
9360-58055-0450,[ 3599.9788  3600.8088  3601.6372 ... 10327.612  10329.994  10332.376 ],"[-9.8225936e-18  3.1211556e-17  8.2621175e-17 ... -1.8323707e-17
  4.0795264e-17 -3.4715503e-17]","[3.6488105e-17 3.5781742e-17 3.3659382e-17 ... 3.0206346e-17 2.8459996e-17
 3.0160868e-17]"
9362-57801-0515,[ 3611.6023  3612.435   3613.266  ... 10356.193  10358.569  10360.958 ],"[ 2.0787823e-17  8.4328509e-17  3.2864743e-17 ... -2.7446480e-17
  5.2555936e-17  2.7768102e-17]","[4.6763733e-17 4.1692973e-17 3.9920282e-17 ... 4.4216003e-17 3.5408492e-17
 4.0358417e-17]"
9363-57742-0924,[ 3611.6023  3612.435   3613.266  ... 10356.193  10358.569  10360.958 ],"[ 5.5133580e-17  5.0036408e-18  6.4158166e-17 ... -1.4275758e-16
  9.3295590e-17 -4.9874921e-17]","[3.3065734e-17 2.6824665e-17 2.9633163e-17 ... 6.8804526e-17 7.6765881e-17
 5.1876860e-17]"
9365-57749-0142,[ 3571.083   3571.9065  3572.7283 ... 10329.994  10332.376  10334.747 ],"[-4.3180363e-17  5.5740863e-17  1.5461157e-16 ...  1.1306942e-16
  1.7755524e-17 -1.9949899e-17]","[9.1342253e-17 0.0000000e+00 7.3808711e-17 ... 2.9872248e-17 3.3971841e-17
 4.0260998e-17]"
9365-57749-0329,[ 3571.083   3571.9065  3572.7283 ... 10332.376  10334.747  10337.131 ],"[ 2.1686647e-16  1.2370474e-16  3.0592186e-17 ... -7.1869066e-18
 -5.9666086e-17 -4.0195221e-17]","[8.2236980e-17 0.0000000e+00 7.2125795e-17 ... 2.5474385e-17 2.9732709e-17
 2.3550277e-17]"
9365-57749-0930,[ 3605.786   3606.6172  3607.447  ... 10337.131  10339.515  10341.888 ],"[-3.2708442e-17 -4.6220821e-17 -5.0004230e-18 ...  2.0965126e-17
  2.5960946e-17  3.0956884e-17]","[6.3057831e-17 6.0455362e-17 4.0171256e-17 ... 4.0307929e-17 0.0000000e+00
 5.9730030e-17]"
9367-57758-0312,[ 3574.374   3575.1963  3576.0208 ... 10327.612  10329.994  10332.376 ],"[ 1.2596605e-16  9.9085027e-17  7.2216891e-17 ... -1.4040635e-18
  9.2729375e-17 -1.9493969e-17]","[4.9363059e-17 0.0000000e+00 4.6266127e-17 ... 2.0080549e-17 3.2348797e-17
 3.6248219e-17]"
9546-57864-0957,[ 3615.7625  3616.5962  3617.4282 ... 10358.569  10360.958  10363.348 ],"[ 2.0098318e-17 -1.8698993e-17 -1.5604736e-17 ...  6.6730983e-17
 -3.0110487e-18  1.5811209e-18]","[4.3786759e-17 3.9480980e-17 3.5886893e-17 ... 4.2317819e-17 3.0874702e-17
 1.9805592e-17]"
9556-57805-0335,[ 3578.4915  3579.3167  3580.14   ... 10325.231  10327.612  10329.994 ],"[-6.2588244e-17  2.4707834e-17  1.1196942e-16 ...  8.4993767e-18
  9.5691355e-18  4.8108841e-18]","[4.3531197e-17 0.0000000e+00 2.9736561e-17 ... 1.9644679e-17 1.9162059e-17
 1.9485411e-17]"
9576-57864-0397,[ 3576.0208  3576.8435  3577.6682 ... 10332.376  10334.747  10337.131 ],"[ 9.7971263e-18  2.1506803e-17  9.7966474e-18 ... -3.8739875e-18
 -4.7922755e-17 -3.7852380e-17]","[3.4915002e-17 3.0284793e-17 3.0013514e-17 ... 2.1406700e-17 2.5471717e-17
 2.6018116e-17]"
10227-58224-0664,[ 3597.4934  3598.3208  3599.1506 ... 10360.958  10363.348  10365.737 ],"[-1.0100574e-16 -3.2191113e-17  3.6623623e-17 ... -1.8788767e-17
  6.6960747e-17  1.1367352e-16]","[4.3258763e-17 0.0000000e+00 3.5373198e-17 ... 5.6605127e-17 5.2060230e-17
 5.3512524e-17]"
10227-58224-0867,[ 3596.666   3597.4934  3598.3208 ... 10360.958  10363.348  10365.737 ],"[ 1.0733978e-16 -6.3291579e-17 -3.3863060e-17 ...  1.2005861e-17
  4.6750792e-17  1.6793572e-16]","[4.7213656e-17 3.1616458e-17 2.8754634e-17 ... 5.6998693e-17 6.9184857e-17
 7.4322979e-17]"
10228-58223-0942,[ 3594.181   3595.0098  3595.8367 ... 10351.419  10353.806  10356.193 ],"[-5.0079570e-18  9.3730151e-17  6.8696086e-17 ...  1.7667392e-17
  5.9411381e-17  1.0115498e-16]","[9.5787720e-17 9.4512849e-17 3.6647919e-17 ... 4.2487437e-17 0.0000000e+00
 1.2239391e-16]"
10229-58441-0034,[ 3592.526   3593.3542  3594.181  ... 10325.231  10327.612  10329.994 ],"[ 1.4976875e-16 -1.2519319e-16  1.7310091e-16 ... -3.0757149e-17
 -5.3614328e-18  2.8975707e-18]","[4.4020004e-17 4.3696325e-17 4.3905791e-17 ... 2.4173061e-17 3.4682052e-17
 3.1409646e-17]"
10229-58441-0140,[ 3592.526   3593.3542  3594.181  ... 10325.231  10327.612  10329.994 ],"[ 3.4511844e-16 -9.6174238e-17  1.3962354e-17 ... -4.0547841e-17
 -5.7330207e-17 -4.3254684e-17]","[6.3217364e-17 6.1342404e-17 5.2378241e-17 ... 2.3458738e-17 3.2216799e-17
 2.9291858e-17]"
10229-58441-0244,[ 3592.526   3593.3542  3594.181  ... 10325.231  10327.612  10329.994 ],"[ 1.3281794e-16 -2.3948318e-17  9.9920672e-17 ... -2.0574516e-17
 -4.8656372e-17 -4.2088779e-17]","[6.0600152e-17 5.8531161e-17 5.6202840e-17 ... 2.9711176e-17 4.0670906e-17
 3.4016449e-17]"
10229-58441-0348,[ 3592.526   3593.3542  3594.181  ... 10325.231  10327.612  10329.994 ],"[ 1.39317465e-16  2.94148271e-17 -1.00523415e-16 ... -3.10844052e-17
 -5.50760633e-18  5.03133766e-17]","[3.8200852e-17 4.2232593e-17 3.7405071e-17 ... 2.5336332e-17 3.0072452e-17
 2.7645420e-17]"
10231-58171-0849,[ 3589.22    3590.0457  3590.8735 ... 10360.958  10363.348  10365.737 ],"[ 9.1807334e-17  6.0003179e-17  2.8206273e-17 ... -4.6274498e-17
  5.0157046e-17  1.0657959e-16]","[3.7315838e-17 0.0000000e+00 3.1784693e-17 ... 4.2530749e-17 3.7373658e-17
 4.1108765e-17]"
10232-58223-0216,[ 3599.9788  3600.8088  3601.6372 ... 10320.482  10322.862  10325.231 ],"[ 2.7902933e-17  9.6850832e-17  1.6924785e-16 ...  1.8650026e-17
 -8.4714123e-18 -1.0051279e-17]","[1.1521191e-16 1.1218652e-16 6.9395795e-17 ... 1.9411820e-17 1.7045210e-17
 1.7646866e-17]"
10233-58130-0221,[ 3593.3542  3594.181   3595.0098 ... 10327.612  10329.994  10332.376 ],"[ 4.2317852e-17  3.7700639e-17 -3.9275009e-17 ... -6.1168683e-18
  8.1009991e-18 -1.0082642e-17]","[5.4830812e-17 5.1577798e-17 5.0580735e-17 ... 2.5425610e-17 2.7074230e-17
 2.6879747e-17]"
10233-58130-0852,[ 3583.4395  3584.264   3585.0903 ... 10360.958  10363.348  10365.737 ],"[ 1.8102844e-16  9.0412264e-17 -1.5959683e-19 ... -4.6597827e-17
  7.7375269e-17  1.3537696e-16]","[4.0879041e-17 0.0000000e+00 4.3456228e-17 ... 9.3205547e-17 6.0614240e-17
 5.7090709e-17]"
10235-58127-0753,[ 3585.0903  3585.915   3586.74   ... 10363.348  10365.737  10368.116 ],"[3.5236565e-16 1.8234882e-16 1.2340924e-17 ... 3.6437316e-17 2.2827758e-17
 9.2182794e-18]","[5.2523153e-17 0.0000000e+00 5.6606524e-17 ... 3.0145767e-17 0.0000000e+00
 2.9997678e-17]"
10236-58154-0378,[ 3597.4934  3598.3208  3599.1506 ... 10325.231  10327.612  10329.994 ],"[ 2.3340373e-17  9.6058288e-17 -1.4599202e-16 ...  3.3568309e-17
 -4.0376820e-17  2.6312595e-18]","[4.8852857e-17 4.0770382e-17 4.1617627e-17 ... 3.4917011e-17 3.5386935e-17
 6.1611423e-17]"
10238-58155-0109,[ 3595.8367  3596.666   3597.4934 ... 10325.231  10327.612  10329.994 ],"[ 2.8785798e-16 -1.3005587e-16  1.7266847e-16 ... -4.8748103e-17
 -1.0300164e-17  7.8348761e-17]","[1.03143354e-16 9.36682782e-17 9.09760832e-17 ... 2.94186454e-17
 3.43052976e-17 4.03136365e-17]"
10238-58155-0859,[ 3589.22    3590.0457  3590.8735 ... 10360.958  10363.348  10365.737 ],"[ 1.5433160e-17  1.8279739e-17  3.3968423e-17 ... -5.9355913e-17
 -3.2548574e-17 -5.7405226e-18]","[3.2142194e-17 3.1057740e-17 3.1970289e-17 ... 7.6711757e-17 0.0000000e+00
 5.8625863e-17]"
10239-58142-0207,[ 3589.22    3590.0457  3590.8735 ... 10325.231  10327.612  10329.994 ],"[ 3.6224281e-17 -1.6090517e-17  7.5883756e-17 ... -1.1162001e-17
  3.5587719e-17  2.1229849e-17]","[6.8216215e-17 5.9829219e-17 6.1260990e-17 ... 2.0224210e-17 2.2048602e-17
 2.2949982e-17]"
10239-58142-0375,[ 3589.22    3590.0457  3590.8735 ... 10325.231  10327.612  10329.994 ],"[ 6.0615325e-17 -3.7540824e-17 -1.1017992e-17 ...  1.4596811e-18
  8.2296224e-18 -4.0659509e-18]","[5.5621894e-17 3.8220744e-17 3.7509974e-17 ... 1.7702742e-17 1.8825183e-17
 1.9382423e-17]"
10239-58142-0441,[ 3589.22    3590.0457  3590.8735 ... 10325.231  10327.612  10329.994 ],"[-5.0783616e-17  1.8706051e-18  1.7211610e-17 ...  9.7184367e-18
 -2.3528894e-17 -1.4882809e-17]","[4.0059520e-17 3.6125327e-17 3.4348963e-17 ... 2.3179890e-17 2.2265818e-17
 2.3542248e-17]"
10245-58161-0616,[ 3590.8735  3591.6995  3592.526  ... 10360.958  10363.348  10365.737 ],"[ 3.8696912e-17  5.0841978e-17  6.2986952e-17 ... -2.1580929e-17
  8.8330151e-17  4.3704190e-17]","[4.3537900e-17 0.0000000e+00 4.5664102e-17 ... 5.7014741e-17 5.3528856e-17
 4.1404919e-17]"
10245-58161-0714,[ 3590.8735  3591.6995  3592.526  ... 10363.348  10365.737  10368.116 ],"[-8.2875292e-17 -1.7726514e-17  4.7420445e-17 ...  2.9824342e-18
  1.4451629e-16  1.2138490e-16]","[3.6081215e-17 0.0000000e+00 3.1837331e-17 ... 5.4371356e-17 4.2289652e-17
 4.2113631e-17]"
10245-58161-0748,[ 3590.8735  3591.6995  3592.526  ... 10363.348  10365.737  10368.116 ],"[6.2576293e-17 1.0096840e-16 1.3935935e-16 ... 4.4504891e-17 1.4430110e-16
 1.3795568e-17]","[3.4136506e-17 0.0000000e+00 4.3991913e-17 ... 4.2342244e-17 3.3438839e-17
 2.6814903e-17]"
10246-58171-0979,[ 3590.0457  3590.8735  3591.6995 ... 10346.657  10349.043  10351.419 ],"[ 1.0073529e-16 -6.0489872e-17  1.7401361e-16 ...  6.0336149e-17
  8.1360837e-17  1.0238512e-16]","[2.7781733e-16 4.9375903e-17 4.4918521e-17 ... 6.7220760e-17 0.0000000e+00
 9.9699490e-17]"
10247-58162-0150,[ 3597.4934  3598.3208  3599.1506 ... 10327.612  10329.994  10332.376 ],"[ 5.3441552e-17  6.9013234e-17  6.3813125e-18 ... -2.6540952e-17
 -2.5859532e-17  1.9149980e-18]","[3.2853179e-17 3.2809295e-17 3.0602695e-17 ... 2.8547214e-17 3.8550809e-17
 4.3737493e-17]"
10248-58220-0268,[ 3605.786   3606.6172  3607.447  ... 10322.862  10325.231  10327.612 ],"[ 6.5698681e-17  1.6667243e-17 -4.3183070e-17 ... -3.1038526e-17
 -4.4477157e-17 -4.9902173e-18]","[2.6633498e-17 2.5890575e-17 2.3732591e-17 ... 2.2143891e-17 2.6235739e-17
 2.7949176e-17]"
10249-58229-0207,[ 3603.2964  3604.1252  3604.9565 ... 10322.862  10325.231  10327.612 ],"[-1.3987285e-16  2.3414540e-17  1.5932781e-16 ... -8.7593852e-20
 -4.9669606e-19  2.3762490e-17]","[5.1144772e-17 5.1719216e-17 5.8068139e-17 ... 2.2794335e-17 2.3822783e-17
 2.6673817e-17]"
10249-58467-0185,[ 3590.8735  3591.6995  3592.526  ... 10325.231  10327.612  10329.994 ],"[-4.0119144e-16  1.6024389e-16  8.5558116e-17 ... -2.3275115e-19
 -2.1866515e-17  2.6536156e-17]","[1.8465531e-16 6.0715447e-17 5.9298209e-17 ... 3.1641723e-17 3.5730917e-17
 3.7113506e-17]"
10251-58173-0702,[ 3585.915   3586.74    3587.5671 ... 10368.116  10370.507  10372.898 ],"[ 1.6347004e-16  1.2314866e-16 -5.1557029e-17 ... -5.5612875e-18
  1.2196559e-17  2.9955204e-17]","[4.0673685e-17 4.2447253e-17 3.5633667e-17 ... 4.5967244e-17 0.0000000e+00
 5.6877793e-17]"
10252-58485-0732,[ 3588.3923  3589.22    3590.0457 ... 10344.272  10346.657  10349.043 ],"[ 9.8723397e-17 -6.2420551e-17 -1.0825858e-16 ...  5.5645523e-18
  6.0755179e-17  1.9068770e-17]","[4.7052961e-17 4.3189737e-17 4.7079114e-17 ... 4.3109457e-17 3.8554587e-17
 6.9703731e-17]"
10253-58487-0173,[ 3595.8367  3596.666   3597.4934 ... 10329.994  10332.376  10334.747 ],"[-7.1720596e-17  9.6109513e-17  1.1279940e-17 ...  9.9460151e-17
  4.1952529e-17 -9.2050300e-17]","[4.6392640e-17 4.8007948e-17 4.5295798e-17 ... 3.8630592e-17 4.7583581e-17
 5.3596983e-17]"
10253-58487-0632,[ 3589.22    3590.0457  3590.8735 ... 10346.657  10349.043  10351.419 ],"[ 1.8036148e-16  1.6003835e-16  1.3971877e-16 ... -4.3269262e-17
  4.5550034e-19  4.4181073e-17]","[4.7263810e-17 0.0000000e+00 4.7356758e-17 ... 3.0307765e-17 0.0000000e+00
 6.3980654e-17]"
10254-58514-0108,[ 3597.4934  3598.3208  3599.1506 ... 10325.231  10327.612  10329.994 ],"[-1.05786946e-17  8.57527752e-17 -1.04752393e-16 ... -2.58067240e-18
 -1.42109190e-19  2.82634215e-17]","[6.1471226e-17 5.9871181e-17 6.0184139e-17 ... 1.7805346e-17 1.8414634e-17
 1.9857592e-17]"
10257-58526-0278,[ 3596.666   3597.4934  3598.3208 ... 10329.994  10332.376  10334.747 ],"[ 7.3812582e-17 -5.6426542e-17 -5.2218134e-18 ...  3.3611157e-17
 -2.1268238e-17 -4.7406869e-17]","[3.8573758e-17 3.4739465e-17 3.4784047e-17 ... 3.1817952e-17 3.6986064e-17
 4.5526026e-17]"
10258-58492-0263,[ 3597.4934  3598.3208  3599.1506 ... 10327.612  10329.994  10332.376 ],"[-8.3791452e-18  4.0024219e-17  1.5165207e-17 ...  1.1006145e-17
  5.8219519e-17 -5.4766929e-18]","[3.2433143e-17 3.4517205e-17 3.3020127e-17 ... 2.2870503e-17 2.4137913e-17
 2.4349118e-17]"
10259-58190-0490,[ 3593.3542  3594.181   3595.0098 ... 10327.612  10329.994  10332.376 ],"[ 1.2512338e-16  5.3378862e-17 -1.8355874e-17 ... -5.2644003e-18
  7.3276436e-17 -1.4481929e-17]","[4.7821402e-17 0.0000000e+00 4.5601713e-17 ... 3.6983897e-17 3.2753034e-17
 3.2069524e-17]"
10261-58462-0694,[ 3584.264   3585.0903  3585.915  ... 10349.043  10351.419  10353.806 ],"[ 1.3239030e-17  1.3858722e-17  1.4478433e-17 ...  1.4161579e-17
 -6.5915653e-18 -2.7344718e-17]","[2.8943989e-17 0.0000000e+00 3.1127706e-17 ... 6.5793443e-17 0.0000000e+00
 4.0461397e-17]"
10262-58543-0916,[ 3584.264   3585.0903  3585.915  ... 10363.348  10365.737  10368.116 ],"[ 8.9885568e-17 -4.0616477e-17 -5.8485190e-17 ...  1.9573789e-16
 -3.6138141e-17 -2.1698307e-16]","[6.2791730e-17 6.2528746e-17 4.9459567e-17 ... 1.1514411e-16 1.7767179e-16
 2.2377758e-16]"
10264-58162-0248,[ 3595.0098  3595.8367  3596.666  ... 10320.482  10322.862  10325.231 ],"[ 8.2267843e-17 -5.9822250e-19 -4.9311846e-17 ...  2.0451926e-17
  2.6401006e-18  2.8591314e-18]","[4.8721901e-17 4.4990066e-17 4.3571193e-17 ... 2.1358095e-17 1.7222612e-17
 1.6390413e-17]"
10264-58162-0960,[ 3589.22    3590.0457  3590.8735 ... 10363.348  10365.737  10368.116 ],"[ 3.4574093e-16  1.6532062e-16 -1.5081867e-17 ...  7.2161648e-17
  6.5767178e-17  5.9372622e-17]","[9.9197577e-17 0.0000000e+00 9.8429543e-17 ... 6.0162540e-17 0.0000000e+00
 7.0327246e-17]"
10265-58512-0970,[ 3586.74    3587.5671  3588.3923 ... 10365.737  10368.116  10370.507 ],"[-6.5554044e-17  5.7952836e-17  1.0633485e-16 ...  3.5353891e-17
 -8.7691038e-17 -2.1073495e-16]","[4.86328136e-17 5.44952245e-17 4.86319996e-17 ... 5.40800361e-17
 0.00000000e+00 1.10917734e-16]"
10266-58462-0298,[ 3590.8735  3591.6995  3592.526  ... 10325.231  10327.612  10329.994 ],"[ 7.0850666e-17 -8.8416608e-18  1.1393610e-17 ...  2.4371254e-17
 -7.7898493e-18  2.2502755e-17]","[5.5545800e-17 4.1723476e-17 3.8980628e-17 ... 2.6949801e-17 2.8662080e-17
 2.8571298e-17]"
10268-58487-0926,[ 3587.5671  3588.3923  3589.22   ... 10360.958  10363.348  10365.737 ],"[ 8.4746096e-19  5.9429155e-17  2.8480593e-17 ... -1.8549631e-16
 -4.3373622e-17  2.3677064e-16]","[3.2607066e-17 5.0187764e-17 3.1878462e-17 ... 8.5442589e-17 1.0316631e-16
 1.2164562e-16]"
10269-58220-0655,[ 3599.1506  3599.9788  3600.8088 ... 10346.657  10349.043  10351.419 ],"[-5.4226421e-17 -2.4937073e-17  4.3467440e-18 ...  6.3977705e-18
  3.8517388e-18  1.3056129e-18]","[7.7327008e-17 0.0000000e+00 4.1647287e-17 ... 3.6475978e-17 0.0000000e+00
 6.4734930e-17]"
10270-58488-0557,[ 3590.0457  3590.8735  3591.6995 ... 10349.043  10351.419  10353.806 ],"[ 8.2351342e-17  7.8069597e-17  7.3788600e-17 ... -2.1017015e-17
 -8.4586092e-18  4.1001920e-18]","[2.7246204e-17 0.0000000e+00 2.7478472e-17 ... 3.6733741e-17 0.0000000e+00
 2.6536449e-17]"
10271-58497-0338,[ 3596.666   3597.4934  3598.3208 ... 10329.994  10332.376  10334.747 ],"[ 3.3316208e-17 -3.9168769e-17 -1.3369710e-17 ...  3.6816016e-17
 -4.8504055e-18 -3.4144533e-17]","[3.4281266e-17 3.2855687e-17 3.1408706e-17 ... 2.2111613e-17 2.5667294e-17
 2.5575323e-17]"
10274-58170-0496,[ 3595.8367  3596.666   3597.4934 ... 10322.862  10325.231  10327.612 ],"[ 9.5320998e-17 -1.1714594e-16  9.4667678e-17 ...  1.0280857e-17
  9.4526296e-18  1.7423643e-17]","[3.6965577e-17 3.5442218e-17 3.7952241e-17 ... 2.4680143e-17 2.5352009e-17
 2.9387646e-17]"
10274-58170-0504,[ 3588.3923  3589.22    3590.0457 ... 10360.958  10363.348  10365.737 ],"[ 2.3593464e-17 -6.9458641e-17 -6.7329656e-17 ... -4.0568385e-17
  8.2478435e-18  3.7953168e-18]","[4.8954411e-17 4.2357696e-17 4.1873583e-17 ... 4.1402084e-17 3.8067553e-17
 3.2846674e-17]"
10274-58170-0541,[ 3588.3923  3589.22    3590.0457 ... 10360.958  10363.348  10365.737 ],"[5.4014791e-17 1.6962377e-17 2.2793793e-18 ... 5.8923160e-18 5.9925186e-17
 5.1261795e-17]","[5.3199423e-17 4.5209126e-17 4.2439130e-17 ... 4.4650806e-17 4.2056135e-17
 3.6626598e-17]"
10274-58170-0978,[ 3588.3923  3589.22    3590.0457 ... 10360.958  10363.348  10365.737 ],"[ 3.9781928e-17  2.6320293e-17  1.5601578e-17 ... -4.7286005e-17
  3.4171762e-18  3.4692215e-18]","[4.5086657e-17 4.8761142e-17 4.5206443e-17 ... 3.9011882e-17 3.6708158e-17
 2.8000510e-17]"
10275-58467-0086,[ 3590.0457  3590.8735  3591.6995 ... 10325.231  10327.612  10329.994 ],"[-2.3569422e-18 -1.0763220e-17  2.1651176e-17 ...  1.4107069e-17
 -8.9898849e-18 -1.4861636e-17]","[2.7280567e-17 2.5990048e-17 2.7693499e-17 ... 1.9664363e-17 2.2131844e-17
 2.0059127e-17]"
10288-58131-0316,[ 3592.526   3593.3542  3594.181  ... 10327.612  10329.994  10332.376 ],"[ 2.0821092e-17  2.5094039e-17 -2.1441688e-17 ...  3.0902909e-17
  6.4567667e-17 -3.0478558e-17]","[2.9813469e-17 3.1226796e-17 3.0456916e-17 ... 2.3246741e-17 2.3738390e-17
 2.7625761e-17]"
10288-58131-0478,[ 3592.526   3593.3542  3594.181  ... 10327.612  10329.994  10332.376 ],"[ 1.5767843e-17  2.8587915e-17  1.1126677e-17 ...  1.5873340e-17
  4.1429599e-17 -7.2527937e-17]","[2.3148605e-17 2.3907452e-17 2.2642206e-17 ... 3.8975444e-17 3.8830184e-17
 4.4766022e-17]"
10290-58099-0652,[ 3590.8735  3591.6995  3592.526  ... 10356.193  10358.569  10360.958 ],"[ 1.3926737e-16  6.3876165e-18  6.0740261e-18 ... -5.4444391e-18
 -2.7881863e-17 -5.0314803e-17]","[1.3746850e-16 3.6425745e-17 3.6111582e-17 ... 4.7562157e-17 0.0000000e+00
 1.3383068e-16]"
10292-58113-0915,[ 3592.526   3593.3542  3594.181  ... 10363.348  10365.737  10368.116 ],"[-2.4301407e-17  7.5763697e-18  3.9442662e-17 ... -4.5771655e-17
  1.0647720e-16  5.9094617e-17]","[2.1137944e-16 0.0000000e+00 3.4902052e-17 ... 7.2541953e-17 1.1505249e-16
 1.1201455e-16]"
10293-58132-0159,[ 3591.6995  3592.526   3593.3542 ... 10325.231  10327.612  10329.994 ],"[-3.1791072e-17  1.0154701e-16  2.9566836e-17 ... -3.3561542e-18
  2.4003758e-18 -1.9014248e-18]","[2.1142804e-17 2.2370608e-17 2.3178205e-17 ... 4.3500667e-17 4.5862079e-17
 4.1382781e-17]"
10654-58429-0805,[ 3586.74    3587.5671  3588.3923 ... 10351.419  10353.806  10356.193 ],"[-1.1169201e-16 -7.4102889e-17  1.3924423e-17 ...  1.4353385e-17
 -1.4333364e-17 -4.3020473e-17]","[7.5501632e-17 5.4143266e-17 4.3057646e-17 ... 4.6460948e-17 0.0000000e+00
 2.9997460e-17]"
10656-58163-0142,[ 3590.8735  3591.6995  3592.526  ... 10325.231  10327.612  10329.994 ],"[-3.1535232e-17  3.5290077e-18  8.2594785e-17 ...  4.5591740e-17
  2.9365729e-17  7.9863147e-18]","[3.3033987e-17 3.2978679e-17 3.4337597e-17 ... 3.1734377e-17 2.6715861e-17
 2.8635898e-17]"
10656-58163-0972,[ 3586.74    3587.5671  3588.3923 ... 10351.419  10353.806  10356.193 ],"[4.2886231e-17 2.4447040e-17 2.6455557e-17 ... 1.8372495e-17 1.9111995e-17
 1.9851508e-17]","[8.9088967e-17 5.0970184e-17 5.2858773e-17 ... 3.4795594e-17 0.0000000e+00
 3.7531692e-17]"
10657-58157-0221,[ 3592.526   3593.3542  3594.181  ... 10320.482  10322.862  10325.231 ],"[-2.6857171e-17  9.2716941e-17 -1.9740847e-16 ...  2.2358968e-17
  3.4419644e-17  8.9972998e-18]","[5.4450491e-17 4.7720493e-17 4.7631736e-17 ... 5.0518448e-17 3.4694350e-17
 3.6653303e-17]"
10657-58157-0381,[ 3593.3542  3594.181   3595.0098 ... 10320.482  10322.862  10325.231 ],"[ 2.5667902e-17 -7.9780412e-17  1.6213260e-16 ... -4.2748400e-17
  5.9062489e-17  2.2351194e-18]","[3.8766508e-17 3.6509221e-17 3.5059594e-17 ... 4.3417705e-17 3.2868263e-17
 3.3213730e-17]"
10657-58157-0521,[ 3587.5671  3588.3923  3589.22   ... 10363.348  10365.737  10368.116 ],"[ 6.3068981e-17  8.8280037e-17  1.1349764e-16 ...  4.8033624e-17
 -2.2163879e-17 -9.2361756e-17]","[4.2903023e-17 0.0000000e+00 4.6740201e-17 ... 4.4482554e-17 0.0000000e+00
 3.9725220e-17]"
10659-58161-0510,[ 3587.5671  3588.3923  3589.22   ... 10349.043  10351.419  10353.806 ],"[ 4.0215629e-17  3.8147221e-17  3.6078296e-17 ... -2.2388411e-17
  1.4322426e-17  5.1033910e-17]","[7.2958197e-17 0.0000000e+00 4.8099368e-17 ... 9.1336238e-17 0.0000000e+00
 6.0627892e-17]"
10661-58171-0692,[ 3588.3923  3589.22    3590.0457 ... 10351.419  10353.806  10356.193 ],"[ 4.2991104e-17  8.4988374e-17  5.4205003e-17 ... -3.6041847e-18
 -3.9577055e-17 -7.5550310e-17]","[3.1949788e-17 3.1126790e-17 2.9664794e-17 ... 4.4496824e-17 0.0000000e+00
 4.6617021e-17]"
10662-58158-0295,[ 3593.3542  3594.181   3595.0098 ... 10322.862  10325.231  10327.612 ],"[-5.1148048e-17 -5.6516837e-17  1.4640043e-17 ...  2.1480655e-17
 -7.0093937e-18  3.1851910e-19]","[3.6722736e-17 3.6014931e-17 3.7800493e-17 ... 2.3197604e-17 2.4650730e-17
 2.4055908e-17]"
10664-58464-0753,[ 3585.0903  3585.915   3586.74   ... 10363.348  10365.737  10368.116 ],"[-9.9443005e-17  1.4225409e-16 -1.6784108e-17 ... -8.6653241e-18
  1.0116219e-16  6.4168548e-18]","[2.8048255e-17 2.7912945e-17 2.4883206e-17 ... 5.4817590e-17 7.9809271e-17
 5.7662231e-17]"
10664-58464-0840,[ 3585.0903  3585.915   3586.74   ... 10363.348  10365.737  10368.116 ],"[ 8.6520935e-17 -5.2666868e-17 -5.8177697e-17 ...  4.6671942e-17
  5.8285118e-17 -1.8845315e-17]","[3.3814591e-17 3.1409881e-17 2.6706046e-17 ... 5.1948600e-17 7.7295330e-17
 8.1944098e-17]"
10665-58456-0073,[ 3590.8735  3591.6995  3592.526  ... 10327.612  10329.994  10332.376 ],"[ 1.7526001e-16 -6.5848295e-17 -1.8817977e-17 ...  3.8906891e-18
 -3.2717979e-18 -2.4225491e-17]","[4.0630870e-17 3.8862934e-17 3.9773315e-17 ... 2.4275061e-17 2.2939662e-17
 2.4472294e-17]"
10666-58440-0478,[ 3591.6995  3592.526   3593.3542 ... 10325.231  10327.612  10329.994 ],"[ 7.2077289e-17 -2.0448597e-16  2.4414258e-16 ...  1.7030487e-17
  1.0767057e-17  5.3713383e-17]","[3.1725775e-17 3.3055630e-17 3.5633210e-17 ... 3.5323395e-17 3.8856515e-17
 3.7585138e-17]"
10666-58440-0886,[ 3585.0903  3585.915   3586.74   ... 10353.806  10356.193  10358.569 ],"[-3.4601537e-17 -1.5453549e-17  3.6924842e-18 ...  4.2307109e-17
 -2.5274433e-18 -4.7361698e-17]","[3.7469816e-17 0.0000000e+00 3.7293484e-17 ... 4.7629923e-17 0.0000000e+00
 1.4043760e-16]"
10667-58163-0044,[ 3594.181   3595.0098  3595.8367 ... 10315.736  10318.104  10320.482 ],"[ 1.6176725e-17  7.1224261e-17  4.9710519e-18 ... -6.9303005e-17
  3.0365503e-18  1.4223824e-17]","[3.8278246e-17 5.2585870e-17 4.8162293e-17 ... 4.9008794e-17 4.5610587e-17
 4.0173360e-17]"
10667-58163-0401,[ 3594.181   3595.0098  3595.8367 ... 10315.736  10318.104  10320.482 ],"[-1.7357847e-17  1.1907867e-17  4.3874497e-17 ... -8.8407105e-17
 -7.8429242e-17  1.6825512e-17]","[2.9544956e-17 3.1407552e-17 3.1955450e-17 ... 5.5453341e-17 4.7282087e-17
 4.1218469e-17]"
10720-58250-0845,[ 3600.8088  3601.6372  3602.4678 ... 10349.043  10351.419  10353.806 ],"[ 9.1685897e-17  4.3698019e-17 -4.2842219e-18 ...  4.8683674e-18
  6.6616362e-18  3.2381613e-17]","[4.0343163e-17 0.0000000e+00 3.2090065e-17 ... 3.9661712e-17 4.5804991e-17
 3.3952965e-17]"
10720-58250-0923,[ 3599.9788  3600.8088  3601.6372 ... 10349.043  10351.419  10353.806 ],"[-1.8145244e-17 -2.6225164e-17 -2.5129499e-17 ... -2.4036474e-17
 -3.0442351e-17  3.4855475e-17]","[2.9821906e-17 3.1089792e-17 3.4992986e-17 ... 4.4022565e-17 4.3018411e-17
 3.7313045e-17]"
10722-58281-0567,[ 3597.4934  3598.3208  3599.1506 ... 10363.348  10365.737  10368.116 ],"[-1.02632196e-16  8.19256140e-18  6.20936296e-17 ...  8.70498324e-18
  9.08852208e-18  9.47207084e-18]","[1.1501380e-16 9.0593860e-17 6.8586872e-17 ... 3.6711956e-17 0.0000000e+00
 3.9321883e-17]"
10722-58281-0643,[ 3598.3208  3599.1506  3599.9788 ... 10363.348  10365.737  10368.116 ],"[-1.5634521e-17 -8.7535210e-17 -1.5940930e-16 ...  2.7808998e-17
  2.2586469e-17  1.7363783e-17]","[6.3465982e-17 0.0000000e+00 3.8954751e-17 ... 5.1881443e-17 0.0000000e+00
 6.5338044e-17]"
10724-58391-0285,[ 3598.3208  3599.1506  3599.9788 ... 10329.994  10332.376  10334.747 ],"[-5.0434132e-17  8.9145956e-17  1.1746256e-16 ...  3.7488600e-17
  2.5360322e-18 -2.2608054e-17]","[4.9594487e-17 4.9653783e-17 4.9832828e-17 ... 1.8504624e-17 1.9587084e-17
 2.5043594e-17]"
10724-58391-0328,[ 3598.3208  3599.1506  3599.9788 ... 10329.994  10332.376  10334.747 ],"[ 5.6792255e-17  8.2267996e-17  9.2951523e-17 ...  6.8788254e-17
 -5.2045939e-18  1.8850242e-17]","[3.9917675e-17 3.7181137e-17 3.6266268e-17 ... 3.2843524e-17 3.4429871e-17
 5.0525849e-17]"
10724-58391-0490,[ 3597.4934  3598.3208  3599.1506 ... 10329.994  10332.376  10334.747 ],"[ 4.8960179e-17  1.8196873e-17 -3.2501670e-17 ...  1.7555741e-17
  4.2873853e-17 -2.9433773e-17]","[5.2593857e-17 4.7450071e-17 4.3449349e-17 ... 2.5144989e-17 3.2085578e-17
 3.7105142e-17]"
10725-58250-0070,[ 3607.447   3608.2788  3609.109  ... 10322.862  10325.231  10327.612 ],"[ 1.5476377e-16  6.6213783e-17  5.1405804e-17 ...  3.5933986e-17
 -7.7083260e-19 -1.7559350e-17]","[5.7219842e-17 5.4181564e-17 5.5078916e-17 ... 1.7284022e-17 1.7785394e-17
 1.8176009e-17]"
10729-58248-0203,[ 3608.2788  3609.109   3609.9392 ... 10322.862  10325.231  10327.612 ],"[ 1.13799194e-16  1.16442175e-16 -1.04630976e-16 ...  7.76077642e-18
  1.37272784e-18  3.50275172e-18]","[5.3718661e-17 4.6830354e-17 4.4731281e-17 ... 1.8674178e-17 2.1109568e-17
 2.2542789e-17]"
10730-58244-0832,[ 3600.8088  3601.6372  3602.4678 ... 10346.657  10349.043  10351.419 ],"[ 2.6583664e-17  4.4152797e-17  6.1719956e-17 ... -2.7419830e-17
  9.6460112e-18  3.8942396e-17]","[4.4284160e-17 0.0000000e+00 4.7304275e-17 ... 4.7707000e-17 7.6987208e-17
 8.2879136e-17]"
10732-58253-0579,[ 3602.4678  3603.2964  3604.1252 ... 10346.657  10349.043  10351.419 ],"[ 2.4532864e-16  1.8125745e-16  1.1721362e-16 ... -8.7304207e-18
 -2.6301796e-17 -4.3873719e-17]","[3.9427418e-17 0.0000000e+00 4.2802884e-17 ... 3.5005274e-17 0.0000000e+00
 6.2725748e-17]"
10733-58244-0245,[ 3605.786   3606.6172  3607.447  ... 10320.482  10322.862  10325.231 ],"[5.1297712e-17 1.0353119e-16 6.9567431e-17 ... 3.1362598e-18 2.6800833e-20
 5.1835313e-17]","[5.9027251e-17 5.8773512e-17 5.7779843e-17 ... 2.8453385e-17 1.7795797e-17
 1.7353564e-17]"
10734-58280-0988,[ 3599.9788  3600.8088  3601.6372 ... 10346.657  10349.043  10351.419 ],"[ 2.1983203e-17 -1.1239730e-17 -2.1764469e-17 ...  1.3476141e-17
 -1.0444635e-17 -3.2756796e-17]","[1.5175720e-17 1.4676990e-17 1.3314945e-17 ... 3.6961613e-17 5.6702794e-17
 4.3613399e-17]"
10737-58254-0146,[ 3606.6172  3607.447   3608.2788 ... 10320.482  10322.862  10325.231 ],"[ 8.9968200e-18 -8.6063405e-17  2.6902965e-16 ... -3.9746628e-18
  2.2595846e-17  8.9467698e-18]","[3.8527605e-17 4.2106610e-17 4.4022847e-17 ... 3.3028670e-17 2.6958250e-17
 2.4246874e-17]"
10738-58251-0120,[ 3607.447   3608.2788  3609.109  ... 10322.862  10325.231  10327.612 ],"[-3.7954335e-17  2.4043340e-17  3.2728197e-18 ... -1.9971232e-17
 -2.7933608e-17 -1.1674282e-17]","[3.9409459e-17 3.8720589e-17 3.7939853e-17 ... 1.9999315e-17 2.3074827e-17
 2.6618272e-17]"
10738-58251-0402,[ 3607.447   3608.2788  3609.109  ... 10322.862  10325.231  10327.612 ],"[ 1.5151095e-17  3.1867166e-17 -4.1503486e-17 ...  1.3089662e-17
  2.9025360e-18 -1.4845096e-17]","[3.2509687e-17 3.0174983e-17 2.8859455e-17 ... 2.1528615e-17 2.4503494e-17
 2.2988762e-17]"
10738-58251-0422,[ 3607.447   3608.2788  3609.109  ... 10322.862  10325.231  10327.612 ],"[ 2.2339308e-17 -9.0125381e-18  1.4321512e-17 ...  2.2956739e-18
 -1.7000719e-18 -5.8620677e-18]","[3.2873464e-17 3.0708865e-17 2.8796334e-17 ... 1.9598097e-17 2.2651502e-17
 2.0587104e-17]"
10738-58251-0464,[ 3607.447   3608.2788  3609.109  ... 10322.862  10325.231  10327.612 ],"[ 6.4201914e-17  8.1402910e-17  4.3190630e-17 ...  2.6789513e-19
 -4.4492511e-18  6.1043353e-18]","[3.6569734e-17 3.5171802e-17 3.1883931e-17 ... 2.0675464e-17 2.3164703e-17
 2.3567254e-17]"
10738-58251-0472,[ 3608.2788  3609.109   3609.9392 ... 10322.862  10325.231  10327.612 ],"[-1.3536133e-16  7.9240693e-17  4.8029299e-17 ...  1.4727779e-17
 -1.6629532e-17 -3.7590253e-17]","[3.0236552e-17 2.7420922e-17 2.9656155e-17 ... 2.1508999e-17 2.2632553e-17
 2.1440687e-17]"
10738-58251-0894,[ 3601.6372  3602.4678  3603.2964 ... 10351.419  10353.806  10356.193 ],"[9.2675284e-17 7.4320391e-17 7.4404069e-17 ... 2.9897288e-17 1.6942330e-17
 3.9873844e-18]","[5.2705275e-17 4.0842357e-17 3.8533292e-17 ... 4.2839667e-17 0.0000000e+00
 3.0801202e-17]"
10739-58255-0293,[ 3609.109   3609.9392  3610.7717 ... 10320.482  10322.862  10325.231 ],"[ 4.1260150e-16 -2.3409426e-16  1.4759299e-16 ...  2.0706199e-17
  1.7590965e-17 -1.0204830e-17]","[4.4539500e-17 4.2550750e-17 4.0309775e-17 ... 2.3184554e-17 2.2339341e-17
 2.2178489e-17]"
10740-58223-0845,[ 3598.3208  3599.1506  3599.9788 ... 10365.737  10368.116  10370.507 ],"[ 9.6270542e-17  5.1029649e-17  5.7874386e-18 ...  1.6663229e-16
  3.4853397e-17 -9.6930864e-17]","[3.8465718e-17 0.0000000e+00 3.9243179e-17 ... 5.8211122e-17 0.0000000e+00
 1.1659808e-16]"
10742-58198-0306,[ 3599.1506  3599.9788  3600.8088 ... 10322.862  10325.231  10327.612 ],"[ 3.7138813e-16 -2.9127608e-16  1.9139145e-16 ...  2.2999534e-17
 -4.1027232e-17  5.9534563e-18]","[5.3389406e-17 4.9043327e-17 4.6569987e-17 ... 2.3191843e-17 2.6167591e-17
 3.4176089e-17]"
10744-58199-0567,[ 3594.181   3595.0098  3595.8367 ... 10349.043  10351.419  10353.806 ],"[-5.2666791e-17 -1.8779372e-17  1.5101618e-17 ... -5.4848986e-18
  2.6201862e-18  2.4778031e-17]","[4.5558365e-17 0.0000000e+00 5.4358200e-17 ... 4.0531211e-17 4.3501792e-17
 3.4722352e-17]"
10745-58501-0265,[ 3596.666   3597.4934  3598.3208 ... 10329.994  10332.376  10334.747 ],"[ 1.1567828e-16  1.7618631e-18 -7.0876223e-17 ...  5.3176606e-17
 -1.5306429e-18 -1.3533863e-17]","[5.3260892e-17 4.7539757e-17 4.7097424e-17 ... 2.6201900e-17 3.0056557e-17
 3.8975073e-17]"
10746-58257-0494,[ 3606.6172  3607.447   3608.2788 ... 10322.862  10325.231  10327.612 ],"[3.1572809e-17 5.3205809e-17 2.9480419e-17 ... 2.7303133e-17 5.3286336e-17
 5.9569068e-17]","[4.8211289e-17 4.5102632e-17 4.1832542e-17 ... 3.0459242e-17 3.5193273e-17
 4.1886838e-17]"
10746-58257-0764,[ 3601.6372  3602.4678  3603.2964 ... 10363.348  10365.737  10368.116 ],"[-1.0286859e-16 -9.3699129e-17 -8.4532743e-17 ...  4.6906461e-17
  1.0250091e-16 -1.5396429e-16]","[4.1077333e-17 0.0000000e+00 4.3735703e-17 ... 6.8225493e-17 1.3162893e-16
 1.9430925e-16]"
10748-58224-0084,[ 3606.6172  3607.447   3608.2788 ... 10325.231  10327.612  10329.994 ],"[ 5.4338269e-17  4.4050488e-17 -1.3601886e-17 ...  2.2529159e-17
  1.9771895e-17 -1.0156676e-18]","[3.1749329e-17 2.8710665e-17 2.6345393e-17 ... 2.5003188e-17 2.5992028e-17
 2.6183266e-17]"
10750-58199-0076,[ 3599.1506  3599.9788  3600.8088 ... 10322.862  10325.231  10327.612 ],"[-2.6725079e-17 -6.7765647e-17  3.4253572e-17 ... -1.5234731e-17
 -4.1683835e-17 -7.4358880e-18]","[4.9819616e-17 5.0570213e-17 5.5093283e-17 ... 2.0314141e-17 2.4682064e-17
 2.6253045e-17]"
10753-58242-0310,[ 3604.1252  3604.9565  3605.786  ... 10320.482  10322.862  10325.231 ],"[ 9.1678161e-17 -7.2082821e-17  3.7227419e-17 ...  3.7543471e-17
  1.4792099e-17  9.8016246e-18]","[4.6437400e-17 4.2705988e-17 4.1793337e-17 ... 2.6474556e-17 2.0622402e-17
 2.2772431e-17]"
10753-58242-0507,[ 3597.4934  3598.3208  3599.1506 ... 10346.657  10349.043  10351.419 ],"[-2.1199226e-17 -1.2404923e-16 -3.2472638e-18 ...  2.3714337e-17
 -2.2003706e-17 -1.3725945e-16]","[7.1394773e-17 5.3056264e-17 4.2793865e-17 ... 4.3557094e-17 6.0676841e-17
 5.9940512e-17]"
10753-58242-0684,[ 3598.3208  3599.1506  3599.9788 ... 10346.657  10349.043  10351.419 ],"[-1.2687054e-17 -5.0586532e-18  2.5683176e-18 ... -1.4118623e-17
 -4.6150931e-17  5.5605273e-18]","[6.2168433e-17 0.0000000e+00 4.4638749e-17 ... 3.5243509e-17 6.1464648e-17
 4.6437327e-17]"
10753-58242-0913,[ 3598.3208  3599.1506  3599.9788 ... 10346.657  10349.043  10351.419 ],"[-1.26843680e-17  2.47748319e-17  6.22263292e-17 ...  4.12081794e-17
  1.64186997e-17 -1.05009206e-17]","[4.6627251e-17 0.0000000e+00 4.1281888e-17 ... 5.1360984e-17 6.8074847e-17
 6.2562389e-17]"
10756-58226-0312,[ 3605.786   3606.6172  3607.447  ... 10322.862  10325.231  10327.612 ],"[ 5.3277926e-17  4.7360805e-17  2.2047278e-17 ...  1.3578516e-17
  2.2574457e-19 -8.4300152e-18]","[1.3435049e-16 4.6556471e-17 4.3983645e-17 ... 2.1661377e-17 1.9076507e-17
 2.2367591e-17]"
10757-58223-0595,[ 3595.0098  3595.8367  3596.666  ... 10351.419  10353.806  10356.193 ],"[4.00339932e-17 2.32154145e-17 6.39237857e-18 ... 1.24178577e-18
 7.65153912e-17 1.06421954e-16]","[1.4327172e-16 0.0000000e+00 4.5665548e-17 ... 5.2955203e-17 3.8051470e-17
 5.2231188e-17]"
10759-58526-0432,[ 3594.181   3595.0098  3595.8367 ... 10329.994  10332.376  10334.747 ],"[ 1.03572224e-16  7.24786042e-17 -6.05565816e-18 ...  4.07849739e-17
  2.09112649e-17 -4.55143096e-17]","[5.7761850e-17 5.8285958e-17 4.0448053e-17 ... 2.4871854e-17 2.7171129e-17
 3.0851531e-17]"
10759-58526-0504,[ 3591.6995  3592.526   3593.3542 ... 10349.043  10351.419  10353.806 ],"[ 4.3954062e-17  4.6887555e-17 -3.0822634e-18 ... -4.0096564e-17
 -1.1263564e-16  1.9729085e-17]","[4.2274749e-17 4.5342951e-17 3.3878773e-17 ... 4.3397065e-17 5.2293776e-17
 4.2201858e-17]"
10759-58526-0857,[ 3586.74    3587.5671  3588.3923 ... 10353.806  10356.193  10358.569 ],"[2.3677697e-16 1.3768935e-16 3.8596049e-17 ... 5.1547187e-18 3.7489308e-17
 6.9821660e-17]","[5.3073916e-17 0.0000000e+00 4.8941057e-17 ... 6.8635411e-17 0.0000000e+00
 6.2511766e-17]"
10759-58526-0864,[ 3585.915   3586.74    3587.5671 ... 10353.806  10356.193  10358.569 ],"[ 1.1281985e-16  2.0713076e-17 -1.1787095e-16 ...  3.4388833e-17
 -8.6643240e-18 -5.1716599e-17]","[4.4103996e-17 3.6481087e-17 4.0360035e-17 ... 5.0165169e-17 0.0000000e+00
 3.3532913e-17]"
10761-58283-0478,[ 3607.447   3608.2788  3609.109  ... 10327.612  10329.994  10332.376 ],"[ 1.6321167e-17  2.5335801e-17 -1.5719059e-17 ... -1.3919732e-17
  1.8489518e-17 -3.2536180e-17]","[2.2928214e-17 2.2630328e-17 2.0702211e-17 ... 3.6854188e-17 3.6194290e-17
 3.9487932e-17]"
10761-58283-0548,[ 3599.1506  3599.9788  3600.8088 ... 10363.348  10365.737  10368.116 ],"[-1.6267393e-17 -5.9801424e-18 -3.7479716e-17 ...  3.1368221e-17
  8.6243181e-17 -2.7841890e-17]","[1.5088885e-16 3.8141665e-17 3.7325063e-17 ... 5.5923822e-17 5.5745475e-17
 5.3321412e-17]"
10762-58390-0526,[ 3588.3923  3589.22    3590.0457 ... 10360.958  10363.348  10365.737 ],"[ 3.74726846e-17  1.32555362e-16  3.24177012e-17 ... -3.95778758e-17
  1.30247016e-17 -5.96693617e-17]","[1.1325225e-16 4.3607496e-17 3.9942494e-17 ... 8.1747964e-17 7.2005675e-17
 6.3223611e-17]"
10763-58395-0993,[ 3589.22    3590.0457  3590.8735 ... 10363.348  10365.737  10368.116 ],"[ 1.7949912e-17 -2.5578019e-17 -2.8236220e-17 ...  2.3472702e-16
  6.2639066e-17 -1.0945000e-16]","[4.0944607e-17 3.6780550e-17 3.5089591e-17 ... 6.1690356e-17 0.0000000e+00
 5.7392147e-17]"
10901-58397-0198,[ 3595.8367  3596.666   3597.4934 ... 10332.376  10334.747  10337.131 ],"[ 2.3339915e-17  9.9314820e-18  1.9395013e-17 ...  9.2208966e-18
 -2.7270075e-17 -3.1519234e-17]","[4.7726267e-17 4.5463018e-17 4.5164846e-17 ... 3.6662395e-17 4.5079057e-17
 4.4810217e-17]"
10908-58392-0702,[ 3589.22    3590.0457  3590.8735 ... 10360.958  10363.348  10365.737 ],"[-2.6296444e-17  2.0090943e-16  2.0555954e-17 ...  1.1880721e-17
  9.6894832e-17  8.5085498e-17]","[7.8929726e-17 8.2553545e-17 6.6593691e-17 ... 3.8814408e-17 2.8870519e-17
 2.6057369e-17]"
10910-58254-0315,[ 3608.2788  3609.109   3609.9392 ... 10320.482  10322.862  10325.231 ],"[-2.1722428e-17 -6.8630811e-18 -1.1014111e-18 ...  3.5142247e-18
  2.0577962e-17  2.0831777e-18]","[2.35171336e-17 2.28239198e-17 2.30107899e-17 ... 1.94070849e-17
 1.20676023e-17 1.19096025e-17]"
10910-58254-0768,[ 3599.9788  3600.8088  3601.6372 ... 10363.348  10365.737  10368.116 ],"[3.6185105e-17 3.8645134e-18 1.1141269e-17 ... 8.3366710e-17 7.5889295e-17
 6.8411662e-17]","[5.3107189e-17 2.5705584e-17 2.5309541e-17 ... 7.0066096e-17 0.0000000e+00
 9.7993864e-17]"
10911-58256-0376,[ 3606.6172  3607.447   3608.2788 ... 10325.231  10327.612  10329.994 ],"[-4.0505476e-17 -1.9082648e-17  2.4117905e-17 ...  4.1033393e-17
 -1.1280968e-18 -7.4259205e-18]","[4.5887285e-17 2.6894763e-17 2.7917064e-17 ... 4.0469557e-17 3.4533434e-17
 3.4050188e-17]"
10911-58256-0594,[ 3598.3208  3599.1506  3599.9788 ... 10360.958  10363.348  10365.737 ],"[ 3.3274614e-17  1.5044736e-17 -4.1982159e-17 ...  8.6106458e-18
 -2.0436857e-17  1.6962161e-17]","[7.5167358e-17 7.3105409e-17 3.3039685e-17 ... 1.0044633e-16 7.8190941e-17
 7.1881625e-17]"
10911-58256-0936,[ 3599.1506  3599.9788  3600.8088 ... 10360.958  10363.348  10365.737 ],"[ 1.7519476e-16  1.0378019e-16  3.2353095e-17 ... -4.5076030e-17
  7.8113723e-17  2.0286204e-16]","[1.2703682e-16 0.0000000e+00 3.0787093e-17 ... 9.8815737e-17 9.7028564e-17
 9.5471519e-17]"
10912-58253-1000,[ 3601.6372  3602.4678  3603.2964 ... 10365.737  10368.116  10370.507 ],"[ 7.8016314e-17  5.8897913e-17  3.9778431e-17 ...  1.2977271e-16
 -9.7074583e-18 -1.4919094e-16]","[2.6432846e-17 0.0000000e+00 2.6116133e-17 ... 4.9030721e-17 0.0000000e+00
 1.4667876e-16]"
10917-58252-0635,[ 3600.8088  3601.6372  3602.4678 ... 10363.348  10365.737  10368.116 ],"[ 8.9357807e-18  2.9048876e-17  1.5238855e-16 ...  5.4529933e-17
  9.0527573e-18 -3.6424081e-17]","[4.0731402e-17 3.8805206e-17 3.0528828e-17 ... 6.0147618e-17 0.0000000e+00
 4.6418084e-17]"
10917-58252-0870,[ 3601.6372  3602.4678  3603.2964 ... 10363.348  10365.737  10368.116 ],"[-4.7442026e-18 -2.9860955e-17 -5.4972256e-17 ...  3.0993508e-17
  1.6966498e-17  2.9398175e-18]","[2.8969847e-17 0.0000000e+00 3.0790740e-17 ... 6.6784134e-17 0.0000000e+00
 8.2384456e-17]"
10918-58254-0794,[ 3601.6372  3602.4678  3603.2964 ... 10346.657  10349.043  10351.419 ],"[-7.5052982e-17  5.4719824e-17  6.4241096e-17 ...  2.1446543e-18
 -2.1613737e-18 -6.4675288e-18]","[3.9324524e-17 3.2150945e-17 3.3759603e-17 ... 2.9534623e-17 0.0000000e+00
 4.2927425e-17]"
10920-58252-0942,[ 3600.8088  3601.6372  3602.4678 ... 10360.958  10363.348  10365.737 ],"[-1.68229611e-16 -1.09249555e-16 -5.02981829e-17 ... -8.87468315e-17
  5.02315419e-17  1.11469311e-16]","[2.8662834e-17 0.0000000e+00 2.9051377e-17 ... 6.1370833e-17 5.4777138e-17
 4.8567410e-17]"
10925-58271-0340,[ 3605.786   3606.6172  3607.447  ... 10320.482  10322.862  10325.231 ],"[ 1.10346847e-16 -2.11145114e-17  8.05623823e-17 ...  2.25372637e-17
 -2.38171954e-18  8.38080371e-18]","[2.5634137e-17 2.5510407e-17 2.4578724e-17 ... 1.7818124e-17 1.4321251e-17
 1.6591329e-17]"
10925-58271-0552,[ 3602.4678  3603.2964  3604.1252 ... 10360.958  10363.348  10365.737 ],"[-1.05057687e-17  1.36680686e-17  3.78866224e-17 ... -4.80710355e-17
  1.35053489e-17  2.68162028e-17]","[3.7294993e-17 0.0000000e+00 3.0742012e-17 ... 4.5351438e-17 4.5949307e-17
 3.9846207e-17]"
10925-58271-0943,[ 3602.4678  3603.2964  3604.1252 ... 10365.737  10368.116  10370.507 ],"[-6.0037934e-17 -5.1752486e-17 -4.3452234e-17 ...  6.4836779e-17
 -1.8155366e-16 -4.2790328e-16]","[3.1973945e-17 0.0000000e+00 2.3593793e-17 ... 1.6381518e-16 0.0000000e+00
 4.3807636e-16]"
11040-58456-0558,[ 3584.264   3585.0903  3585.915  ... 10358.569  10360.958  10363.348 ],"[ 3.7582720e-17 -4.5035389e-17 -2.8599885e-17 ...  7.1932164e-18
  2.8086193e-17  3.9653781e-17]","[5.3492642e-17 3.4107750e-17 3.2783891e-17 ... 4.4248968e-17 3.8911641e-17
 3.0612826e-17]"
11044-58508-0764,[ 3584.264   3585.0903  3585.915  ... 10346.657  10349.043  10351.419 ],"[ 1.1275366e-16  8.5269298e-17 -1.1293574e-16 ... -1.4261618e-17
 -3.0633598e-17 -4.0765519e-17]","[8.9082620e-17 8.9861050e-17 3.0521505e-17 ... 5.4417575e-17 6.3454064e-17
 4.8383974e-17]"
11045-58485-0561,[ 3581.7893  3582.6133  3583.4395 ... 10360.958  10363.348  10365.737 ],"[-2.9589653e-17  1.4235978e-16 -8.1752080e-17 ... -4.3024039e-17
  2.6867544e-16  1.0413699e-16]","[1.4736019e-16 1.6900500e-16 1.5195113e-16 ... 9.7593396e-17 9.7308296e-17
 7.6679603e-17]"
11045-58485-0857,[ 3582.6133  3583.4395  3584.264  ... 10365.737  10368.116  10370.507 ],"[ 1.3980765e-16  1.4705024e-16  1.5429215e-16 ...  1.7258370e-16
 -6.3698717e-17 -2.9998016e-16]","[1.2918084e-16 0.0000000e+00 1.3322668e-16 ... 9.1401783e-17 0.0000000e+00
 2.0164522e-16]"
11051-58510-0034,[ 3595.0098  3595.8367  3596.666  ... 10325.231  10327.612  10329.994 ],"[-3.7372043e-17  2.8931018e-18  5.9613215e-18 ... -3.7933451e-17
 -1.3112979e-17 -8.9170219e-18]","[5.3307883e-17 5.2040818e-17 5.0635368e-17 ... 2.1269649e-17 2.0790950e-17
 2.2275719e-17]"
11051-58510-0340,[ 3595.0098  3595.8367  3596.666  ... 10325.231  10327.612  10329.994 ],"[-2.1847261e-18 -1.2245616e-17 -1.0380968e-16 ... -3.6431003e-17
  1.9178854e-17 -1.6953154e-17]","[5.1833602e-17 5.5355231e-17 5.2500227e-17 ... 3.3348610e-17 3.1810815e-17
 3.4647532e-17]"
11052-58438-0270,[ 3593.3542  3594.181   3595.0098 ... 10327.612  10329.994  10332.376 ],"[-1.4970945e-16  2.3266719e-16 -2.1578993e-16 ...  5.6068492e-17
  3.9601044e-17 -4.4180203e-17]","[8.9690982e-17 8.6079095e-17 7.6361761e-17 ... 2.5572032e-17 2.6199426e-17
 3.1587834e-17]"
11052-58438-0785,[ 3584.264   3585.0903  3585.915  ... 10360.958  10363.348  10365.737 ],"[ 6.3696931e-17  3.6713558e-17  2.5442428e-17 ... -3.8697696e-17
  2.5012810e-17  8.8729964e-17]","[1.0682000e-16 7.2247424e-17 6.6964890e-17 ... 4.6709665e-17 0.0000000e+00
 5.7827555e-17]"
11052-58438-0972,[ 3584.264   3585.0903  3585.915  ... 10356.193  10358.569  10360.958 ],"[ 7.7607409e-17  2.7155957e-17  8.6794957e-17 ... -4.2085517e-17
 -6.5344416e-17 -1.4059838e-16]","[7.7114786e-17 4.9913345e-17 5.5040777e-17 ... 1.0699736e-16 1.0321551e-16
 9.2009477e-17]"
11053-58437-0637,[ 3583.4395  3584.264   3585.0903 ... 10360.958  10363.348  10365.737 ],"[1.2869211e-16 3.7810095e-17 6.3829743e-17 ... 1.8829615e-17 4.6389811e-18
 7.3839808e-18]","[1.2566521e-16 4.5494702e-17 3.7202700e-17 ... 2.8205532e-17 2.3824525e-17
 1.9929210e-17]"
11060-58523-0232,[ 3594.181   3595.0098  3595.8367 ... 10327.612  10329.994  10332.376 ],"[ 2.3056361e-17  9.6530364e-19 -8.2442718e-18 ...  1.5545534e-17
  7.8942354e-18 -1.8957282e-17]","[1.67872252e-17 1.11735971e-17 1.05124606e-17 ... 9.62606374e-18
 1.19669386e-17 1.24547443e-17]"
11061-58428-0919,[ 3583.4395  3584.264   3585.0903 ... 10360.958  10363.348  10365.737 ],"[ 1.6237617e-17  4.8909221e-17  4.9338561e-17 ... -9.1841784e-17
  5.6003403e-17  7.1700896e-17]","[6.9202095e-17 7.0911593e-17 3.5632770e-17 ... 3.1878631e-17 3.1321813e-17
 3.2482340e-17]"
11063-58426-0155,[ 3590.8735  3591.6995  3592.526  ... 10327.612  10329.994  10332.376 ],"[ 7.4306237e-17 -4.4043983e-17  1.1146307e-17 ...  3.2946816e-17
  1.9256412e-17 -7.7049201e-17]","[5.6709948e-17 5.4150697e-17 5.3744095e-17 ... 2.1610441e-17 2.4659898e-17
 3.2774904e-17]"
11067-58507-0597,[ 3585.0903  3585.915   3586.74   ... 10363.348  10365.737  10368.116 ],"[ 1.1103040e-16  1.2690000e-16  6.9776212e-17 ...  5.5318537e-17
  3.4495900e-17 -1.1598081e-16]","[4.7095250e-17 4.8062281e-17 4.5147392e-17 ... 3.3742974e-17 3.9616558e-17
 3.1747523e-17]"
11068-58488-0571,[ 3586.74    3587.5671  3588.3923 ... 10358.569  10360.958  10363.348 ],"[ 2.8513041e-17  3.6605733e-17  4.4694534e-17 ... -3.6389425e-17
 -1.9901102e-17  2.7546100e-17]","[4.5078187e-17 0.0000000e+00 4.3211978e-17 ... 6.3010404e-17 5.7097518e-17
 4.2151797e-17]"
11070-58452-0319,[ 3590.8735  3591.6995  3592.526  ... 10325.231  10327.612  10329.994 ],"[ 7.2778983e-17  3.4371078e-17  3.3279070e-18 ... -3.6389669e-18
 -5.9192226e-18  1.0564930e-17]","[4.4320460e-17 4.4365187e-17 4.0568937e-17 ... 1.9970703e-17 2.0658935e-17
 2.1775099e-17]"
11071-58429-0002,[ 3592.526   3593.3542  3594.181  ... 10327.612  10329.994  10332.376 ],"[ 1.6306909e-16 -7.3445532e-17  1.4539851e-16 ...  2.6131340e-17
  4.3650047e-19 -1.5287294e-17]","[4.8566513e-17 4.6938334e-17 4.5329673e-17 ... 1.6065513e-17 1.5633527e-17
 1.8699071e-17]"
11076-58428-0587,[ 3588.3923  3589.22    3590.0457 ... 10346.657  10349.043  10351.419 ],"[ 5.6407153e-17 -2.4154347e-17  1.3994686e-16 ...  3.4410882e-17
  3.4093235e-17  3.3775561e-17]","[6.9812694e-17 4.2704562e-17 3.6776738e-17 ... 4.0455412e-17 0.0000000e+00
 4.2359956e-17]"
11077-58433-0691,[ 3585.0903  3585.915   3586.74   ... 10358.569  10360.958  10363.348 ],"[ 1.3329465e-16  9.9499835e-17  6.5724913e-17 ...  9.2938606e-17
 -6.6102028e-17  5.3377131e-17]","[9.0942083e-17 0.0000000e+00 4.1467835e-17 ... 4.7491063e-17 3.9704739e-17
 3.1079081e-17]"
11079-58485-0346,[ 3587.5671  3588.3923  3589.22   ... 10325.231  10327.612  10329.994 ],"[ 1.3769063e-16 -7.8428197e-17  4.3298531e-17 ... -4.0917064e-18
 -2.9386359e-17  1.3378168e-19]","[7.8976201e-17 7.6811303e-17 7.6051958e-17 ... 1.6136287e-17 1.5013254e-17
 1.6442369e-17]"
11079-58485-0406,[ 3587.5671  3588.3923  3589.22   ... 10327.612  10329.994  10332.376 ],"[ 1.06875325e-17  2.85658453e-17  1.62078712e-17 ... -7.16487138e-18
 -2.42728318e-19  2.08529354e-17]","[5.8613383e-17 5.8486189e-17 5.8927672e-17 ... 2.4944326e-17 2.6620111e-17
 2.8603638e-17]"
11079-58485-0787,[ 3580.14    3580.9636  3581.7893 ... 10358.569  10360.958  10363.348 ],"[-2.3931756e-17 -3.1520834e-18 -2.6013409e-17 ... -6.6556269e-17
  4.0603422e-18  7.4680102e-17]","[7.1474380e-17 4.4575426e-17 4.3708250e-17 ... 4.3829472e-17 0.0000000e+00
 4.9821264e-17]"
11079-58485-0856,[ 3580.14    3580.9636  3581.7893 ... 10358.569  10360.958  10363.348 ],"[ 5.4870546e-17  6.4038642e-17  1.3900172e-16 ... -5.1370096e-17
 -6.4314797e-19  5.0085128e-17]","[1.3948404e-16 5.3640707e-17 5.9079966e-17 ... 3.8385932e-17 0.0000000e+00
 3.9185700e-17]"
11081-58398-0250,[ 3596.666   3597.4934  3598.3208 ... 10332.376  10334.747  10337.131 ],"[ 1.0754909e-16 -7.5699235e-17  1.6466883e-16 ...  3.4822328e-17
 -6.3673498e-17 -8.4652367e-17]","[5.9249180e-17 5.4558246e-17 5.3888871e-17 ... 3.0993776e-17 3.6278841e-17
 3.9342245e-17]"
11083-58515-0182,[ 3592.526   3593.3542  3594.181  ... 10329.994  10332.376  10334.747 ],"[ 3.6240301e-17 -6.9791288e-18 -5.1907820e-17 ...  1.9913884e-17
 -2.3897618e-18 -4.3541510e-17]","[4.4591067e-17 4.1443694e-17 3.8390392e-17 ... 1.8493371e-17 2.3610459e-17
 2.3768572e-17]"
11084-58427-0652,[ 3586.74    3587.5671  3588.3923 ... 10349.043  10351.419  10353.806 ],"[ 3.8469328e-17  1.0818510e-16  2.6817874e-17 ... -6.7825124e-19
 -4.2412816e-17 -3.5985576e-17]","[6.0217994e-17 5.0913066e-17 4.7886108e-17 ... 3.9287691e-17 4.5892172e-17
 3.4109468e-17]"
11086-58401-0038,[ 3596.666   3597.4934  3598.3208 ... 10327.612  10329.994  10332.376 ],"[2.9809316e-17 1.1365243e-17 7.6460830e-17 ... 4.3816191e-18 7.9523655e-17
 6.8306802e-19]","[6.7874815e-17 5.1503587e-17 5.1375199e-17 ... 2.9392344e-17 3.5023515e-17
 3.2632814e-17]"
11090-58487-0312,[ 3591.6995  3592.526   3593.3542 ... 10329.994  10332.376  10334.747 ],"[ 2.7217180e-17  5.8625645e-17  3.1828543e-17 ...  7.3313130e-17
  3.4157527e-17 -2.9904541e-17]","[2.7293225e-17 2.9197520e-17 2.5526258e-17 ... 2.9229297e-17 3.3614297e-17
 4.4357706e-17]"
11097-58522-0008,[ 3595.0098  3595.8367  3596.666  ... 10320.482  10322.862  10325.231 ],"[-2.1274331e-18  7.2356739e-18  1.1067380e-17 ... -1.4596280e-17
  2.5845151e-17  5.5208833e-17]","[4.4531262e-17 4.1526730e-17 4.0019134e-17 ... 5.2693149e-17 4.6449735e-17
 5.1598650e-17]"
11097-58522-0393,[ 3594.181   3595.0098  3595.8367 ... 10320.482  10322.862  10325.231 ],"[ 8.7854039e-17 -2.1050979e-17  9.1343629e-17 ...  3.5355643e-18
  4.1312583e-17  2.2336396e-17]","[3.4477225e-17 3.4852104e-17 3.1227233e-17 ... 2.5154895e-17 2.5150079e-17
 2.6914967e-17]"
11097-58522-0418,[ 3595.0098  3595.8367  3596.666  ... 10320.482  10322.862  10325.231 ],"[ 5.5819173e-17 -4.4715065e-17  5.4335473e-17 ...  1.4887746e-17
  2.0803897e-17  3.3759100e-17]","[4.3389547e-17 3.9569442e-17 3.7938993e-17 ... 2.2107686e-17 2.0640051e-17
 2.1816636e-17]"
11097-58522-0639,[ 3587.5671  3588.3923  3589.22   ... 10349.043  10351.419  10353.806 ],"[ 1.66349098e-17  1.88700681e-19  1.34412565e-17 ...  2.80312650e-17
 -5.85751779e-18 -3.97482552e-17]","[4.2440401e-17 3.4964478e-17 3.5514847e-17 ... 4.1440571e-17 0.0000000e+00
 3.6242912e-17]"
11103-58488-0940,[ 3588.3923  3589.22    3590.0457 ... 10363.348  10365.737  10368.116 ],"[-2.7405624e-17  1.4344022e-17  2.1076655e-17 ...  1.0365660e-17
 -2.3059208e-17 -5.6485636e-17]","[5.1091151e-17 3.6200607e-17 3.5449540e-17 ... 3.4817974e-17 0.0000000e+00
 3.0421182e-17]"
11104-58436-0467,[ 3590.8735  3591.6995  3592.526  ... 10322.862  10325.231  10327.612 ],"[ 1.6913471e-16 -2.2656845e-16  3.3643238e-16 ...  1.5853434e-17
 -4.4681617e-18 -2.7166132e-17]","[3.7965383e-17 3.0136959e-17 3.0845704e-17 ... 1.9993860e-17 1.8517943e-17
 1.7064450e-17]"
11106-58511-0368,[ 3595.8367  3596.666   3597.4934 ... 10327.612  10329.994  10332.376 ],"[-1.6056709e-16  6.7946422e-17 -3.3814877e-18 ...  4.4405682e-18
 -3.2279741e-19 -4.6634583e-17]","[2.9100886e-17 2.9841030e-17 3.2440789e-17 ... 2.4947034e-17 2.4896492e-17
 3.5351109e-17]"
11108-58467-0596,[ 3584.264   3585.0903  3585.915  ... 10358.569  10360.958  10363.348 ],"[ 1.47661414e-16  6.80448830e-17 -1.16001774e-17 ...  8.34851621e-17
  4.03710296e-17 -1.12161191e-17]","[3.0579418e-17 0.0000000e+00 3.1669086e-17 ... 2.7353640e-17 3.1415483e-17
 3.2171853e-17]"
11112-58428-0300,[ 3592.526   3593.3542  3594.181  ... 10325.231  10327.612  10329.994 ],"[-5.6090414e-18  5.3790616e-17  1.7422523e-17 ...  2.4405875e-17
  8.8406500e-18 -9.0527870e-18]","[3.5901895e-17 3.7471950e-17 2.3864574e-17 ... 2.8565101e-17 3.5732793e-17
 3.5952512e-17]"
11114-58437-0519,[ 3584.264   3585.0903  3585.915  ... 10360.958  10363.348  10365.737 ],"[ 3.4544892e-17  8.8720820e-18  2.4127897e-17 ...  2.6421471e-17
 -6.9072354e-17 -1.9083212e-17]","[3.0248807e-17 2.5478021e-17 2.4607391e-17 ... 4.9825912e-17 4.2300144e-17
 3.7290351e-17]"
11115-58514-0584,[ 3587.5671  3588.3923  3589.22   ... 10365.737  10368.116  10370.507 ],"[ 3.4458872e-17  2.2157599e-17  9.8574675e-18 ...  8.8926965e-17
  1.6591802e-17 -5.5742676e-17]","[4.2664408e-17 0.0000000e+00 4.1040391e-17 ... 5.5469743e-17 0.0000000e+00
 5.1471029e-17]"
11118-58522-0208,[ 3590.8735  3591.6995  3592.526  ... 10327.612  10329.994  10332.376 ],"[-2.6456426e-16  6.9340989e-17 -6.2861553e-18 ...  4.1301370e-17
  2.9463935e-17 -4.1229200e-17]","[5.3380023e-17 5.3044595e-17 5.5218680e-17 ... 2.5773049e-17 2.4192859e-17
 2.8355258e-17]"
11119-58485-0846,[ 3587.5671  3588.3923  3589.22   ... 10365.737  10368.116  10370.507 ],"[-1.1962077e-16 -1.2435120e-16 -1.2908083e-16 ...  1.8423353e-16
  1.2465469e-17 -1.5929566e-16]","[5.2143358e-17 0.0000000e+00 4.4282760e-17 ... 5.4245181e-17 0.0000000e+00
 7.3332619e-17]"
11123-58429-0262,[ 3594.181   3595.0098  3595.8367 ... 10325.231  10327.612  10329.994 ],"[ 2.1695511e-17  1.1959809e-17  2.4395604e-17 ... -9.1058292e-18
 -6.1450321e-18  1.0697658e-17]","[4.0597277e-17 4.1856613e-17 4.0258606e-17 ... 2.6298285e-17 2.5046212e-17
 2.4366666e-17]"
11123-58429-0520,[ 3587.5671  3588.3923  3589.22   ... 10346.657  10349.043  10351.419 ],"[-2.3208221e-17  4.3291910e-17 -4.4705261e-17 ... -8.7210148e-18
  1.9187950e-17 -3.9428957e-17]","[3.7019588e-17 4.1242574e-17 4.1994848e-17 ... 3.2922123e-17 4.1319121e-17
 5.4396046e-17]"
11124-58430-0564,[ 3587.5671  3588.3923  3589.22   ... 10346.657  10349.043  10351.419 ],"[-6.0147260e-17  2.6738758e-19  6.0697706e-17 ...  6.4909661e-18
  3.3069857e-17  5.9649152e-17]","[2.1656642e-17 0.0000000e+00 2.4693040e-17 ... 5.1762557e-17 0.0000000e+00
 7.9240634e-17]"
11126-58436-0104,[ 3592.526   3593.3542  3594.181  ... 10325.231  10327.612  10329.994 ],"[ 6.1822506e-17  5.6163870e-17  6.9538632e-17 ... -3.5548299e-17
 -7.9973046e-17  5.8438007e-18]","[3.8949887e-17 4.0215205e-17 4.0648764e-17 ... 3.1340504e-17 3.5117658e-17
 3.7490677e-17]"
11278-58395-0299,[ 3597.4934  3598.3208  3599.1506 ... 10322.862  10325.231  10327.612 ],"[-2.85852417e-16  1.77988277e-16 -6.45699370e-17 ... -1.11870206e-17
  1.14041216e-17  4.07077913e-17]","[2.2359804e-17 2.0959005e-17 2.1621388e-17 ... 2.7510379e-17 2.7491414e-17
 3.0181028e-17]"
11278-58395-0481,[ 3598.3208  3599.1506  3599.9788 ... 10320.482  10322.862  10325.231 ],"[-2.9509857e-18  3.2018924e-17  3.9968232e-17 ... -4.2927617e-20
  1.3164705e-17 -1.6854783e-17]","[1.4057916e-17 1.4386997e-17 1.4183276e-17 ... 2.8055644e-17 2.0653145e-17
 1.8622689e-17]"
11281-58424-0022,[ 3590.8735  3591.6995  3592.526  ... 10322.862  10325.231  10327.612 ],"[ 4.5362730e-17  5.1199191e-17 -7.7004286e-18 ...  1.9290021e-17
 -4.9434709e-17 -6.5369317e-18]","[5.0997018e-17 5.1513030e-17 4.5581271e-17 ... 2.8810453e-17 3.2441256e-17
 3.0988310e-17]"
11284-58420-0485,[ 3592.526   3593.3542  3594.181  ... 10327.612  10329.994  10332.376 ],"[ 2.77612269e-17  1.96405665e-17  1.75929223e-17 ...  1.75020598e-17
  1.45656100e-17 -1.00978675e-16]","[9.39431421e-18 1.01433949e-17 1.03426396e-17 ... 2.07410757e-17
 2.52613829e-17 2.58252884e-17]"
11285-58402-0438,[ 3596.666   3597.4934  3598.3208 ... 10325.231  10327.612  10329.994 ],"[ 3.4557455e-17 -3.9518438e-17  2.3785622e-17 ... -8.8401446e-18
 -5.2265577e-18 -3.9698231e-17]","[2.3003684e-17 2.1402949e-17 2.1005754e-17 ... 4.1975194e-17 3.2887407e-17
 3.5337176e-17]"
11287-58429-0816,[ 3585.915   3586.74    3587.5671 ... 10344.272  10346.657  10349.043 ],"[ 5.2525866e-17  1.5823945e-17 -2.0880146e-17 ...  1.0528401e-17
 -1.0961898e-17 -5.8235904e-17]","[2.3908196e-17 0.0000000e+00 2.2575671e-17 ... 2.0503422e-17 2.7322300e-17
 4.3375714e-17]"
11288-58401-0038,[ 3596.666   3597.4934  3598.3208 ... 10327.612  10329.994  10332.376 ],"[1.0893268e-18 1.8407038e-17 1.2475189e-17 ... 5.4546387e-17 8.6987617e-17
 3.6100804e-19]","[1.3054861e-17 1.3416348e-17 1.2849030e-17 ... 2.7457511e-17 2.8765636e-17
 3.9199193e-17]"
11288-58401-0434,[ 3596.666   3597.4934  3598.3208 ... 10327.612  10329.994  10332.376 ],"[-2.2577734e-17 -6.9049134e-19 -1.7296689e-17 ...  6.6218998e-17
  1.0144198e-16 -2.5302155e-17]","[3.8623561e-17 3.7408783e-17 3.6521798e-17 ... 2.6463430e-17 2.8830368e-17
 4.0988215e-17]"
11288-58401-0544,[ 3587.5671  3588.3923  3589.22   ... 10358.569  10360.958  10363.348 ],"[ 1.0711947e-16  9.7031747e-17  1.0003023e-16 ...  6.7357053e-17
 -6.4227140e-17 -3.5147487e-18]","[5.8265008e-17 3.5649185e-17 3.5903073e-17 ... 4.9375566e-17 4.7848570e-17
 3.7412674e-17]"
11289-58398-0452,[ 3599.1506  3599.9788  3600.8088 ... 10329.994  10332.376  10334.747 ],"[-3.8639698e-17  3.5303556e-17  6.6110478e-17 ...  3.1027889e-17
 -7.7685503e-18 -3.6708787e-17]","[3.4243153e-17 3.6043803e-17 3.4609498e-17 ... 2.4713002e-17 2.7875920e-17
 2.8812143e-17]"
11294-58451-0145,[ 3585.915   3586.74    3587.5671 ... 10322.862  10325.231  10327.612 ],"[ 5.07387914e-18 -3.81394385e-17 -1.25678968e-18 ...  3.19998393e-17
  1.11963925e-17  1.75622091e-17]","[3.8308071e-17 2.0652271e-17 2.0314206e-17 ... 2.0599658e-17 2.3549559e-17
 2.7275748e-17]"
11296-58425-0255,[ 3590.0457  3590.8735  3591.6995 ... 10329.994  10332.376  10334.747 ],"[ 3.9933110e-17 -2.8281854e-17 -3.4510842e-17 ...  3.8068222e-17
 -2.0796183e-17 -6.2657151e-17]","[4.4722734e-17 3.8991306e-17 3.9082577e-17 ... 2.1676774e-17 2.2667760e-17
 2.2914640e-17]"
11296-58425-0600,[ 3585.0903  3585.915   3586.74   ... 10360.958  10363.348  10365.737 ],"[ 7.0475848e-17  3.5123310e-17 -2.1809237e-19 ... -1.3787422e-17
  4.6756801e-17 -4.0938650e-19]","[1.1771855e-16 0.0000000e+00 4.1695624e-17 ... 3.7008272e-17 2.8884204e-17
 2.9669476e-17]"
11302-58436-0172,[ 3590.8735  3591.6995  3592.526  ... 10318.104  10320.482  10322.862 ],"[ 1.6442429e-16  3.4627250e-17  9.1401100e-18 ... -4.8499221e-17
  3.4037390e-17  7.8876138e-17]","[6.3957301e-17 6.5477023e-17 6.3888936e-17 ... 2.8377109e-17 2.2637305e-17
 1.9080160e-17]"
11302-58436-0714,[ 3584.264   3585.0903  3585.915  ... 10349.043  10351.419  10353.806 ],"[-1.3837118e-16  4.5467663e-17  8.8267331e-17 ... -2.0072694e-17
  5.3244284e-18  3.0722957e-17]","[4.2930319e-16 6.2386365e-17 4.8725610e-17 ... 4.9600105e-17 0.0000000e+00
 3.1263900e-17]"
11303-58428-0708,[ 3586.74    3587.5671  3588.3923 ... 10346.657  10349.043  10351.419 ],"[-5.0946252e-17 -5.0818804e-17 -2.3615667e-17 ... -1.7278936e-17
  5.9431297e-18  2.9166193e-17]","[4.8606926e-17 4.9470880e-17 3.4339407e-17 ... 3.2085555e-17 0.0000000e+00
 4.7835203e-17]"
11304-58448-0588,[ 3583.4395  3584.264   3585.0903 ... 10360.958  10363.348  10365.737 ],"[ 3.54466282e-17  4.86878244e-17 -3.41528350e-17 ...  1.03926765e-17
 -7.02834273e-18 -2.44458903e-17]","[1.81552198e-17 1.69611830e-17 1.33569775e-17 ... 2.12854814e-17
 0.00000000e+00 1.51640454e-17]"
11312-58433-0676,[ 3585.0903  3585.915   3586.74   ... 10360.958  10363.348  10365.737 ],"[-7.6969030e-17 -6.6043126e-17 -5.5116977e-17 ... -1.3750250e-17
  5.3160443e-17  4.3585983e-17]","[2.6929755e-17 0.0000000e+00 2.9296722e-17 ... 2.7803777e-17 1.9911574e-17
 1.7644060e-17]"
11313-58426-0209,[ 3590.8735  3591.6995  3592.526  ... 10327.612  10329.994  10332.376 ],"[-8.7102135e-18 -7.0138878e-19  8.8552100e-18 ...  5.5953878e-17
  4.2234763e-17 -5.1888904e-17]","[1.3031835e-17 1.2552244e-17 1.2768767e-17 ... 2.8341557e-17 2.8714513e-17
 4.0297023e-17]"
11314-58436-0109,[ 3590.8735  3591.6995  3592.526  ... 10327.612  10329.994  10332.376 ],"[ 4.2354860e-17 -5.0681538e-18  7.4927724e-18 ...  6.3931175e-17
  3.5019671e-17 -2.0730981e-17]","[4.5810940e-17 4.5182557e-17 4.5219880e-17 ... 2.0000006e-17 2.0627999e-17
 1.9874182e-17]"
11314-58436-0162,[ 3590.0457  3590.8735  3591.6995 ... 10327.612  10329.994  10332.376 ],"[ 1.2568497e-16 -6.4854877e-18 -4.2649952e-17 ...  5.3354906e-17
  5.4480653e-17 -1.6184988e-17]","[5.5561034e-17 5.2318651e-17 5.0161195e-17 ... 2.0281304e-17 2.0830109e-17
 1.9832913e-17]"
11314-58436-0780,[ 3583.4395  3584.264   3585.0903 ... 10346.657  10349.043  10351.419 ],"[-3.0820733e-17 -2.5293037e-18 -1.3843925e-17 ...  4.5465049e-17
  2.1844212e-17 -1.7768108e-18]","[6.7918305e-17 4.5363253e-17 4.4928510e-17 ... 2.9456712e-17 0.0000000e+00
 3.4392370e-17]"
11314-58436-0961,[ 3583.4395  3584.264   3585.0903 ... 10346.657  10349.043  10351.419 ],"[ 9.7649585e-17  2.7088453e-17 -4.7309159e-17 ...  5.4430125e-17
  1.6137779e-17 -2.2155568e-17]","[6.2591222e-17 4.6665490e-17 4.5931821e-17 ... 3.3667445e-17 0.0000000e+00
 4.2207119e-17]"
11315-58402-0514,[ 3587.5671  3588.3923  3589.22   ... 10341.888  10344.272  10346.657 ],"[1.94596436e-16 3.48238240e-18 4.02127965e-17 ... 1.26505645e-17
 3.31476120e-17 2.18950787e-17]","[2.3882765e-15 5.1271242e-17 5.2424914e-17 ... 3.2782577e-17 2.8124293e-17
 3.9231956e-17]"
11316-58396-0160,[ 3596.666   3597.4934  3598.3208 ... 10320.482  10322.862  10325.231 ],"[-2.6828415e-17  2.2344517e-17  8.9302889e-17 ...  3.0200275e-17
  4.0981601e-18 -1.3684901e-18]","[4.3600644e-17 4.5548439e-17 4.8944009e-17 ... 1.8914757e-17 2.1725407e-17
 2.0056203e-17]"
11318-58419-0351,[ 3591.6995  3592.526   3593.3542 ... 10320.482  10322.862  10325.231 ],"[ 2.0816900e-17  3.6618111e-17 -9.6326646e-18 ...  2.9518403e-17
  3.5617567e-17  1.5370020e-17]","[4.1671245e-17 4.0015408e-17 3.6705812e-17 ... 2.5428316e-17 1.8459346e-17
 2.2213348e-17]"
11321-58425-0274,[ 3591.6995  3592.526   3593.3542 ... 10325.231  10327.612  10329.994 ],"[-2.1334915e-17 -4.6957283e-17  2.0359132e-17 ... -6.1633699e-20
  1.1875907e-17  2.9191339e-17]","[3.7932948e-17 3.6681900e-17 3.8080216e-17 ... 2.3213752e-17 2.5164188e-17
 2.4452111e-17]"
11321-58425-0918,[ 3583.4395  3584.264   3585.0903 ... 10363.348  10365.737  10368.116 ],"[-1.4097208e-16  1.7020395e-16  7.0036833e-17 ...  1.3263981e-16
  3.3614026e-17 -6.5412285e-17]","[1.4109286e-16 1.5118459e-16 8.9217008e-17 ... 5.9933054e-17 0.0000000e+00
 1.1579177e-16]"
11336-58429-0358,[ 3590.0457  3590.8735  3591.6995 ... 10327.612  10329.994  10332.376 ],"[-8.8198588e-18  5.1732319e-17  1.0635304e-16 ...  2.6579596e-17
  4.1767886e-17 -6.3019026e-17]","[3.8868942e-17 4.0557043e-17 4.2188024e-17 ... 3.2000567e-17 3.4565783e-17
 4.8184432e-17]"
11336-58429-0734,[ 3586.74    3587.5671  3588.3923 ... 10349.043  10351.419  10353.806 ],"[-8.3508722e-18 -1.6204738e-17 -2.4057901e-17 ... -3.1354391e-18
  9.8223238e-17  3.1440831e-17]","[3.5658065e-17 0.0000000e+00 3.2911055e-17 ... 4.8957717e-17 4.0383857e-17
 3.8386914e-17]"
11337-58431-0769,[ 3585.915   3586.74    3587.5671 ... 10358.569  10360.958  10363.348 ],"[ 7.4018576e-17 -2.6082942e-18  8.2227934e-17 ... -9.6569373e-17
 -3.0594023e-17  1.4718960e-16]","[1.1398251e-16 3.4921322e-17 3.5076766e-17 ... 1.0037769e-16 1.0165604e-16
 6.7286848e-17]"
11344-58438-0394,[ 3592.526   3593.3542  3594.181  ... 10325.231  10327.612  10329.994 ],"[-6.8346989e-18 -4.3171724e-17  1.1376251e-16 ... -2.5694960e-17
 -1.9186843e-18 -9.8222590e-19]","[4.0203896e-17 3.4530847e-17 3.3682295e-17 ... 1.9497817e-17 2.3826459e-17
 2.5234609e-17]"
11344-58438-0822,[ 3583.4395  3584.264   3585.0903 ... 10365.737  10368.116  10370.507 ],"[ 1.5180374e-18 -1.1525974e-17 -2.4606115e-17 ...  5.5444315e-17
 -1.0344567e-17 -7.6120621e-17]","[4.7910443e-17 0.0000000e+00 3.9091732e-17 ... 2.4535960e-17 0.0000000e+00
 3.8076282e-17]"
11345-58428-0496,[ 3593.3542  3594.181   3595.0098 ... 10322.862  10325.231  10327.612 ],"[ 2.8388627e-17 -2.6831777e-17  8.7753302e-17 ...  1.4655005e-17
 -3.5319146e-17  7.0278117e-18]","[9.2960549e-17 3.2181104e-17 3.0610636e-17 ... 2.2801650e-17 2.4484685e-17
 2.6136684e-17]"
11346-58429-0778,[ 3585.915   3586.74    3587.5671 ... 10363.348  10365.737  10368.116 ],"[ 2.3042729e-17  1.0766815e-16 -8.5008372e-17 ... -7.6157692e-18
  9.2294053e-17  1.2533486e-16]","[8.1940425e-17 4.0668636e-17 3.5026447e-17 ... 4.4348455e-17 4.1999646e-17
 4.7115390e-17]"
11349-58441-0722,[ 3583.4395  3584.264   3585.0903 ... 10363.348  10365.737  10368.116 ],"[-1.0692962e-17  7.8138632e-18  6.0603268e-17 ... -1.9085343e-17
  1.2405120e-16  1.2361730e-16]","[1.6789402e-17 1.7548789e-17 1.8334495e-17 ... 4.5242108e-17 4.0260267e-17
 3.4074514e-17]"
11351-58440-0423,[ 3591.6995  3592.526   3593.3542 ... 10325.231  10327.612  10329.994 ],"[-2.6390166e-16  1.8360744e-16 -9.4327362e-17 ...  6.8187128e-18
  7.8286846e-18 -3.4567831e-17]","[3.5810101e-17 3.5427712e-17 3.5629945e-17 ... 2.5621709e-17 2.9309067e-17
 2.8171955e-17]"
11351-58440-0771,[ 3584.264   3585.0903  3585.915  ... 10365.737  10368.116  10370.507 ],"[ 1.6392806e-17 -7.3307955e-17 -1.6302019e-16 ...  8.3832101e-17
 -1.2326599e-17 -1.0848442e-16]","[4.1851736e-17 0.0000000e+00 2.6608796e-17 ... 4.6240938e-17 0.0000000e+00
 4.6823412e-17]"
11352-58456-0442,[ 3592.526   3593.3542  3594.181  ... 10329.994  10332.376  10334.747 ],"[ 8.6869854e-18  1.7902356e-17  1.5480521e-17 ...  2.5596896e-17
  2.3374002e-17 -1.9402966e-17]","[3.6789893e-17 3.2606500e-17 2.6934655e-17 ... 2.1829918e-17 2.1792579e-17
 4.6809413e-17]"
11376-58430-0514,[ 3587.5671  3588.3923  3589.22   ... 10360.958  10363.348  10365.737 ],"[-7.3014114e-17 -3.9550996e-17 -6.0813425e-18 ... -3.8768552e-17
 -4.0347892e-17  9.1646285e-18]","[2.2065518e-17 0.0000000e+00 2.3171577e-17 ... 8.1415516e-17 5.3985132e-17
 4.0395693e-17]"
11376-58430-0755,[ 3587.5671  3588.3923  3589.22   ... 10365.737  10368.116  10370.507 ],"[ 6.41663853e-17  2.09213151e-17 -2.23273699e-17 ...  1.10977006e-16
 -7.10862276e-17 -2.53148793e-16]","[2.9556609e-17 0.0000000e+00 2.7641461e-17 ... 6.5831798e-17 0.0000000e+00
 2.2376088e-16]"
11380-58462-0040,[ 3590.0457  3590.8735  3591.6995 ... 10327.612  10329.994  10332.376 ],"[-7.3123064e-17  7.1388784e-17 -2.2216674e-16 ... -1.0094455e-18
  2.5650027e-17 -1.6061983e-17]","[7.2023086e-17 6.5864872e-17 6.8810131e-17 ... 2.4898214e-17 2.0930707e-17
 2.2393015e-17]"
11380-58462-0758,[ 3585.0903  3585.915   3586.74   ... 10341.888  10344.272  10346.657 ],"[ 1.2552979e-17 -2.0289586e-17  7.9119124e-17 ...  8.5019427e-18
  7.6622236e-18  4.0821542e-17]","[1.4990104e-17 1.4103441e-17 1.4422094e-17 ... 2.9265326e-17 2.9967026e-17
 3.2827139e-17]"
11386-58514-0022,[ 3596.666   3597.4934  3598.3208 ... 10322.862  10325.231  10327.612 ],"[ 1.69757341e-16 -1.46581401e-17  1.00235067e-16 ... -4.83350004e-18
  2.22606280e-17 -3.11449072e-18]","[3.9959951e-17 4.0847621e-17 4.0307393e-17 ... 1.8026717e-17 1.9770818e-17
 1.9374577e-17]"
11387-58512-0238,[ 3595.8367  3596.666   3597.4934 ... 10322.862  10325.231  10327.612 ],"[ 3.9005505e-16 -1.2114701e-16  2.1512604e-16 ...  5.0687269e-17
 -1.8046537e-17 -6.9982143e-18]","[7.7273042e-17 8.1264573e-17 8.2430818e-17 ... 2.7669382e-17 2.9274875e-17
 2.9041104e-17]"
11387-58512-0729,[ 3586.74    3587.5671  3588.3923 ... 10353.806  10356.193  10358.569 ],"[ 1.3324270e-16  8.8281599e-17  4.3326655e-17 ...  1.0697648e-17
  5.6314258e-18 -4.6105426e-17]","[4.3793102e-17 0.0000000e+00 3.4694579e-17 ... 2.8703386e-17 2.9208783e-17
 3.4516030e-17]"
11396-58490-0054,[ 3594.181   3595.0098  3595.8367 ... 10325.231  10327.612  10329.994 ],"[-2.3845491e-17  7.5185862e-18  4.1865110e-17 ... -1.4683809e-17
 -2.1503675e-17 -5.7597003e-17]","[3.7588374e-17 3.7021818e-17 3.7477065e-17 ... 2.5843035e-17 2.7242798e-17
 2.7632877e-17]"
11397-58522-0384,[ 3593.3542  3594.181   3595.0098 ... 10325.231  10327.612  10329.994 ],"[-2.0059446e-18 -1.6576738e-17  5.9709702e-17 ...  1.6145277e-17
  2.3987733e-17  9.2048824e-18]","[3.8922567e-17 3.9925494e-17 4.1443827e-17 ... 2.3695116e-17 2.6105415e-17
 2.5313947e-17]"
11397-58522-0534,[ 3585.915   3586.74    3587.5671 ... 10363.348  10365.737  10368.116 ],"[1.89009089e-16 1.51566818e-16 1.14116395e-16 ... 7.38527034e-18
 1.01363665e-16 2.69229124e-17]","[3.2858172e-17 0.0000000e+00 3.3757916e-17 ... 3.2844053e-17 3.7202690e-17
 4.2030602e-17]"
11397-58522-0662,[ 3585.0903  3585.915   3586.74   ... 10363.348  10365.737  10368.116 ],"[-1.6064927e-16 -7.1408964e-18  1.7418969e-16 ... -1.2699704e-17
  7.4678805e-17  8.9175811e-18]","[4.3149764e-17 4.2662853e-17 4.0401943e-17 ... 3.1016887e-17 3.3079505e-17
 3.9093366e-17]"
11397-58522-0865,[ 3585.0903  3585.915   3586.74   ... 10363.348  10365.737  10368.116 ],"[ 3.1895338e-16  7.3224973e-18 -2.5379843e-17 ... -6.1130719e-17
  7.6603324e-17  1.1955182e-16]","[6.1239073e-17 5.7492805e-17 4.9786899e-17 ... 4.2841143e-17 4.7088041e-17
 5.6877223e-17]"
11633-58463-0862,[ 3582.6133  3583.4395  3584.264  ... 10363.348  10365.737  10368.116 ],"[ 1.8702180e-17  8.4537263e-18  2.6618503e-17 ...  6.7200199e-17
 -3.6389945e-17 -1.3998379e-16]","[4.0959165e-17 2.0866157e-17 2.0668213e-17 ... 3.1540989e-17 0.0000000e+00
 2.8950895e-17]"
11649-58514-0248,[ 3598.3208  3599.1506  3599.9788 ... 10325.231  10327.612  10329.994 ],"[-7.6680834e-17  2.5095224e-17 -2.8274062e-17 ... -9.8701623e-18
  1.1845805e-17 -6.0888128e-18]","[3.9421013e-17 3.6540039e-17 3.2524014e-17 ... 2.1025767e-17 2.5350616e-17
 2.3217458e-17]"
11649-58514-0478,[ 3598.3208  3599.1506  3599.9788 ... 10325.231  10327.612  10329.994 ],"[ 2.33928107e-16 -1.05562044e-16  1.06344186e-16 ...  1.53128568e-17
 -8.14571816e-18  8.01639178e-18]","[3.7191410e-17 3.7402199e-17 3.5011468e-17 ... 2.6058383e-17 2.5658464e-17
 2.3711038e-17]"
11650-58508-0660,[ 3588.3923  3589.22    3590.0457 ... 10363.348  10365.737  10368.116 ],"[ 3.2062169e-17 -3.3829070e-17 -2.2038403e-17 ...  1.9279496e-16
 -8.8111325e-17 -3.6902073e-16]","[2.7327197e-17 2.4918920e-17 2.4310544e-17 ... 6.8833881e-17 0.0000000e+00
 1.4661023e-16]"
11651-58511-0742,[ 3587.5671  3588.3923  3589.22   ... 10358.569  10360.958  10363.348 ],"[ 1.7950759e-17 -2.0127898e-18 -2.1970205e-17 ... -8.1526041e-17
 -4.5307713e-17 -3.8387368e-18]","[4.1391665e-17 0.0000000e+00 3.8124996e-17 ... 3.8979364e-17 4.8733577e-17
 3.7176233e-17]"
11678-58511-0672,[ 3586.74    3587.5671  3588.3923 ... 10353.806  10356.193  10358.569 ],"[ 1.17076935e-17  2.16587880e-17 -3.33240827e-17 ...  5.54441256e-18
 -3.91813420e-17 -8.39113322e-17]","[1.0774024e-16 4.8197108e-17 4.5102221e-17 ... 4.9743178e-17 0.0000000e+00
 6.8790074e-17]"
11678-58511-0785,[ 3587.5671  3588.3923  3589.22   ... 10353.806  10356.193  10358.569 ],"[-2.2913656e-17 -3.3442151e-17 -4.3962783e-17 ...  2.5558678e-17
 -2.9957388e-17 -8.5478542e-17]","[4.5414780e-17 0.0000000e+00 4.6230853e-17 ... 3.9726656e-17 0.0000000e+00
 5.8734304e-17]"
11703-58526-0185,[ 3593.3542  3594.181   3595.0098 ... 10327.612  10329.994  10332.376 ],"[ 2.1250022e-17  1.3009525e-16 -1.0388223e-16 ...  6.9004068e-17
  3.3934598e-17 -1.0141083e-17]","[6.8581968e-17 7.4380584e-17 6.3929289e-17 ... 3.3744982e-17 3.1409044e-17
 3.9435531e-17]"
